rank,symbol,name,exch_name,sector,industry,country,mcap_eur_m,price,currency,overall,fund_score,ai_score,pillar_quality,pillar_growth,pillar_balance,pillar_valuation,pe_ttm,pe_fwd,ev_ebitda,ev_rev,pb,ps,earnings_yield,fwd_earnings_yield,fcf_yield,div_yield,payout,analyst_upside,n_analysts,rec_key,roe,roa,gm,om,nm,rev_growth,eps_growth,nd_ebitda,net_cash_eur_m,debt_equity,current_ratio,rev_eur_m,employees,rev_emp_keur,insider_pct,beta,w52_change,adv_eur_k,coverage,ai_base,ai_note,dup_class
1,INDU-C.ST,AB Industrivärden (publ),Stockholm,Financial Services,Asset Management,Sweden,20325.05112,519.2,SEK,84.2,91.9,69.8,95.7,98.6,80.4,88.8,3.56765,,3.586,3.58,0.99976,3.54275,0.2803,,0.17599,0.0169,0.0601,-0.07165,2.0,underperform,0.32275,0.19579,1.0,0.99879,0.99306,11.979,12.356,0.03719,-213.00143,0.02799,1.974,5737.08001,15,382472.00055,0.2718,0.937,0.43783,20929.19801,1.0,80,Asset management — research and back-office automation,False
2,INVE-B.ST,Investor AB (publ),Stockholm,Financial Services,Asset Management,Sweden,110236.97479,397.0,SEK,82.4,88.7,70.8,93.0,92.5,77.1,87.1,4.63406,25.20635,4.862,4.031,1.23499,3.70781,0.21579,0.03967,0.13649,0.0141,0.0636,-0.00806,5.0,hold,0.27254,0.15066,0.89444,0.88697,0.80067,1.17,1.589,0.38914,-9593.04023,0.11589,2.236,29731.01071,21005,1415.42541,0.00254,0.778,0.36779,98780.42978,1.0,80,Asset management — research and back-office automation,False
3,PTC,PTC Inc.,USA,Technology,Software - Application,United States,12551.09871,124.37,USD,81.3,79.3,85.1,90.4,87.0,59.3,71.2,11.94717,14.41204,11.602,5.106,3.72154,4.7919,0.0837,0.06939,0.06864,,0.0,0.42719,20.0,buy,0.344,0.1199,0.84713,0.41625,0.41575,0.217,2.689,0.71395,-822.97303,0.3578,1.234,2619.23044,7000,374.17578,0.00325,0.994,-0.37446,188782.63845,1.0,92,Software economics — AI compounds both the product and dev productivity,False
4,CRED-A.ST,Creades AB,Stockholm,Financial Services,Asset Management,Sweden,1030.57337,83.75,SEK,81.3,87.5,69.9,91.5,95.7,56.1,93.1,4.85507,,,4.526,0.88497,4.57733,0.20597,,0.12897,0.0191,0.0928,,,none,0.19881,0.12148,1.0,0.94875,0.94324,2.878,2.967,,11.51114,0.00054,0.623,225.14704,8,28143.3794,0.47891,,0.05612,1285.43854,0.83,80,Asset management — research and back-office automation,False
5,HACK.ST,Hacksaw AB,Stockholm,Communication Services,Electronic Gaming & Multimedia,Sweden,2116.65187,80.75,SEK,81.2,83.7,76.7,98.1,79.9,92.3,65.2,13.59428,,11.90062,9.99792,10.62277,10.07292,0.07356,,0.04649,0.0538,0.0,0.28893,5.0,strong_buy,1.32111,0.72048,0.96542,0.82361,0.73555,0.281,0.563,-0.98454,173.80701,0.01119,8.105,210.13299,275,764.11997,0.61132,,0.03925,4660.92184,1.0,85,Gaming — content pipelines and live-ops are AI-automatable,False
6,MSAB-B.ST,Micro Systemation AB (publ),Stockholm,Technology,Software - Application,Sweden,140.61229,84.0,SEK,79.9,75.1,88.9,85.6,92.0,67.1,55.6,22.34042,26.66667,15.159,2.89,10.86535,3.03659,0.04476,0.0375,0.05214,0.0143,0.3989,0.14286,2.0,strong_buy,0.59636,0.19253,0.93573,0.10286,0.13716,0.522,,-0.73933,6.526,0.51439,1.612,46.30597,205,225.88276,0.2339,,0.53285,132.86612,0.92,92,Software economics — AI compounds both the product and dev productivity,False
7,FISV,"Fiserv, Inc.",USA,,,,23588.72017,50.63,USD,78.7,94.1,50.0,,,,94.1,8.58136,5.66638,,,,,0.11653,0.17648,,,,0.33064,27.0,hold,,,,,,,,,,,,,,,,,,334385.01055,0.08,50,No sector data — neutral,False
8,LINC.ST,Linc AB,Stockholm,Financial Services,Asset Management,Sweden,381.80315,72.8,SEK,78.5,83.2,69.9,82.4,,92.1,79.6,13.0,,,8.853,0.991,9.61738,0.07692,,0.06214,,0.0,-0.02473,1.0,none,0.10371,0.06624,1.0,1.02032,0.95766,,,,21.21159,,37.069,39.69929,2,19849.64713,0.63364,0.688,-0.01355,219.92181,0.58,80,Asset management — research and back-office automation,False
9,GULD.ST,Guldbrev Holding AB (publ),Stockholm,Consumer Cyclical,Internet Retail,Sweden,35.58907,18.7,SEK,78.5,84.3,67.7,79.4,89.3,83.0,87.3,4.49519,,2.708,0.68,4.01978,0.82443,0.22246,,,0.1095,0.0,0.65775,1.0,strong_buy,1.24578,,0.4908,0.26704,0.18354,0.859,0.984,-0.53051,5.75258,,2.671,43.16832,9,4796.47991,0.66982,,-0.08691,154.73176,0.75,82,"E-commerce — recommendation, logistics and support automation",False
10,TEM1V.HE,Tecnotree Oyj,Helsinki,Technology,Software - Application,Finland,159.13155,6.98,EUR,78.3,70.8,92.1,80.5,30.5,89.8,76.7,15.51111,10.90625,4.591,1.733,1.09973,2.20135,0.06447,0.09169,0.06574,0.0017,0.0222,-0.18338,1.0,none,0.09852,0.10941,0.97478,0.27381,0.14943,-0.006,0.0,-0.48747,13.3,0.04127,4.836,72.288,709,101.95769,0.47514,1.344,0.45873,155.11654,1.0,92,Software economics — AI compounds both the product and dev productivity,False
11,OPTER.ST,Opter AB (publ),Stockholm,Technology,Software - Application,Sweden,39.8086,73.2,SEK,77.1,72.1,86.4,83.4,55.2,92.1,60.1,21.15607,,,3.993,11.06074,4.34567,0.04727,,0.03415,0.0443,0.841,,,none,0.54552,0.32005,0.49423,0.25416,0.20545,0.063,0.261,,3.23345,,3.982,9.16051,50,183.21023,0.67267,0.108,-0.33455,22.10041,0.75,92,Software economics — AI compounds both the product and dev productivity,False
12,WPTG-B.ST,White Pearl Technology Group AB,Stockholm,Technology,Information Technology Services,Sweden,35.83246,12.76,SEK,77.0,72.4,85.5,73.1,75.1,80.0,66.1,4.44599,,4.279,0.72,1.50649,0.71193,0.22492,,-0.02047,,0.0,1.27273,1.0,none,0.35316,0.19446,0.35003,0.16065,0.13223,0.453,0.284,0.191,-1.61759,0.26664,5.78,50.33161,950,52.98064,0.72778,0.375,0.58706,84.83081,1.0,90,IT services — delivery is labor-hours that AI directly automates,False
13,VEFAB.ST,VEF AB (publ),Stockholm,Financial Services,Asset Management,Sweden,186.47717,1.77,SEK,76.8,80.4,70.0,87.8,,43.7,90.1,6.10345,-8.42857,3.07116,2.64292,0.45677,3.02066,0.16384,-0.11864,0.28992,,0.0,0.70904,4.0,strong_buy,0.1467,0.09047,1.0,1.16864,0.79477,,,-0.1605,8.52644,,0.387,61.7339,8,7716.73705,0.05612,0.89,-0.14904,200.78692,0.75,80,Asset management — research and back-office automation,False
14,ADBE,Adobe Inc.,USA,Technology,Software - Application,United States,82395.92121,237.25,USD,76.4,73.4,82.0,93.3,55.0,47.2,75.7,13.56489,8.61823,9.843,3.8,8.21873,3.74263,0.07372,0.11603,0.09775,,0.0,0.14847,33.0,hold,0.62954,0.19926,0.89404,0.35328,0.28689,0.127,0.079,0.14914,-1267.73902,0.61443,0.751,22015.49335,31360,702.02466,0.00232,1.433,-0.35474,1329443.12616,1.0,92,Software economics — AI compounds both the product and dev productivity,False
15,MU,"Micron Technology, Inc.",USA,Technology,Semiconductors,United States,837702.09827,848.95,USD,76.0,80.2,68.2,94.1,98.4,88.0,47.9,19.19399,5.63077,13.766,10.403,13.2159,10.62098,0.0521,0.1776,0.00797,0.0006,0.0112,0.75741,42.0,strong_buy,0.66638,0.3487,0.72569,0.8037,0.55906,3.457,13.685,-0.28797,17164.71126,0.0633,3.425,78872.39329,53000,1488.15836,0.00255,2.142,6.49757,38395818.1536,1.0,78,Semis — rides the AI capex cycle and design automation,False
16,ENITY.ST,Enity Holding AB,Stockholm,Financial Services,Mortgage Finance,Sweden,318.59575,70.3,SEK,75.9,76.2,75.3,67.4,93.2,35.6,95.3,7.78516,,,5.697,0.60266,2.39735,0.12845,,,0.0199,0.0,0.45804,2.0,strong_buy,0.07836,0.01168,1.0,0.43543,0.29975,0.664,2.684,,-438.5382,1.10502,1.256,132.89477,356,373.2999,0.06263,,-0.06267,1383.24714,0.75,78,Financial Services sector default,False
17,EMB.ST,EMB Mission Bound AB (publ),Stockholm,Communication Services,Electronic Gaming & Multimedia,Sweden,13.99924,0.52,SEK,75.9,70.1,86.6,82.9,38.8,68.3,77.1,13.0,,5.573,0.956,3.04094,0.92764,0.07692,,0.06105,,0.0,,,none,0.24496,0.10287,1.0,0.13564,0.06747,0.022,,0.16805,-0.43525,0.24201,1.487,15.0912,116,130.09652,,-0.256,0.2037,3.01302,0.92,85,Gaming — content pipelines and live-ops are AI-automatable,False
18,HAV-B.ST,Havsfrun Investment AB (publ),Stockholm,Financial Services,Capital Markets,Sweden,14.63757,13.34,SEK,75.3,75.0,76.0,78.4,,92.1,62.6,19.33333,,,3.904,1.493,11.58654,0.05172,,0.03523,0.075,2.8986,,,none,0.07598,0.05233,1.0,3.12346,0.60303,,,,9.70534,,79.935,1.26333,3,421.10834,0.62011,0.803,-0.0863,5.61396,0.58,80,"Capital markets — research, ops and compliance are text-heavy",False
19,GEN,Gen Digital Inc.,USA,Technology,Software - Infrastructure,United States,14074.505,26.74,USD,75.2,72.7,79.9,89.6,88.6,13.8,71.7,17.03185,8.1357,10.032,4.793,6.1246,3.22182,0.05871,0.12292,0.08829,0.0187,0.3185,0.11096,10.0,buy,0.39877,0.08666,0.7846,0.63367,0.1946,0.27,2.652,3.28924,-6865.53458,3.16354,0.399,4368.50013,3900,1120.12824,0.09699,1.207,-0.1172,167885.87837,1.0,92,Software economics — AI compounds both the product and dev productivity,False
20,OPSYH.ST,Opsy Holding AB (publ),Stockholm,Technology,Software - Application,Sweden,11.50844,10.0,SEK,75.2,66.8,90.9,52.0,94.5,5.5,96.1,1.52207,,-16.175,11.331,-217.3913,11.34371,0.657,,,,0.0,,,none,,,0.89976,-0.63308,-1.10292,0.832,,,0.01305,,0.315,1.01452,7,144.93161,0.82874,,0.69492,7.37438,0.5,92,Software economics — AI compounds both the product and dev productivity,False
21,ADSK,"Autodesk, Inc.",USA,Technology,Software - Application,United States,40280.68529,218.35,USD,74.8,69.8,84.0,90.6,84.6,45.2,48.1,31.82945,15.31229,21.445,6.111,14.44687,6.14141,0.03142,0.06531,0.06639,,0.0,0.45774,32.0,strong_buy,0.50396,0.11325,0.92434,0.29524,0.19488,0.184,2.314,-0.0935,174.74001,0.85419,0.835,6558.86592,14300,458.66195,0.00223,1.318,-0.26023,488236.36457,1.0,92,Software economics — AI compounds both the product and dev productivity,False
22,PLTR,Palantir Technologies Inc.,USA,Technology,Software - Infrastructure,United States,277274.10204,132.38,USD,74.8,71.7,80.5,91.3,94.2,94.5,22.4,148.74158,63.20423,153.424,59.272,37.55461,60.74763,0.00672,0.01582,0.00552,,0.0,0.38332,27.0,buy,0.32587,0.14702,0.84074,0.46184,0.43673,0.847,3.25,-3.87188,6827.47299,0.02477,6.907,4564.36103,4395,1038.53493,0.03498,1.562,-0.12787,4905512.69132,1.0,92,Software economics — AI compounds both the product and dev productivity,False
23,EVO.ST,Evolution AB (publ),Stockholm,Consumer Cyclical,Gambling,Sweden,12063.05447,691.4,SEK,74.6,74.1,75.4,92.6,31.8,84.4,75.6,11.72262,9.64161,9.6263,5.87993,2.9037,5.87823,0.08531,0.10372,0.07588,0.0505,0.0,-0.01353,17.0,hold,0.26685,0.14224,1.0,0.5751,0.51774,-0.012,0.043,-0.8483,1063.33594,0.0213,2.037,2052.15706,16298,125.91466,0.40673,0.704,-0.16919,44043.95132,1.0,70,"Gaming/betting — risk, personalisation and CRM are data problems",False
24,TAALA.HE,Taaleri Oyj,Helsinki,Financial Services,Asset Management,Finland,204.78861,7.27,EUR,74.5,75.5,72.5,65.8,82.5,88.6,75.6,12.32203,11.98345,6.953,3.25,0.96637,3.36873,0.08116,0.08345,0.05373,0.0413,0.4237,0.20358,2.0,buy,0.09824,0.05943,0.59377,0.16093,0.28345,0.211,1.0,-0.58688,16.678,,3.018,60.791,130,467.62308,0.2521,0.908,0.03857,109.4862,0.92,80,Asset management — research and back-office automation,False
25,CTSH,Cognizant Technology Solutions Corporation,USA,Technology,Information Technology Services,United States,18501.6547,44.77,USD,74.2,68.2,85.4,65.0,42.1,80.7,83.0,9.7115,7.24435,5.343,0.971,1.40835,0.98927,0.10297,0.13804,0.09014,0.0295,0.2733,0.42734,25.0,buy,0.14876,0.10438,0.33514,0.15574,0.10413,0.058,0.036,-0.10923,371.32245,0.07247,2.226,18702.42196,357600,52.29984,0.00122,0.859,-0.40639,410558.88735,1.0,90,IT services — delivery is labor-hours that AI directly automates,False
26,ACN,Accenture plc,USA,Technology,Information Technology Services,Ireland,76760.25197,143.57,USD,74.1,68.3,84.9,68.9,45.4,67.8,83.1,11.46725,9.78629,6.775,1.2,2.75455,1.20186,0.0872,0.10218,0.1376,0.0454,0.5088,0.24769,25.0,buy,0.24406,0.10903,0.32013,0.16964,0.10656,0.056,0.09,-0.13773,1557.63006,0.25035,1.339,63867.9883,799000,79.9349,0.00035,1.122,-0.4917,1025632.28665,1.0,90,IT services — delivery is labor-hours that AI directly automates,False
27,CANTA.ST,Cantargia AB (publ),Stockholm,Healthcare,Biotechnology,Sweden,41.41729,1.838,SEK,74.1,83.5,56.6,74.3,,92.1,90.0,2.87188,-1.95532,1.204,0.627,1.95324,1.44052,0.3482,-0.51143,0.19709,,0.0,4.4407,2.0,none,1.05964,0.52591,1.0,-72.61811,0.50732,,,-1.56154,23.38792,,8.09,28.75156,22,1306.88932,0.14375,1.62,-0.41278,222.15417,0.75,60,"Biotech — discovery upside, binary science risk dominates",False
28,AVT-B.ST,AVTECH Sweden AB (publ),Stockholm,Industrials,Aerospace & Defense,Sweden,23.24137,4.54,SEK,73.9,75.2,71.4,86.1,52.1,92.3,69.2,15.13333,,10.022,4.012,4.11605,4.69103,0.06608,,,0.022,0.3329,0.98238,1.0,strong_buy,0.30177,0.16977,0.69287,0.27407,0.3122,0.134,0.027,-1.69537,3.3627,,10.5,4.95443,19,260.75925,0.38817,0.803,-0.58157,57.49363,0.83,72,Defence — autonomy and sensor fusion are budget priorities,False
29,CPAY,"Corpay, Inc.",USA,Technology,Software - Infrastructure,United States,20889.06414,365.79,USD,73.8,67.7,85.1,84.7,77.8,22.2,63.8,21.87739,11.95654,12.621,6.73,6.89182,4.99794,0.04571,0.08364,0.08763,,0.0,0.08025,14.0,buy,0.32124,0.06187,0.79715,0.41404,0.24597,0.254,0.491,3.10901,-6928.46592,2.71343,0.977,4179.53891,11800,354.19821,0.03907,0.881,0.10587,195450.82578,1.0,92,Software economics — AI compounds both the product and dev productivity,False
30,INTU,Intuit Inc.,USA,Technology,Software - Application,United States,69567.38659,291.09,USD,73.8,70.3,80.4,86.7,53.4,66.3,64.6,17.76022,10.6469,12.441,3.811,3.87011,3.8052,0.05631,0.09392,0.06571,0.0165,0.2831,0.62728,33.0,buy,0.22496,0.09465,0.80793,0.46974,0.21907,0.104,0.107,0.01872,-104.84356,0.33448,1.453,18282.17275,18200,1004.51499,0.02352,0.996,-0.61884,1300666.33225,1.0,92,Software economics — AI compounds both the product and dev productivity,False
31,CTM.ST,Catena Media plc,Stockholm,Communication Services,Internet Content & Information,Malta,19.61058,2.86,SEK,73.8,71.2,78.7,63.3,84.3,89.2,62.8,,0.76676,0.89415,0.37398,0.25489,0.39915,-0.27273,1.3042,0.96176,,0.0,,,none,-0.04521,0.0902,0.38552,0.99895,-0.10889,0.258,,-0.66453,13.654,,4.468,49.131,160,307.06875,0.26545,1.31,0.65509,51.99529,0.83,88,"Digital platform — data-rich, AI-native product surface",False
32,TITAN.HE,Titanium Oyj,Helsinki,Financial Services,Asset Management,Finland,63.67865,6.06,EUR,73.8,72.6,75.9,84.0,27.4,92.6,79.5,11.88235,15.94737,6.806,2.348,3.85006,3.15785,0.08416,0.06271,0.07936,0.0825,1.2662,-0.0099,1.0,none,0.314,0.20489,0.55719,0.32429,0.26401,0.003,-0.125,-2.19769,15.29147,0.04615,6.017,20.16522,75,268.8696,0.65108,0.658,0.01338,23.1795,1.0,80,Asset management — research and back-office automation,False
33,META,"Meta Platforms, Inc.",USA,Communication Services,Internet Content & Information,United States,1432734.28145,646.01,USD,73.7,72.6,75.8,90.8,81.9,73.2,45.0,23.4742,17.78223,15.053,7.655,6.72836,7.62851,0.0426,0.05624,0.01559,0.0033,0.0764,0.27349,58.0,strong_buy,0.3293,0.16395,0.81941,0.40617,0.32837,0.331,0.624,0.05113,-4883.10961,0.35608,2.348,187813.17436,77986,2408.29347,0.00103,1.246,-0.09392,10250979.28903,1.0,88,"Digital platform — data-rich, AI-native product surface",False
34,FICO,Fair Isaac Corporation,USA,Technology,Software - Application,United States,25471.43083,1257.11,USD,73.3,68.1,83.0,94.9,83.6,54.5,33.3,39.84501,23.06974,28.023,14.448,,12.92379,0.0251,0.04335,0.02506,,0.0,0.2207,20.0,buy,,0.36918,0.84165,0.58187,0.33675,0.387,0.69,2.95542,-3003.08083,,2.223,1970.89436,3758,524.453,0.02787,1.29,-0.17894,375010.70687,0.83,92,Software economics — AI compounds both the product and dev productivity,False
35,VPAB-B.ST,Veteranpoolen AB ser. B,Stockholm,Industrials,Staffing & Employment Services,Sweden,123.73984,67.9,SEK,72.9,67.4,83.2,72.8,75.8,79.7,49.3,22.55814,,17.013,1.91,17.92976,2.03487,0.04433,,0.03537,0.0471,0.7484,,,none,0.80217,0.30849,0.45072,0.04958,0.0898,0.141,0.786,-1.04355,7.12521,,2.015,60.80974,1001,60.74899,0.0,0.94,0.42647,91.17101,0.92,85,Staffing — matching and admin are directly AI-automatable,False
36,EQV1V.HE,eQ Oyj,Helsinki,Financial Services,Asset Management,Finland,397.50912,9.6,EUR,72.8,71.6,74.9,93.5,33.3,89.7,62.4,18.46154,15.73771,13.605,6.422,7.60697,6.72786,0.05417,0.06354,0.06555,0.0542,1.1346,0.04167,1.0,none,0.41473,0.18261,0.98961,0.39043,0.36267,0.012,0.0,-0.64846,18.085,0.04997,4.574,59.084,123,480.35772,0.78683,0.337,-0.25869,46.7136,1.0,80,Asset management — research and back-office automation,False
37,NOVU.ST,Novus Group International AB,Stockholm,Industrials,Consulting Services,Sweden,2.72638,2.9,SEK,72.8,67.9,81.9,74.6,58.6,71.3,64.5,,,4.065,0.452,2.81827,0.50309,-0.00345,,0.11896,,0.0,,,none,0.35972,0.09416,0.52006,0.12561,0.06949,-0.042,3.59,-1.20677,0.72738,,1.416,5.41921,39,138.95409,0.87294,-0.194,-0.21622,1.71091,0.92,84,Professional services — knowledge work with billable-hour leverage,False
38,OCTV-SDB.ST,Octave Intelligence Plc SDB,Stockholm,Technology,Software - Application,United States,,159.95,SEK,72.8,64.2,88.7,76.4,26.6,69.8,72.2,14.2431,,8.99698,2.70547,0.58145,,0.07021,,,,0.0,0.39261,2.0,none,,,0.75791,0.1675,0.14376,0.01,-0.203,-0.25554,110.21027,0.00644,0.983,1434.2616,7200,199.203,0.0,,0.01879,34598.00388,0.75,92,Software economics — AI compounds both the product and dev productivity,False
39,NVDA,NVIDIA Corporation,USA,Technology,Semiconductors,United States,4291842.42178,202.81,USD,71.9,74.4,67.2,94.5,92.8,87.6,32.2,31.05819,15.80593,29.409,19.202,25.13135,19.37844,0.0322,0.06327,0.00943,0.0049,0.0061,0.49061,58.0,strong_buy,1.14288,0.52727,0.74145,0.65596,0.62966,0.852,2.145,-0.24383,35260.78439,0.06555,3.441,221475.09609,42000,5273.21657,0.03984,2.211,0.18339,27765114.65982,1.0,78,Semis — rides the AI capex cycle and design automation,False
40,REAKTOR.HE,Reaktor Group Oyj,Helsinki,Technology,Software - Application,Finland,,7.86,EUR,71.9,65.6,83.5,55.7,90.1,49.2,68.9,15.11538,,10.123,1.369,1.06866,,0.06616,,,,0.0,,,none,,,0.27962,0.26665,0.10614,0.306,3.132,-0.08787,1.508,0.49811,0.632,126.855,690,183.84783,0.48042,,-0.03202,781.5591,0.75,92,Software economics — AI compounds both the product and dev productivity,False
41,AMP,"Ameriprise Financial, Inc.",USA,Financial Services,Asset Management,United States,41460.53875,527.87,USD,71.8,73.6,68.6,73.6,68.6,65.0,81.1,13.15728,10.58835,,2.198,7.65462,2.45672,0.076,0.09444,0.07071,0.0129,0.1595,0.04433,11.0,buy,0.66936,0.02426,0.56601,0.37188,0.20165,0.09,0.66,,4370.24742,0.56246,2.483,16876.39036,13600,1240.91106,0.00192,1.159,-0.01242,317490.1023,0.83,80,Asset management — research and back-office automation,False
42,IT,"Gartner, Inc.",USA,Technology,Information Technology Services,United States,8200.53535,140.19,USD,71.8,65.2,84.1,84.0,39.3,28.7,78.9,13.85277,9.16005,8.283,1.711,150.09636,1.44977,0.07219,0.10917,0.11338,,0.0,0.15887,13.0,hold,0.94878,0.09377,0.68987,0.20499,0.1144,-0.015,0.173,1.26273,-1475.0056,52.9341,0.939,5656.45374,19367,292.06659,0.03544,0.963,-0.60297,194783.25352,1.0,90,IT services — delivery is labor-hours that AI directly automates,False
43,LUG.ST,Lundin Gold Inc.,Stockholm,Basic Materials,Gold,Canada,11547.1677,526.8,SEK,71.8,84.9,47.6,94.7,86.3,80.3,74.9,14.3269,22.7069,9.2499,6.5909,9.69849,6.62817,0.0698,0.04404,0.0857,0.0714,0.8462,0.22393,1.0,hold,0.68451,0.46546,0.77825,0.68918,0.45737,0.592,0.794,-0.49522,614.73623,,2.257,1742.13604,,,0.58484,1.464,0.1329,6171.98069,0.92,42,Mining — commodity price dominates,False
44,UPSALE.ST,Upsales Technology AB (publ),Stockholm,Technology,Software - Application,Sweden,41.81821,27.4,SEK,71.7,64.3,85.5,79.1,50.7,64.8,56.0,20.75757,18.63946,13.218,2.406,25.1607,2.63541,0.04818,0.05365,0.04021,0.0508,1.1364,,,none,0.96555,0.16667,0.60078,0.08765,0.12751,0.155,-0.053,-1.26111,3.64223,0.12399,0.792,15.86779,61,260.12771,0.54107,0.495,-0.18452,329.96605,1.0,92,Software economics — AI compounds both the product and dev productivity,False
45,VUXEN.ST,Vuxen Group AB,Stockholm,Consumer Cyclical,Internet Retail,Sweden,26.19102,25.8,SEK,71.7,71.8,71.4,65.8,82.6,90.7,62.3,20.0,,11.202,1.053,2.65596,1.17607,0.05,,0.05115,,0.0,,,none,0.15447,0.07618,0.53643,0.07692,0.06349,0.232,,-1.30736,2.73729,0.06526,4.032,22.26998,30,742.33262,0.69383,0.557,1.28319,34.03663,0.92,82,"E-commerce — recommendation, logistics and support automation",False
46,MS,Morgan Stanley,USA,Financial Services,Capital Markets,United States,295979.86648,215.5,USD,71.5,71.0,72.4,90.9,80.7,2.4,75.5,17.42118,16.00931,,3.415,3.25637,4.35275,0.0574,0.06246,,0.0213,0.3231,0.0759,21.0,buy,,,0.87641,0.41567,0.25897,0.28,0.624,,73209.96272,5.02246,,67998.32356,82944,819.81004,0.24402,1.218,0.53414,1094794.68023,0.5,80,"Capital markets — research, ops and compliance are text-heavy",False
47,RJF,"Raymond James Financial, Inc.",USA,Financial Services,Asset Management,United States,28666.54192,168.36,USD,71.5,70.5,73.4,71.0,59.5,66.1,79.5,15.89802,11.93112,,1.493,2.60765,2.22852,0.0629,0.08381,,0.0128,0.1964,0.08498,12.0,buy,0.17289,0.02453,0.93031,0.19324,0.14583,0.131,0.153,,9562.64672,0.48477,2.295,12863.48575,19500,659.66594,0.10423,0.939,0.05634,215235.92076,0.75,80,Asset management — research and back-office automation,False
48,CRM,"Salesforce, Inc.",USA,Technology,Software - Application,United States,122196.24449,170.77,USD,71.5,65.1,83.4,76.2,71.9,27.8,66.2,19.81091,10.99952,13.228,3.983,4.08531,3.26556,0.05048,0.09091,0.11835,0.0103,0.1956,0.4356,52.0,buy,0.16908,0.05703,0.77644,0.218,0.18733,0.133,0.522,2.38162,-26832.20064,1.24282,0.786,37419.699,83334,449.0328,0.02985,1.178,-0.3489,2211966.72173,1.0,92,Software economics — AI compounds both the product and dev productivity,False
49,TROW,"T. Rowe Price Group, Inc.",USA,Financial Services,Asset Management,United States,21968.47671,117.35,USD,71.5,72.8,69.1,78.6,41.4,91.4,77.5,12.5912,11.29855,7.844,3.101,2.3397,3.39424,0.07942,0.08851,0.07478,0.0443,0.5483,-0.06192,12.0,hold,0.18689,0.10848,0.51999,0.37184,0.28278,0.053,0.037,-1.11664,2857.17377,0.0387,5.545,6472.28256,7507,862.16632,0.01768,1.497,0.12082,222778.7637,1.0,80,Asset management — research and back-office automation,False
50,GS,"The Goldman Sachs Group, Inc.",USA,Financial Services,Capital Markets,United States,274558.31692,1065.22,USD,71.4,71.7,70.8,71.1,86.7,40.7,77.9,16.44619,14.72599,,2.26,2.90686,4.6507,0.0608,0.06791,,0.0188,0.2625,0.04471,20.0,hold,0.16952,0.01072,0.82076,0.42316,0.31039,0.425,0.923,,157266.00278,6.47154,2.567,59035.9106,46200,1277.83356,0.00526,1.292,0.50881,1973194.45883,0.75,80,"Capital markets — research, ops and compliance are text-heavy",False
51,TRUE-B.ST,Truecaller AB (publ),Stockholm,Technology,Software - Application,Sweden,466.51159,15.905,SEK,71.3,64.1,84.7,80.0,6.0,91.8,70.3,21.78767,7.87376,8.305,2.366,4.36351,2.83606,0.0459,0.127,0.08308,0.0178,0.4022,1.14817,6.0,buy,0.22761,0.15569,0.74553,0.12339,0.17597,-0.265,-0.672,-1.66719,78.13137,0.05069,4.441,164.49284,463,355.27611,0.02191,1.112,-0.70897,3502.41161,1.0,92,Software economics — AI compounds both the product and dev productivity,False
52,AZA.ST,Avanza Bank Holding AB (publ),Stockholm,Financial Services,Banks - Regional,Sweden,5421.76777,379.0,SEK,71.1,69.0,75.0,77.5,72.4,49.8,66.5,21.13776,29.10906,,10.604,7.62299,11.12258,0.04731,0.03435,,0.0336,0.7119,0.09393,15.0,buy,0.39111,0.00668,0.90777,0.63493,0.53031,0.254,0.3,,252.7919,0.0435,0.424,487.45601,764,638.03143,0.17151,0.652,0.07609,12912.5588,0.75,82,"Banking — document-heavy processes, fraud/KYC, service automation",False
53,MSFT,Microsoft Corporation,USA,Technology,Software - Infrastructure,United States,2555979.91287,393.82,USD,71.0,66.8,78.8,88.3,67.0,63.5,43.4,23.46961,20.32464,16.116,9.34,7.06062,9.19169,0.04261,0.0492,0.01265,0.0092,0.2073,0.41741,55.0,strong_buy,0.34014,0.14814,0.68309,0.46326,0.39342,0.183,0.234,0.25591,-41242.13577,0.30271,1.283,278075.12409,228000,1219.62774,0.00078,1.13,-0.22789,13543950.58349,1.0,92,Software economics — AI compounds both the product and dev productivity,False
54,NTAP,"NetApp, Inc.",USA,Technology,Software - Infrastructure,United States,28052.19968,163.88,USD,71.0,65.1,82.1,87.0,62.9,49.0,49.2,25.84858,16.65732,16.59,4.514,23.77484,4.63644,0.03869,0.06003,0.04034,0.0127,0.3276,0.08158,16.0,buy,1.06734,0.09824,0.70744,0.27259,0.18426,0.125,0.234,-0.4517,743.51878,2.02295,1.436,6050.37284,11700,517.12588,0.00555,1.451,0.52503,463561.47556,1.0,92,Software economics — AI compounds both the product and dev productivity,False
55,GENI.ST,Generic Sweden AB,Stockholm,Technology,Software - Application,Sweden,42.67138,38.3,SEK,70.9,68.7,75.1,73.3,46.7,91.9,66.3,15.19841,15.50607,10.505,2.194,6.33058,2.48925,0.0658,0.06449,0.04557,0.0457,0.6349,,,none,0.4526,0.23208,0.27121,0.19776,0.16431,0.097,0.005,-1.41127,5.05384,,3.334,17.14226,21,816.29831,0.53051,0.604,-0.31362,62.51423,0.92,92,Software economics — AI compounds both the product and dev productivity,False
56,UNITED.HE,United Bankers Oyj,Helsinki,Financial Services,Asset Management,Finland,253.50312,22.8,EUR,70.9,67.8,76.7,87.3,22.6,77.3,70.4,19.32203,15.72414,,4.037,4.04399,4.4863,0.05175,0.0636,,0.0509,0.9322,-0.16667,1.0,none,0.21304,0.14032,0.9078,0.28149,0.22884,-0.02,-0.201,,20.456,0.05183,1.742,56.506,157,359.91083,0.70913,0.48,0.34911,44.4828,0.75,80,Asset management — research and back-office automation,False
57,ALL,The Allstate Corporation,USA,Financial Services,Insurance - Property & Casualty,United States,56204.67384,249.9,USD,70.8,72.7,67.4,70.6,68.0,52.4,88.4,5.52754,9.42821,4.609,1.003,2.17774,0.94361,0.18091,0.10606,0.19321,0.0173,0.0903,0.01895,22.0,buy,0.45221,0.07521,0.34428,0.18954,0.17813,0.03,3.384,0.14084,-1826.03294,0.23719,0.364,59563.62564,53000,1123.84199,0.005,0.166,0.29536,384318.12582,1.0,82,"Insurance — claims, underwriting and pricing are data workflows",False
58,BIOBV.HE,Biohit Oyj,Helsinki,Healthcare,Medical Devices,Finland,43.79211,2.88,EUR,70.8,73.9,64.9,80.4,71.8,84.5,62.4,16.0,16.94118,12.929,2.575,2.92981,2.78363,0.0625,0.05903,0.04853,,0.0,0.21528,1.0,none,0.20184,0.10805,0.68326,0.22228,0.17404,0.211,0.326,-1.04117,3.262,0.1063,2.559,15.732,46,342.0,0.49083,0.575,-0.05574,25.49952,1.0,66,Devices — embedded intelligence differentiates hardware,False
59,LIME.ST,Lime Technologies AB (publ),Stockholm,Technology,Software - Application,Sweden,261.22237,216.0,SEK,70.7,61.5,87.7,78.2,62.2,46.0,49.2,24.0267,23.73626,17.39,3.823,8.00979,3.68937,0.04162,0.04213,0.04014,0.0208,0.4733,0.40741,3.0,strong_buy,0.35224,0.10681,0.5028,0.21278,0.15325,0.122,0.226,0.60881,-9.47702,0.45871,0.547,70.80412,512,138.28929,0.1944,0.303,-0.43008,1324.21697,1.0,92,Software economics — AI compounds both the product and dev productivity,False
60,LUMEN.ST,LumenRadio AB (publ),Stockholm,Technology,Communication Equipment,Sweden,65.45949,57.4,SEK,70.7,70.3,71.5,72.3,66.1,94.5,58.6,21.49813,,12.818,2.345,2.75458,2.80577,0.04652,,0.05067,,0.0,,,none,0.13553,0.08144,0.67602,0.14444,0.13338,0.113,,-2.51782,10.74696,0.01118,5.433,23.33027,75,311.0703,0.54519,0.143,0.06296,29.23382,0.92,74,"Network equipment — AI traffic drives demand, ops automate",False
61,HOFI.ST,Hoist Finance AB (publ),Stockholm,Financial Services,Credit Services,Sweden,1384.30346,174.7,SEK,70.6,67.7,76.1,69.9,74.2,20.4,84.6,13.62715,14.64376,,5.454,2.35727,3.33175,0.07338,0.06829,,0.0187,0.1559,0.10761,2.0,buy,0.17713,0.01988,0.70637,0.34318,0.26527,0.158,0.537,,-881.64461,1.33297,0.828,415.48873,1035,401.43839,0.53397,1.111,0.96072,2028.33518,0.75,82,Credit — underwriting and collections are data decisions at scale,False
62,FIS,"Fidelity National Information Services, Inc.",USA,Technology,Information Technology Services,United States,18926.44346,41.91,USD,70.5,64.4,81.8,59.9,92.7,15.0,75.4,8.12209,6.11846,12.714,3.676,1.35618,1.89357,0.12312,0.16344,0.11295,0.0401,0.3178,0.35138,22.0,buy,0.17225,0.0407,0.36285,0.16388,0.23348,0.301,30.406,6.16415,-17815.61666,1.32328,0.588,9995.12829,44000,227.16201,0.00131,0.813,-0.47665,234688.14448,1.0,90,IT services — delivery is labor-hours that AI directly automates,False
63,ANGL.ST,Angler Gaming plc,Stockholm,Consumer Cyclical,Gambling,Malta,29.56502,4.35,SEK,70.5,74.0,64.1,84.5,59.4,86.3,65.2,4.88764,5.11765,3.83928,0.96005,1.93274,0.96328,0.2046,0.1954,-0.03992,0.0323,0.1667,0.51923,1.0,strong_buy,0.46749,0.27999,0.49853,0.35016,0.19513,0.016,0.859,-0.14294,1.097,,4.771,30.69205,68,451.35371,0.0,0.85,0.03819,55.87094,0.92,70,"Gaming/betting — risk, personalisation and CRM are data problems",False
64,APP,AppLovin Corporation,USA,Communication Services,Advertising Agencies,United States,124606.89743,424.54,USD,70.4,70.8,69.6,97.4,89.3,60.0,32.7,36.88445,19.58752,29.497,23.314,60.40694,23.13681,0.02711,0.05105,0.0223,,0.0,0.5419,30.0,strong_buy,2.66444,0.44236,0.88367,0.78151,0.6429,0.59,1.131,0.22396,-953.3544,1.62888,3.244,5385.65493,876,6148.00791,0.14319,2.483,0.15941,1902297.87031,1.0,80,"Advertising — targeting, creative and buying are AI-disrupted/enabled",False
65,LVS,Las Vegas Sands Corp.,USA,Consumer Cyclical,Resorts & Casinos,United States,26261.00112,45.36,USD,70.4,71.3,68.6,88.4,81.1,22.1,69.3,16.73801,12.38062,8.885,3.123,25.10238,2.18757,0.05974,0.08077,0.05398,0.0243,0.3875,0.46222,19.0,buy,0.90455,0.09903,0.80095,0.25439,0.13406,0.253,0.73,2.57785,-10878.4393,9.81405,0.921,12004.63857,41000,292.79606,0.51696,0.824,-0.06029,183718.8882,1.0,68,Gaming — CRM and risk automation,False
66,ALEX.HE,Alexandria Group Oyj,Helsinki,Financial Services,Asset Management,Finland,157.54306,14.25,EUR,70.4,70.8,69.6,77.6,60.9,86.3,61.7,19.25676,13.4434,11.433,2.658,4.22473,2.87839,0.05193,0.07439,0.04741,0.0491,1.0676,-0.05263,1.0,none,0.24224,0.15382,0.44271,0.26485,0.14207,0.122,0.199,-0.935,11.896,0.18175,3.419,54.733,94,582.26596,0.81451,0.862,0.46907,46.9395,1.0,80,Asset management — research and back-office automation,False
67,FTNT,"Fortinet, Inc.",USA,Technology,Software - Infrastructure,United States,103448.97457,161.61,USD,70.3,62.8,84.3,91.2,69.7,60.2,26.2,62.39769,47.17287,48.986,16.271,119.88872,16.65424,0.01603,0.0212,0.01531,,0.0,-0.26215,37.0,hold,1.32392,0.13586,0.80304,0.31282,0.27491,0.201,0.286,-1.15512,2383.19153,0.5731,1.153,6211.57025,15311,405.69331,0.17386,1.09,0.51122,871792.58572,1.0,92,Software economics — AI compounds both the product and dev productivity,False
68,SOF-B.ST,Softronic AB (publ),Stockholm,Technology,Information Technology Services,Sweden,108.53069,22.75,SEK,70.3,64.5,81.0,60.0,66.4,83.8,58.7,16.02113,,11.078,1.12,3.84745,1.25192,0.06242,,0.02501,0.0597,0.9507,,,none,0.22521,0.10803,0.16156,0.08738,0.07338,0.173,0.229,-1.22687,10.74977,0.03535,1.86,86.69112,485,178.74459,0.29842,0.634,-0.04612,49.46616,1.0,90,IT services — delivery is labor-hours that AI directly automates,False
69,TAGM-B.ST,TagMaster AB (publ),Stockholm,Technology,Communication Equipment,Sweden,46.46725,35.0,SEK,70.2,69.3,71.8,66.3,64.5,66.1,77.7,14.28571,350.0,8.666,1.189,1.85499,1.03592,0.07,0.00286,0.11216,,0.0,-0.17143,1.0,none,0.13058,0.06927,0.69871,0.06098,0.06963,0.106,,0.36263,-2.23216,0.34013,1.59,44.85593,146,307.23237,0.69316,0.924,1.25806,88.15041,0.92,74,"Network equipment — AI traffic drives demand, ops automate",False
70,WRV.ST,WebRock Ventures AB,Stockholm,Financial Services,Asset Management,Brazil,6.16585,3.22,SEK,70.2,71.1,68.4,67.2,39.5,87.1,88.7,4.29333,,3.893,2.202,0.24654,2.34493,0.23292,,0.18043,,0.0,,,none,0.0612,0.03794,0.66081,0.47917,0.56456,-0.332,0.542,-0.2527,0.37579,,3.008,2.62943,1,2629.43458,0.20572,0.662,-0.39474,2.28845,0.92,80,Asset management — research and back-office automation,False
71,GOOGL,Alphabet Inc.,USA,Communication Services,Internet Content & Information,United States,3697049.40863,346.77,USD,70.1,67.9,74.1,85.8,81.0,75.8,34.5,26.4508,23.67202,25.853,9.871,8.77588,10.0154,0.03781,0.04224,0.0066,0.0025,0.0641,0.25015,53.0,strong_buy,0.38885,0.14641,0.60368,0.36121,0.37919,0.218,0.82,-0.19195,27053.24647,0.20026,1.922,369136.52126,194668,1896.23627,0.01173,1.247,0.82415,9618733.95866,1.0,88,"Digital platform — data-rich, AI-native product surface",False
72,JKHY,"Jack Henry & Associates, Inc.",USA,Technology,Information Technology Services,United States,9415.22901,151.67,USD,70.0,64.1,81.1,76.8,51.9,76.2,51.5,21.18296,21.35863,15.225,4.33,5.05921,4.28363,0.04721,0.04682,0.03465,0.0157,0.3282,0.21504,14.0,buy,0.24892,0.13664,0.44057,0.24369,0.20637,0.087,0.125,0.16216,-101.36144,0.06398,1.744,2197.95661,7300,301.08995,0.00593,0.571,-0.14243,205251.59298,1.0,90,IT services — delivery is labor-hours that AI directly automates,False
73,TRAC-B.ST,AB Traction,Stockholm,Financial Services,Asset Management,Sweden,324.40959,242.0,SEK,70.0,68.9,71.9,64.1,,92.1,63.0,10.63736,,,12.11,0.83054,71.15592,0.09401,,0.00959,0.0344,0.3648,,,none,0.00771,0.00492,1.0,1.05188,0.65209,,,,267.85609,,925.313,4.55914,4,1139.78421,0.82795,0.514,-0.08333,30.51105,0.58,80,Asset management — research and back-office automation,False
74,CPRT,"Copart, Inc.",USA,Industrials,Specialty Business Services,United States,23237.75232,27.61,USD,69.9,66.7,75.8,77.0,35.5,94.2,61.7,17.14907,16.40591,10.948,4.629,2.91337,5.7335,0.05831,0.06095,0.0376,,0.0,0.48135,10.0,buy,0.17607,0.11336,0.47523,0.37531,0.33482,0.021,0.023,-2.09387,3587.93303,0.01059,7.613,4052.97817,13800,293.69407,0.09009,1.023,-0.40017,265400.16288,1.0,82,Business services — back-office process automation,False
75,SAGCV.HE,Saga Furs Oyj,Helsinki,Consumer Cyclical,Textile Manufacturing,Finland,51.63892,14.6,EUR,69.9,75.9,58.7,53.6,92.8,87.7,84.8,14.6,,1.411,0.209,0.57505,1.03632,0.06849,,0.20449,0.0493,0.71,,,none,0.09237,0.03207,0.54541,0.06489,0.16029,0.557,,-5.59704,41.239,0.14944,2.898,49.829,138,361.07971,0.55712,-0.042,0.81366,29.857,0.92,60,Consumer Cyclical sector default,False
76,AFL,Aflac Incorporated,USA,Financial Services,Insurance - Life,United States,55463.00054,124.72,USD,69.7,69.9,69.3,66.2,92.4,48.3,70.1,14.23744,16.50205,11.849,3.847,2.12521,3.50489,0.07024,0.0606,0.07755,0.0196,0.2686,-0.06648,14.0,hold,0.16469,0.03088,0.5005,0.29567,0.25596,0.279,38.6,1.0534,-5411.69785,0.48276,0.935,15824.45486,12716,1244.45225,0.10786,0.603,0.23339,269357.99774,1.0,82,"Insurance — claims, underwriting and pricing are data workflows",False
77,FFIV,"F5, Inc.",USA,Technology,Software - Infrastructure,United States,20165.7244,409.095,USD,69.7,62.0,83.9,81.4,49.9,79.7,38.5,33.55989,23.13632,24.248,6.791,6.36169,7.15768,0.0298,0.04322,0.03289,,0.0,0.02543,10.0,hold,0.2034,0.08152,0.81542,0.22016,0.21963,0.11,0.04,-1.30991,1033.54346,0.0712,1.611,2817.35485,6512,432.64049,0.00504,1.03,0.36312,248962.79555,1.0,92,Software economics — AI compounds both the product and dev productivity,False
78,SNDK,Sandisk Corporation,USA,Technology,Computer Hardware,United States,175294.76774,1354.82,USD,69.7,72.5,64.5,88.2,98.2,91.1,27.9,46.3028,6.37261,34.998,14.95,14.55419,15.21806,0.0216,0.15692,0.01126,,0.0,0.5826,22.0,buy,0.39297,0.22823,0.56038,0.69983,0.34185,2.51,,-0.62642,3082.41375,0.01503,4.782,11518.86113,11000,1047.16919,0.0113,,31.55996,15570668.74925,0.92,74,Hardware — AI demand pull plus design productivity,False
79,ICE,"Intercontinental Exchange, Inc.",USA,Financial Services,Financial Data & Stock Exchanges,United States,68999.42935,139.65,USD,69.6,64.2,79.5,74.5,79.9,35.3,56.0,20.32751,16.00446,14.973,9.505,2.6814,7.56817,0.04919,0.06248,0.0474,0.0149,0.2853,0.30565,15.0,strong_buy,0.13853,0.0211,1.0,0.57306,0.37671,0.204,0.797,3.03774,-17580.59185,0.70986,1.011,9117.06004,12694,718.21806,0.00808,0.948,-0.22764,518361.54726,1.0,88,Financial data — the product is information processing,False
80,ORNBV.HE,Orion Oyj,Helsinki,Healthcare,Drug Manufacturers - General,Finland,10903.03693,77.4,EUR,69.5,75.1,59.1,88.9,80.7,81.2,52.3,18.51675,16.78304,13.735,5.3,9.71386,5.2984,0.05401,0.05958,0.02464,0.0233,0.4115,-0.03962,6.0,buy,0.53653,0.26308,0.65934,0.33838,0.2853,0.252,0.695,0.00315,-2.5,0.10458,2.639,2057.79994,4000,514.44998,0.02635,0.288,0.11688,11288.5578,1.0,62,Pharma — AI aids discovery but cycles are long and regulated,False
81,VEEV,Veeva Systems Inc.,USA,Healthcare,Health Information Services,United States,27729.64115,195.38,USD,69.4,66.1,75.6,78.4,61.6,95.5,40.2,34.58053,19.47036,23.904,7.39,4.35844,9.56195,0.02892,0.05136,0.03969,,0.0,0.25188,27.0,buy,0.13934,0.07298,0.75021,0.30932,0.2837,0.163,0.146,-7.02618,6299.073,0.01411,4.738,2899.99922,7928,365.79203,0.08586,0.941,-0.3047,533306.61712,1.0,80,Health IT — records and diagnostics are data problems,False
82,V,Visa Inc.,USA,Financial Services,Credit Services,United States,595766.64186,358.56,USD,69.4,67.3,73.3,96.0,70.8,51.1,39.6,31.26068,24.1166,22.767,15.95,19.23399,15.84794,0.03199,0.04147,0.03056,0.0075,0.2197,0.11968,38.0,strong_buy,0.60349,0.19193,0.97778,0.67346,0.51679,0.171,0.355,0.33384,-8792.04296,0.67233,1.088,37592.69217,34100,1102.42499,0.00081,0.754,0.02171,2635163.08613,1.0,82,Credit — underwriting and collections are data decisions at scale,False
83,WDAY,"Workday, Inc.",USA,Technology,Software - Application,United States,31240.73317,144.78,USD,69.4,61.7,83.8,66.6,81.5,55.1,46.2,45.1028,11.45083,23.289,3.573,5.39439,3.62866,0.02217,0.08733,0.08722,,0.0,0.18214,39.0,buy,0.10858,0.04343,0.75766,0.13297,0.08595,0.135,2.48,-0.36243,478.78761,0.56936,1.009,8609.44016,20834,413.2399,0.02143,1.104,-0.38051,650688.39699,1.0,92,Software economics — AI compounds both the product and dev productivity,False
84,SVOL-B.ST,Svolder AB (publ),Stockholm,Financial Services,Asset Management,Sweden,509.08609,54.85,SEK,69.4,63.2,80.9,62.6,56.7,92.1,53.7,,,-300.491,397.8,0.98898,422.30377,-0.01313,,0.00775,0.0328,0.1051,,,none,-0.01283,-0.00189,1.0,0.90641,0.0,-0.093,9.317,,29.53922,,6.193,1.2055,6,200.91624,0.09092,1.279,-0.03177,808.59178,0.83,80,Asset management — research and back-office automation,False
85,OMASP.HE,Oma Säästöpankki Oyj,Helsinki,Financial Services,Banks - Regional,Finland,559.79936,16.86,EUR,69.4,68.7,70.8,42.5,83.8,,89.2,11.70833,12.58209,,13.614,0.88999,3.1903,0.08541,0.07948,,0.0214,0.25,0.0083,1.0,underperform,0.07947,0.00653,0.0,0.33774,0.2744,0.145,3.714,,-1829.2919,,,175.46899,591,296.90185,0.77521,0.384,0.97193,377.64714,0.58,82,"Banking — document-heavy processes, fraud/KYC, service automation",False
86,ORTIN.ST,Ortelius International AB,Stockholm,Technology,Information Technology Services,Sweden,0.93946,0.1,SEK,69.4,57.9,90.8,54.5,46.3,19.3,89.0,0.02732,,-0.209,0.14,-0.53191,0.19711,36.6,,,,0.0,,,none,,,1.0,-0.58317,-1.03988,0.045,,,-0.00897,,0.789,4.76616,44,108.32173,,,-0.98529,22.71235,0.5,90,IT services — delivery is labor-hours that AI directly automates,False
87,BKNG,Booking Holdings Inc.,USA,Consumer Cyclical,Travel Services,United States,122999.41375,181.68,USD,69.3,72.8,62.9,90.0,83.5,53.5,55.3,23.96834,14.77288,13.869,5.199,,5.08469,0.04172,0.06769,0.05026,0.0089,0.2073,0.2345,36.0,buy,,0.22259,0.86987,0.25036,0.22227,0.162,2.4,0.30372,-2753.90159,,1.057,24190.13266,24900,971.49127,0.00177,1.075,-0.19995,1233028.9213,0.83,68,"Travel — booking, pricing and service are digital workflows",False
88,CDNS,"Cadence Design Systems, Inc.",USA,Technology,Software - Application,United States,79550.05125,330.11,USD,69.3,60.1,86.3,85.4,67.2,59.7,26.1,76.94872,35.11726,45.966,16.747,13.87658,16.4688,0.013,0.02848,0.01647,,0.0,0.19593,26.0,strong_buy,0.20656,0.10389,0.86079,0.29699,0.2118,0.187,0.23,0.76317,-1343.05179,0.46992,1.471,4830.3492,15110,319.67897,0.00293,1.148,0.0436,705247.62511,1.0,92,Software economics — AI compounds both the product and dev productivity,False
89,FDS,FactSet Research Systems Inc.,USA,Financial Services,Financial Data & Stock Exchanges,United States,8019.78988,258.09,USD,69.3,61.4,84.0,79.9,38.2,37.0,67.5,17.00198,13.11987,11.201,4.284,4.54352,3.76431,0.05882,0.07622,0.06767,0.018,0.2938,-0.01415,16.0,hold,0.27032,0.11079,0.51382,0.30542,0.2321,0.064,-0.096,1.35802,-1106.459,0.77284,0.683,2130.48159,12694,167.83375,0.00426,0.715,-0.38997,211623.82686,1.0,88,Financial data — the product is information processing,False
90,GDDY,GoDaddy Inc.,USA,Technology,Software - Infrastructure,United States,10915.01962,94.35,USD,69.3,63.6,79.9,84.9,44.1,21.4,72.9,14.95246,8.75774,11.458,2.992,52.73896,2.48679,0.06688,0.11418,0.10787,,0.0,0.18636,15.0,buy,3.98215,0.09392,0.6377,0.24682,0.1732,0.061,0.06,1.9336,-2215.9654,16.21618,0.671,4389.20679,5845,750.93358,0.00955,0.888,-0.43999,209439.7828,1.0,92,Software economics — AI compounds both the product and dev productivity,False
91,NEM,Newmont Corporation,USA,Basic Materials,Gold,United States,83665.06262,89.7,USD,69.3,84.5,41.1,87.7,85.1,79.9,82.5,11.63424,8.35959,5.673,3.712,2.75576,3.8356,0.08595,0.11962,0.10239,0.0116,0.131,0.48269,21.0,buy,0.25832,0.14887,0.67356,0.61379,0.3387,0.458,0.786,-0.19873,2836.90359,0.15762,2.443,21812.79539,17500,1246.44545,0.00293,0.482,0.4985,633437.36069,1.0,42,Mining — commodity price dominates,False
92,PAYX,"Paychex, Inc.",USA,Technology,Software - Application,United States,35539.57036,114.39,USD,69.2,59.2,87.9,82.6,69.6,35.6,36.8,23.44057,17.90934,27.471,11.132,10.89014,10.25128,0.04266,0.05584,,0.0416,0.9059,-0.06835,14.0,hold,,,0.67198,0.38325,0.26633,0.125,0.434,2.16828,-3046.24268,1.23967,1.152,3466.8417,17600,196.97964,0.10367,,-0.19816,335107.95606,0.75,92,Software economics — AI compounds both the product and dev productivity,False
93,TER,"Teradyne, Inc.",USA,Technology,Semiconductor Equipment & Materials,United States,44088.78231,322.355,USD,69.2,68.4,70.6,84.7,94.2,82.6,25.1,59.91729,32.77045,43.306,13.283,16.05114,13.32567,0.01669,0.03052,0.00591,0.0016,0.0909,0.32262,17.0,buy,0.2875,0.15835,0.58702,0.37614,0.22553,0.87,3.148,-0.14051,142.58696,0.02621,2.147,3308.56047,6600,501.29704,0.00264,1.742,2.3997,1238570.35185,1.0,78,Semis — rides the AI capex cycle and design automation,False
94,EVLI.HE,Evli Oyj,Helsinki,Financial Services,Asset Management,Finland,646.23155,24.4,EUR,69.2,66.3,74.6,90.1,58.0,61.1,46.6,16.48649,13.70786,,,4.57014,4.27685,0.06066,0.07295,-0.08844,0.0504,0.8311,0.10656,1.0,buy,0.36,0.0877,0.93911,0.43529,0.27201,0.156,0.094,,,0.97787,8.661,151.1,297,508.75421,0.38188,0.449,0.2545,132.0772,0.83,80,Asset management — research and back-office automation,False
95,UHS,"Universal Health Services, Inc.",USA,Healthcare,Medical Care Facilities,United States,7994.94493,151.16,USD,69.1,66.2,74.6,68.1,56.4,43.2,82.0,6.31412,6.0091,5.359,0.805,1.22583,0.51523,0.15838,0.16641,0.07112,0.0053,0.0334,0.36396,17.0,buy,0.21369,0.08354,0.44233,0.11187,0.08563,0.096,0.177,1.8767,-4374.43153,0.67405,1.079,15517.16654,101500,152.87849,0.04828,1.075,-0.10424,137532.16951,1.0,76,"Care delivery — scheduling, triage and admin absorb most cost",False
96,NTEK-B.ST,Novotek AB,Stockholm,Technology,Information Technology Services,Sweden,49.47978,51.5,SEK,69.1,60.6,85.0,64.0,23.0,79.7,72.0,15.60606,,7.657,0.817,2.29174,1.0819,0.06408,,0.05242,0.035,0.5455,,,none,0.15369,0.05106,0.62076,0.0665,0.06845,0.014,-0.459,-2.57705,12.58068,0.00452,1.252,45.73394,199,229.81881,0.50657,0.591,-0.50952,33.67892,1.0,90,IT services — delivery is labor-hours that AI directly automates,False
97,ADMCM.HE,Admicom Oyj,Helsinki,Technology,Software - Application,Finland,128.4159,26.25,EUR,69.1,59.1,87.6,67.2,17.6,79.8,67.0,29.49438,12.47031,7.806,3.178,4.18327,3.37052,0.0339,0.08019,0.08118,0.0122,0.3596,0.65968,3.0,strong_buy,0.1424,0.17966,0.477,0.07523,0.11685,0.002,-0.854,-0.47366,7.346,0.00437,1.513,38.09978,287,132.75186,0.05136,0.638,-0.48123,378.34125,1.0,92,Software economics — AI compounds both the product and dev productivity,False
98,SYF,Synchrony Financial,USA,Financial Services,Credit Services,United States,21635.93905,73.62,USD,69.0,69.4,68.2,56.7,52.5,,95.6,7.62112,6.99303,,2.214,1.62635,2.50339,0.13121,0.143,,0.0163,0.1242,0.22013,23.0,buy,0.2178,0.02957,0.0,0.48032,0.36393,0.061,0.201,,3609.25419,,,8642.64043,20000,432.13202,0.00342,1.308,0.0602,247567.00232,0.58,82,Credit — underwriting and collections are data decisions at scale,False
99,WDC,Western Digital Corporation,USA,Technology,Computer Hardware,United States,143714.23219,477.22,USD,69.0,68.3,70.4,83.2,93.2,72.7,32.2,28.57605,25.73021,41.491,13.839,22.81712,13.96699,0.03499,0.03886,0.01261,0.0013,0.0269,0.32818,24.0,strong_buy,0.85921,0.14648,0.45428,0.37009,0.55286,0.455,4.829,-0.38518,1321.90808,0.1781,1.49,10289.56559,40000,257.23914,0.00543,2.166,5.94239,3540556.13801,1.0,74,Hardware — AI demand pull plus design productivity,False
100,ENEA.ST,Enea AB (publ),Stockholm,Technology,Software - Infrastructure,Sweden,99.94968,58.7,SEK,69.0,58.0,89.4,63.6,36.0,68.7,60.9,10.57658,11.28846,5.308,1.454,0.64562,1.19836,0.09455,0.08859,-0.06393,,0.0,0.48552,2.0,strong_buy,0.06413,0.05126,0.78036,0.10477,0.11727,0.011,,0.92994,-21.24576,0.19154,1.742,83.4051,476,175.2208,0.41597,,-0.23766,244.75381,0.92,92,Software economics — AI compounds both the product and dev productivity,False
101,G5EN.ST,G5 Entertainment AB (publ),Stockholm,Communication Services,Electronic Gaming & Multimedia,Sweden,44.65077,64.8,SEK,69.0,60.1,85.4,58.2,14.8,96.1,74.6,17.95014,4.87218,7.81899,0.5046,1.03789,0.5308,0.05571,0.20525,0.09021,0.0309,2.278,0.54321,2.0,none,0.05475,0.05915,0.71312,0.0403,0.02935,-0.109,-0.297,-4.33037,23.50777,0.00216,3.367,84.12041,842,99.90548,0.29624,0.769,-0.41304,153.57769,1.0,85,Gaming — content pipelines and live-ops are AI-automatable,False
102,SSH1V.HE,SSH Communications Security Oyj,Helsinki,Technology,Software - Infrastructure,Finland,111.11127,2.035,EUR,69.0,57.3,90.8,55.3,27.5,91.0,62.5,,,-113.493,5.046,11.97059,5.1653,-0.02457,0.0,,,0.0,0.15479,2.0,none,,,0.99608,-0.26415,-0.10128,-0.019,,,19.81987,0.05048,,21.5111,135,159.34148,0.52443,0.153,-0.01214,86.99014,0.5,92,Software economics — AI compounds both the product and dev productivity,False
103,HIG,"The Hartford Insurance Group, Inc.",USA,Financial Services,Insurance - Diversified,United States,33593.40442,140.26,USD,68.9,69.7,67.5,61.7,59.8,72.8,84.1,9.87051,10.13844,7.021,1.346,2.07802,1.33547,0.10131,0.09863,0.14573,0.0171,0.1576,0.06196,20.0,buy,0.22735,0.03884,0.38172,0.15296,0.14109,0.061,0.414,-0.0038,18.34742,0.23151,1.792,25154.69659,19200,1310.14045,0.00353,0.468,0.15564,212072.86461,1.0,82,"Insurance — claims, underwriting and pricing are data workflows",False
104,AVARDA.ST,Avarda Bank AB (publ),Stockholm,Financial Services,Banks - Regional,Sweden,1072.34432,183.0,SEK,68.9,68.8,69.1,56.5,73.0,,80.4,15.66781,,,3.038,3.7996,5.58679,0.06383,,,0.0273,0.4284,0.21038,2.0,strong_buy,0.24688,0.02645,0.0,0.45196,0.36799,0.245,0.326,,489.19654,,,191.94274,511,375.6218,0.70032,0.515,0.34896,885.92394,0.58,82,"Banking — document-heavy processes, fraud/KYC, service automation",False
105,CBOE,"Cboe Global Markets, Inc.",USA,Financial Services,Financial Data & Stock Exchanges,United States,24999.52165,273.41,USD,68.7,66.2,73.2,81.2,63.3,68.1,49.8,23.36838,18.20219,15.728,5.856,5.32589,5.97107,0.04279,0.05494,0.03506,0.0105,0.2383,0.12991,14.0,hold,0.2514,0.10593,0.54107,0.39723,0.25774,0.065,0.544,-0.30916,481.93282,0.29489,1.385,4186.77052,1661,2520.63246,0.00254,0.443,0.15724,343905.23998,1.0,88,Financial data — the product is information processing,False
106,BETS-B.ST,Betsson AB (publ),Stockholm,Consumer Cyclical,Gambling,Sweden,1111.11134,90.6,SEK,68.7,69.1,67.9,81.0,17.3,78.4,85.0,8.50704,58.45161,4.44874,0.92352,1.2482,0.93481,0.11755,0.01711,0.10395,0.0799,0.5946,0.04857,3.0,hold,0.17724,0.10556,0.81702,0.19278,0.1294,-0.029,-0.471,-0.60588,149.5,0.2139,2.183,1188.60006,2928,405.94264,0.16261,0.221,-0.44587,3583.11625,1.0,70,"Gaming/betting — risk, personalisation and CRM are data problems",False
107,STORY-B.ST,Storytel AB (publ),Stockholm,Communication Services,Publishing,Sweden,622.22516,88.8,SEK,68.7,70.1,66.1,69.8,68.1,68.1,72.7,12.54237,-20.9434,8.843,1.699,3.83403,1.69548,0.07973,-0.04775,0.05241,0.0169,0.0,0.25282,4.0,buy,0.32101,0.09028,0.45722,0.08978,0.13575,0.028,4.3,-0.12622,8.90075,0.30538,1.484,366.99093,510,719.59005,0.30078,1.495,-0.04207,1742.25324,1.0,76,Publishing — content production economics shift with AI,False
108,SAFE.ST,Safe at Sea AB (publ),Stockholm,Industrials,Security & Protection Services,Sweden,2.99129,1.195,SEK,68.7,69.2,67.9,69.9,39.6,84.9,80.3,13.27778,,4.24,0.68,2.17273,1.66283,0.07531,,,,0.0,,,none,0.17825,0.08063,0.56039,0.11128,0.12531,-0.183,0.437,-1.22229,0.35286,,2.519,1.79891,5,359.78206,,0.476,0.3352,2.88374,0.83,72,"Security services — monitoring scales with AI, guarding less so",False
109,SBOK-B.ST,ScandBook Holding AB,Stockholm,Industrials,Specialty Business Services,Sweden,29.83599,48.8,SEK,68.6,62.7,79.6,60.5,53.8,71.4,66.9,8.28523,,4.35,0.509,0.76119,0.62714,0.1207,,-0.00018,0.0564,0.382,,,none,0.13987,0.05988,0.50565,0.05647,0.07574,0.305,-0.129,0.69549,-3.86901,0.31598,2.409,47.57498,293,162.37195,0.52051,0.431,0.19902,16.11806,1.0,82,Business services — back-office process automation,False
110,DETEC.HE,Detection Technology Oyj,Helsinki,Technology,Scientific & Technical Instruments,Finland,117.24504,8.0,EUR,68.6,69.3,67.2,52.8,80.9,88.9,71.1,15.38462,11.08033,9.005,0.907,1.5186,1.12694,0.065,0.09025,,0.0375,0.5769,0.34688,4.0,buy,0.09691,,0.44926,0.0819,0.07405,0.136,1.818,-2.20907,23.145,,2.995,104.03798,497,209.33196,0.05812,0.788,-0.28571,127.696,0.75,68,Instruments — measurement + software attach,False
111,SEYE.ST,Smart Eye AB (publ),Stockholm,Technology,Software - Application,Sweden,299.68986,84.35,SEK,68.5,56.5,90.8,37.7,90.1,69.1,49.7,,-56.99324,-224.329,8.036,2.38965,7.51335,-0.04351,-0.01755,-0.02133,,0.0,0.35151,2.0,none,-0.09892,-0.03828,0.87744,-0.12623,-0.31921,0.404,,,-24.83633,0.27392,1.817,39.88764,277,143.99871,0.21263,1.384,0.28191,2059.99721,0.83,92,Software economics — AI compounds both the product and dev productivity,False
112,PACT.ST,Proact IT Group AB (publ),Stockholm,Technology,Information Technology Services,Sweden,286.60384,125.2,SEK,68.5,64.4,76.1,52.3,76.0,52.3,76.9,16.6711,14.14689,8.193,0.682,2.89032,0.65625,0.05998,0.07069,0.11437,0.0208,0.3462,,,strong_buy,0.17297,0.04417,0.23999,0.06926,0.03959,0.097,1.758,0.31155,-11.32986,0.54845,1.012,436.73103,999,437.1682,0.17104,0.91,0.28147,747.77584,1.0,90,IT services — delivery is labor-hours that AI directly automates,False
113,MSCI,MSCI Inc.,USA,Financial Services,Financial Data & Stock Exchanges,United States,39946.3726,628.66,USD,68.4,61.7,80.8,93.5,72.0,26.5,35.2,35.8415,27.42918,27.36,16.039,,14.11375,0.0279,0.03646,0.02638,0.013,0.4255,0.11891,17.0,strong_buy,,0.20547,0.82856,0.53702,0.40738,0.141,0.491,3.26019,-5409.16423,,0.864,2830.31547,6319,447.9056,0.03587,1.241,0.0877,368500.35484,0.83,88,Financial data — the product is information processing,False
114,ALMA.HE,Alma Media Oyj,Helsinki,Communication Services,Publishing,Finland,1103.26246,13.4,EUR,68.4,65.3,74.2,77.0,59.4,45.5,65.4,18.61111,14.834,12.037,3.637,4.24319,3.33312,0.05373,0.06741,0.07231,0.0358,0.6389,0.11194,3.0,none,0.23869,0.0938,0.5145,0.24428,0.18127,0.049,0.462,0.986,-98.6,0.60099,0.882,331.0,1650,200.60606,0.75633,0.883,-0.01107,388.3722,1.0,76,Publishing — content production economics shift with AI,False
115,BRK-B,Berkshire Hathaway Inc.,USA,Financial Services,Insurance - Diversified,United States,925092.03224,490.91,USD,68.3,68.8,67.5,54.9,65.8,85.4,78.6,14.61912,22.81854,-2.25,-0.707,0.00097,2.82056,0.0684,0.04382,0.05783,,0.0,0.05994,3.0,buy,0.10499,0.05394,0.2778,0.14352,0.19305,0.044,1.196,-2.27532,234585.84505,0.17669,2.876,327981.75526,387800,845.74976,0.00261,0.607,0.03478,2176307.90306,1.0,82,"Insurance — claims, underwriting and pricing are data workflows",False
116,JPM,JPMorgan Chase & Co.,USA,Financial Services,Banks - Diversified,United States,792194.34615,341.1,USD,68.3,68.9,67.2,51.8,78.9,,82.3,14.62066,13.89491,,2.381,2.56453,4.86621,0.0684,0.07197,,0.0176,0.2571,0.07761,21.0,buy,0.17789,0.0136,0.0,0.50394,0.34921,0.304,0.469,,423039.50208,,,162794.78414,320560,507.84497,0.00383,0.982,0.17229,2781657.03273,0.58,82,"Banking — document-heavy processes, fraud/KYC, service automation",False
117,ROP,"Roper Technologies, Inc.",USA,Technology,Software - Application,United States,32018.60119,363.14,USD,68.3,59.8,84.1,68.4,70.4,31.1,57.1,22.68207,15.20845,14.627,5.758,1.97606,4.51597,0.04409,0.06575,0.05921,0.01,0.2114,0.22797,16.0,buy,0.09012,0.04319,0.69404,0.27185,0.21123,0.113,0.592,3.15557,-8807.85733,0.55606,0.534,7090.07554,19400,365.46781,0.00386,0.752,-0.34203,364502.19183,1.0,92,Software economics — AI compounds both the product and dev productivity,False
118,ADP,"Automatic Data Processing, Inc.",USA,Technology,Software - Application,United States,89150.74958,255.265,USD,68.2,59.9,83.7,77.3,48.5,50.3,52.1,23.81203,20.92957,16.279,4.778,16.10403,4.7239,0.042,0.04778,0.04655,0.0266,0.6045,-0.00966,15.0,hold,0.71208,0.05949,0.48497,0.30184,0.20118,0.07,0.105,0.18448,-1021.87955,0.69259,1.043,18872.26947,67000,281.67566,0.00144,0.841,-0.15165,635873.81972,1.0,92,Software economics — AI compounds both the product and dev productivity,False
119,VIT-B.ST,Vitec Software Group AB (publ),Stockholm,Technology,Software - Application,Sweden,800.71232,223.2,SEK,68.2,58.5,86.1,62.4,61.1,31.1,65.9,19.07692,17.32919,10.748,3.163,1.75302,2.30848,0.05242,0.05771,0.06183,0.0165,0.3094,0.88044,7.0,strong_buy,0.09445,0.0442,0.48093,0.23591,0.12127,0.169,0.13,2.849,-290.77948,0.74709,0.768,346.8565,1870,185.48476,0.09705,0.841,-0.42533,2699.12661,1.0,92,Software economics — AI compounds both the product and dev productivity,False
120,GREEN.ST,Green Landscaping Group AB (publ),Stockholm,Industrials,Specialty Business Services,Sweden,127.16689,24.85,SEK,68.2,62.1,79.5,49.7,71.5,34.6,84.2,10.44118,4.77885,6.258,0.554,0.80726,0.21939,0.09577,0.20926,0.13427,,0.0,0.40845,2.0,strong_buy,0.07598,0.03574,0.56888,0.00216,0.01986,0.136,,3.58834,-184.08762,1.50601,1.625,579.63577,3000,193.21192,0.47797,0.469,-0.58235,292.19633,0.92,82,Business services — back-office process automation,False
121,HULT-B.ST,Hultstrom Group AB (publ),Stockholm,Industrials,Engineering & Construction,Sweden,21.23033,3.85,SEK,68.2,67.5,69.5,72.9,31.9,80.9,78.2,16.04167,,7.803,0.712,2.5,0.7422,0.06234,,0.12932,0.0286,0.0,,,none,0.16118,0.11328,0.69194,0.08161,0.04591,0.006,-0.021,-0.33347,0.87013,0.11313,2.234,28.60473,177,161.60866,0.29004,0.235,0.11272,24.98622,1.0,66,"Engineering — design, tendering and site planning automate",False
122,ACGL,Arch Capital Group Ltd.,USA,Financial Services,Insurance - Diversified,Bermuda,30938.27427,101.35,USD,68.1,68.8,66.9,67.0,54.0,58.6,86.0,7.79615,10.30934,5.97,1.78,1.52511,1.7905,0.12827,0.097,0.149,,0.0,0.0882,19.0,buy,0.21306,0.04568,0.39369,0.25282,0.24635,-0.033,0.946,-0.15126,779.34042,0.11282,0.566,17279.1649,8000,2159.89561,0.0262,0.292,0.15762,201504.47636,1.0,82,"Insurance — claims, underwriting and pricing are data workflows",False
123,RMD,ResMed Inc.,USA,Healthcare,Medical Instruments & Supplies,United States,25219.15032,198.99,USD,68.1,71.1,62.4,84.2,53.8,86.5,59.5,19.18901,16.58388,13.233,5.065,4.44581,5.21233,0.05211,0.0603,0.05012,0.0121,0.2247,0.25333,15.0,buy,0.25246,0.14715,0.62181,0.35327,0.2744,0.108,0.105,-0.38563,714.11347,0.12988,3.008,4838.36633,10600,456.44965,0.00501,0.775,-0.23779,270056.26374,1.0,66,Instruments — software layer increasingly the differentiator,False
124,SPGI,S&P Global Inc.,USA,Financial Services,Financial Data & Stock Exchanges,United States,116594.07881,450.84,USD,68.1,60.4,82.4,78.5,63.2,44.3,45.6,28.4981,22.22232,19.125,9.572,4.28091,8.4837,0.03509,0.045,0.03971,0.0086,0.2435,0.14798,18.0,strong_buy,0.1394,0.06919,0.7047,0.44282,0.30362,0.104,0.325,1.53563,-10563.03353,0.38392,0.677,13743.30129,44500,308.83823,0.00276,1.079,-0.0873,895648.9386,1.0,88,Financial data — the product is information processing,False
125,OGUN-B.ST,Ogunsen AB (publ),Stockholm,Industrials,Staffing & Employment Services,Sweden,24.47553,25.1,SEK,68.1,62.2,79.0,55.6,51.8,73.3,71.3,16.84564,7.40413,11.284,0.564,3.91943,0.61243,0.05936,0.13506,0.10745,0.0598,1.2752,,,none,0.22554,0.08353,0.13419,0.05314,0.03637,-0.018,0.621,-0.97123,1.93967,0.30624,1.671,39.96468,416,96.06895,0.22045,0.354,0.02449,21.70612,1.0,85,Staffing — matching and admin are directly AI-automatable,False
126,TRAN-B.ST,Transferator AB (publ),Stockholm,Financial Services,Asset Management,Sweden,12.68779,1.455,SEK,68.1,68.9,66.7,48.0,93.4,31.8,95.5,7.65789,,,,2.08752,2.20791,0.13058,,,,0.0,,,none,0.3254,0.02422,0.10569,0.06493,0.29596,0.605,,,,,1.026,5.74651,12,478.87554,,0.702,-0.18028,1.27198,0.58,80,Asset management — research and back-office automation,False
127,MA,Mastercard Incorporated,USA,Financial Services,Credit Services,United States,419652.24296,543.6,USD,68.0,64.4,74.8,97.6,64.5,35.2,40.2,31.44014,23.85014,22.971,14.469,71.7529,14.15234,0.03181,0.04193,0.03362,0.0064,0.1823,0.1844,38.0,strong_buy,2.32076,0.25032,1.0,0.60836,0.45876,0.158,0.212,0.50246,-9384.41125,2.82059,0.981,29652.50455,39800,745.0378,0.00114,0.729,-0.01992,1798999.85858,1.0,82,Credit — underwriting and collections are data decisions at scale,False
128,BETCO.ST,Better Collective A/S,Stockholm,Technology,Software - Application,Denmark,622.84358,119.8,SEK,68.0,59.3,84.3,52.2,65.2,50.9,67.8,23.96,126.10527,6.83299,2.02623,1.03602,1.82973,0.04174,0.00793,0.06114,,0.0,0.41514,5.0,none,0.04157,0.03624,0.40361,0.17132,0.08012,0.045,1.0,2.97247,-300.053,0.50071,1.745,340.40198,1582,215.17192,0.50112,0.511,-0.14733,881.31173,1.0,92,Software economics — AI compounds both the product and dev productivity,False
129,BOTX.ST,Botnia Gold AB (publ),Stockholm,Basic Materials,Gold,Sweden,42.90287,11.6,SEK,68.0,81.3,43.2,86.1,99.2,81.1,64.0,5.77114,,3.248,1.308,2.02091,1.34256,0.17328,,-0.06243,,0.0,,,none,0.42685,0.24118,0.62161,0.25628,0.23371,9.394,,-0.0851,1.09546,0.02579,1.985,31.95601,55,581.01844,0.34867,0.404,0.0087,36.44297,0.92,42,Mining — commodity price dominates,False
130,QPR1V.HE,QPR Software Oyj,Helsinki,Technology,Software - Application,Finland,10.89146,0.554,EUR,68.0,59.4,84.1,53.3,85.6,40.6,58.6,,-55.4,-49.014,1.842,9.23333,1.80113,-0.09025,-0.01805,,,0.0,-0.00722,1.0,none,,,0.34778,0.17103,-0.07673,0.282,,,-0.247,0.73559,,6.047,31,195.06452,0.42103,0.955,-0.30923,4.95276,0.5,92,Software economics — AI compounds both the product and dev productivity,False
131,CME,CME Group Inc.,USA,Financial Services,Financial Data & Stock Exchanges,United States,77359.27212,245.05,USD,67.9,62.9,77.2,75.2,63.5,62.7,48.1,20.92656,19.07301,18.784,13.349,3.33071,13.1298,0.04779,0.05243,0.03422,0.0212,0.9556,0.14861,15.0,buy,0.15919,0.0155,1.0,0.69806,0.63324,0.144,0.213,0.25598,-1071.8553,0.14059,1.018,5891.8836,3875,1520.48609,0.00422,0.276,-0.10891,708073.00879,1.0,88,Financial data — the product is information processing,False
132,SLEEP.ST,Sleep Cycle AB (publ),Stockholm,Technology,Software - Application,Sweden,45.48892,24.75,SEK,67.9,61.0,80.6,78.7,7.7,76.7,68.0,11.19909,12.5,7.02,1.669,6.48925,2.13078,0.08929,0.08,0.02343,0.0214,0.8371,0.23232,2.0,none,0.52668,0.14898,0.57268,0.11605,0.19072,-0.19,-0.603,-1.94021,9.84964,0.08531,1.365,21.34845,40,533.7113,0.66411,0.072,-0.18985,165.11007,1.0,92,Software economics — AI compounds both the product and dev productivity,False
133,FSECURE.HE,F-Secure Oyj,Helsinki,Technology,Software - Infrastructure,Finland,327.06323,1.872,EUR,67.9,57.2,87.9,84.4,19.9,17.0,70.5,17.01818,11.17612,11.463,3.512,6.11765,2.25595,0.05876,0.08948,0.10359,0.019,0.3333,0.10844,4.0,buy,0.38163,0.07873,0.8417,0.20687,0.13697,-0.021,-0.333,3.20309,-142.278,2.91837,0.691,144.978,580,249.96207,0.35584,0.797,0.12365,348.36422,1.0,92,Software economics — AI compounds both the product and dev productivity,False
134,EQT,EQT Corporation,USA,Energy,Oil & Gas E&P,United States,27083.55785,49.56,USD,67.8,79.9,45.2,81.8,93.5,52.7,82.2,9.40418,11.85637,5.261,4.307,1.23409,3.31037,0.10634,0.08434,0.08075,0.0133,0.1224,0.35916,25.0,buy,0.13402,0.07727,0.80966,0.57368,0.35074,0.499,4.9,0.73912,-4950.24729,0.20816,0.658,8181.43775,1523,5371.92236,0.00777,0.55,-0.07434,319122.62687,1.0,48,Oil & gas — commodity price dominates; ops optimisation real but capped,False
135,NDAQ,"Nasdaq, Inc.",USA,Financial Services,Financial Data & Stock Exchanges,United States,45280.51697,91.64,USD,67.8,60.7,81.0,82.8,67.8,34.7,43.3,27.60241,20.20238,18.911,11.223,4.30093,9.56379,0.03623,0.0495,0.03009,0.0122,0.3253,0.16252,15.0,buy,0.162,0.05555,1.0,0.48401,0.35283,0.137,0.338,2.79415,-7851.06815,0.79058,0.996,4734.58027,9613,492.51849,0.10882,0.997,0.02689,319743.3734,1.0,88,Financial data — the product is information processing,False
136,QCOM,QUALCOMM Incorporated,USA,Technology,Semiconductors,United States,158188.72842,171.78,USD,67.8,67.4,68.4,80.8,56.7,66.8,59.3,18.49085,15.54278,14.349,4.193,6.669,4.06996,0.05408,0.06434,0.05296,0.0214,0.3828,0.29662,30.0,hold,0.36083,0.12692,0.54799,0.22059,0.22308,-0.035,1.73,0.42088,-4780.01245,0.55979,2.366,38867.41989,52000,747.45038,0.00119,1.638,0.08058,3531867.76605,1.0,78,Semis — rides the AI capex cycle and design automation,False
137,SILEX.ST,Silex Microsystems AB (publ),Stockholm,Technology,Semiconductor Equipment & Materials,Sweden,2253.00211,212.5,SEK,67.8,62.8,77.0,89.2,68.9,75.7,21.5,60.1983,,40.49,14.538,13.57567,17.43121,0.01661,,,,0.0,-0.28627,3.0,underperform,,,0.86185,0.35372,0.21809,0.122,,0.0293,-1.35958,0.2287,2.204,129.25108,484,267.04768,0.29507,,-0.05786,11025.49858,0.67,78,Semis — rides the AI capex cycle and design automation,False
138,LEA.ST,Lea Bank AB (publ),Stockholm,Financial Services,Banks - Regional,Sweden,110.43429,12.62,SEK,67.8,68.4,66.7,44.8,75.3,,91.3,10.60504,,,2.648,0.91549,3.20865,0.09429,,,0.0571,1.5126,0.08086,1.0,none,0.08667,0.01237,0.0,0.40463,0.30767,0.187,0.5,,19.28388,,,34.41768,60,573.62795,0.57227,,0.04298,45.03732,0.58,82,"Banking — document-heavy processes, fraud/KYC, service automation",False
139,NXPI,NXP Semiconductors N.V.,USA,Technology,Semiconductors,Netherlands,58792.24934,266.53,USD,67.7,65.0,72.7,78.5,77.7,51.0,47.8,25.50526,14.93649,18.182,5.997,6.16197,5.33421,0.03921,0.06695,0.04053,0.0152,0.3878,0.16555,29.0,buy,0.25813,0.08144,0.55632,0.27664,0.21031,0.122,1.307,1.92646,-7003.57963,1.03991,2.241,11021.72588,32169,342.61947,0.00139,1.805,0.16761,976503.27195,1.0,78,Semis — rides the AI capex cycle and design automation,False
140,NOBA.ST,NOBA Bank Group AB,Stockholm,Financial Services,Banks - Diversified,Sweden,3725.25866,82.2,SEK,67.7,69.3,64.8,53.3,66.6,,89.8,11.44847,,,8.815,1.48493,5.26114,0.08735,,,0.0195,0.0,0.38929,10.0,buy,0.14889,0.02302,0.0,0.65582,0.48566,0.185,0.221,,-2516.58917,,,708.07109,735,963.36202,0.0126,,-0.0966,2871.1092,0.58,82,"Banking — document-heavy processes, fraud/KYC, service automation",False
141,GPN,Global Payments Inc.,USA,Industrials,Specialty Business Services,United States,18598.58849,77.82,USD,67.6,62.1,77.8,54.0,93.7,23.8,69.6,28.61029,4.82072,10.177,4.505,0.89423,2.4039,0.03495,0.20744,0.33468,0.0129,0.3676,0.19221,27.0,buy,0.02935,0.02367,0.67403,0.12515,-0.07967,0.631,,4.52166,-15487.15084,0.95593,0.792,7736.82492,26000,297.57019,0.00907,0.769,-0.04104,251210.64863,0.92,82,Business services — back-office process automation,False
142,WTW,Willis Towers Watson Public Limited Company,USA,Financial Services,Insurance Brokers,United Kingdom,24213.60877,293.43,USD,67.6,62.1,77.9,67.0,60.8,42.3,67.2,17.2403,13.23712,11.88,3.319,3.46795,2.80023,0.058,0.07555,0.07405,0.0131,0.2184,0.15763,19.0,buy,0.20611,0.05089,0.42407,0.20522,0.16843,0.085,0.33,1.82676,-4413.05866,0.85693,1.187,8647.0091,47000,183.97892,0.00263,0.441,-0.03069,193202.33106,1.0,82,"Insurance — claims, underwriting and pricing are data workflows",False
143,TOUCH.ST,Touchtech AB,Stockholm,Technology,Software - Application,Sweden,5.22476,5.2,SEK,67.6,58.8,83.9,39.7,66.4,92.1,59.4,,,-699.411,2.043,1.05072,2.50516,-0.01154,,0.02994,,0.0,,,none,-0.01217,-0.00802,0.77798,-0.05021,-0.02905,0.114,,,0.96476,,5.874,2.0856,5,417.1203,0.54172,0.305,-0.10035,4.91495,0.75,92,Software economics — AI compounds both the product and dev productivity,False
144,TEL,TE Connectivity plc,USA,Technology,Electronic Components,Ireland,51850.02006,203.31,USD,67.5,68.0,66.5,70.1,86.4,63.9,55.3,20.74592,16.10542,13.579,3.436,4.48808,3.17423,0.0482,0.06209,0.03913,0.0147,0.2901,0.26605,20.0,buy,0.2272,0.0955,0.36072,0.20341,0.15543,0.145,71.5,1.00423,-4150.94899,0.43798,1.888,16334.69523,90000,181.49661,0.00159,1.169,0.13258,487109.44448,1.0,68,Components — factory automation and quality inspection,False
145,SAFETY-B.ST,mySafety Group AB,Stockholm,Technology,Information Technology Services,Sweden,38.51043,18.9,SEK,67.5,61.0,79.5,51.0,56.7,54.0,79.0,15.24193,,7.711,1.256,2.9522,1.2416,0.06561,,0.12478,0.0714,0.8065,,,none,0.22291,0.0158,0.44449,0.02907,0.07598,-0.084,6.133,0.08866,-0.44794,0.51366,1.008,31.01681,80,387.71016,0.43496,1.066,0.11307,53.17557,1.0,90,IT services — delivery is labor-hours that AI directly automates,False
146,TINGS-PREF.ST,Tingsvalvet Fastighets AB ser. ,Stockholm,Real Estate,Real Estate Services,Sweden,,363.5,SEK,67.5,79.6,45.0,88.5,84.9,52.0,,,,,220.727,5.44129,,,,,0.066,,,,none,,,0.71239,0.68541,2.14964,0.325,0.885,,-172.73554,1.74813,3.018,3.38832,9,376.47956,0.14718,,-0.01088,115.8425,0.5,40,Real estate — asset returns dominate; admin automation marginal,False
147,CINF,Cincinnati Financial Corporation,USA,Financial Services,Insurance - Property & Casualty,United States,24433.73309,180.79,USD,67.4,68.4,65.5,58.6,67.0,67.4,81.4,10.34268,19.6148,7.563,2.134,1.77868,2.1632,0.09669,0.05098,0.09827,0.0208,0.203,0.04633,6.0,buy,0.18735,0.05553,0.27939,0.11841,0.21326,0.116,,-0.1028,327.63757,0.05626,1.044,11295.19393,5705,1979.87624,0.01714,0.553,0.21336,126015.10902,0.92,82,"Insurance — claims, underwriting and pricing are data workflows",False
148,INCY,Incyte Corporation,USA,Healthcare,Biotechnology,United States,20465.95021,117.25,USD,67.4,75.4,52.6,81.0,80.7,95.0,55.4,16.56073,13.43926,12.556,3.628,4.16948,4.3694,0.06038,0.07441,0.02386,,0.0,-0.02927,22.0,buy,0.30823,0.13888,0.52766,0.25552,0.26707,0.209,0.838,-2.56718,3474.17632,0.00701,3.682,4683.92323,2844,1646.94909,0.01844,0.758,0.74013,177553.35847,1.0,60,"Biotech — discovery upside, binary science risk dominates",False
149,TTD,"The Trade Desk, Inc.",USA,Communication Services,Advertising Agencies,United States,7635.53946,18.59,USD,67.4,64.7,72.5,71.8,42.8,77.9,64.5,21.125,8.6563,10.929,2.613,3.56882,2.9434,0.04734,0.11552,0.06512,,0.0,0.30823,30.0,hold,0.16735,0.06573,0.77832,0.09675,0.14571,0.118,-0.2,-1.38407,858.27048,0.17264,1.682,2594.12022,3843,675.02478,0.02304,1.04,-0.76771,312071.03894,1.0,80,"Advertising — targeting, creative and buying are AI-disrupted/enabled",False
150,NITRO.ST,Nitro Games Oyj,Stockholm,Communication Services,Electronic Gaming & Multimedia,Finland,5.6252,2.49,SEK,67.4,58.4,84.0,57.2,33.4,59.6,75.8,22.63636,-2.18421,6.58338,0.75711,2.05174,0.7471,0.04418,-0.45783,0.18182,,0.0,0.27608,1.0,none,0.05991,0.03021,0.81014,0.0684,0.02078,-0.384,0.325,0.96109,-0.83223,1.19784,3.764,7.52943,40,188.23575,0.47691,0.903,0.69619,10.3407,1.0,85,Gaming — content pipelines and live-ops are AI-automatable,False
151,SCHW,The Charles Schwab Corporation,USA,Financial Services,Capital Markets,United States,154318.66305,101.56,USD,67.3,63.9,73.6,75.7,70.8,17.8,68.5,20.19085,13.499,,5.901,4.15633,7.12089,0.04953,0.07408,,0.0126,0.2247,0.18882,19.0,buy,0.19083,0.01971,0.9746,0.49352,0.37986,0.158,0.386,,32341.75199,1.20766,0.632,21671.25521,33500,646.90314,0.06169,0.762,0.05517,981079.06158,0.75,80,"Capital markets — research, ops and compliance are text-heavy",False
152,EA,Electronic Arts Inc.,USA,Communication Services,Electronic Gaming & Multimedia,United States,45766.13963,208.9,USD,67.3,61.4,78.2,75.3,74.6,63.9,35.3,59.51567,21.69528,34.516,6.806,7.74306,6.95552,0.0168,0.04609,0.04236,0.0036,0.2165,-0.01491,14.0,hold,0.1349,0.05696,0.78967,0.24009,0.11778,0.119,0.853,-0.75825,983.78623,0.2741,1.046,6579.83472,14600,450.67361,0.00226,0.641,0.36189,363005.94371,1.0,85,Gaming — content pipelines and live-ops are AI-automatable,False
153,VRSN,"VeriSign, Inc.",USA,Technology,Software - Infrastructure,United States,22075.83161,277.66,USD,67.3,60.7,79.6,96.1,48.4,35.2,40.4,30.68066,26.51006,22.613,15.747,,15.01132,0.03259,0.03772,0.03195,0.0117,0.3448,0.128,5.0,buy,,0.52069,0.8835,0.68454,0.49958,0.066,0.114,1.05639,-1081.81532,,0.462,1470.61188,926,1588.13378,0.10537,0.707,-0.02291,200103.57996,0.83,92,Software economics — AI compounds both the product and dev productivity,False
154,HOME-B.ST,HomeMaid AB (publ),Stockholm,Consumer Cyclical,Personal Services,Sweden,53.25559,31.0,SEK,67.3,66.6,68.7,81.4,62.1,32.2,69.4,17.61364,,11.634,1.017,8.4607,0.9177,0.05677,,0.0993,0.0516,0.7102,0.22581,1.0,none,0.51507,0.10431,0.97678,0.06892,0.05227,0.333,0.059,1.13349,-5.7485,1.32281,0.717,58.03138,1052,55.16291,0.71186,0.704,-0.2132,11.88829,1.0,60,Consumer Cyclical sector default,False
155,LEMON.HE,Lemonsoft Oyj,Helsinki,Technology,Software - Application,Finland,85.41297,4.8,EUR,67.2,56.9,86.3,65.8,38.0,46.0,64.5,19.2,11.70732,13.744,3.172,2.84529,2.90797,0.05208,0.08542,0.09188,0.0292,0.56,0.19792,2.0,strong_buy,0.14144,0.07003,0.40059,0.20352,0.1575,-0.011,0.14,1.09811,-7.443,0.45027,0.772,29.372,208,141.21154,0.27934,0.449,-0.33148,29.0496,1.0,92,Software economics — AI compounds both the product and dev productivity,False
156,FLOWS.ST,Flowscape Technology AB (publ),Stockholm,Technology,Software - Application,Sweden,6.28604,3.54,SEK,67.2,57.5,85.3,60.3,75.6,61.9,40.0,20.82353,27.23077,16.112,1.16,3.46719,1.34501,0.04802,0.03672,-0.05023,,0.0,,,none,0.18561,0.04468,0.42317,0.0982,0.06602,0.071,7.875,-2.56585,0.86352,,0.969,4.67361,25,186.94455,0.4737,0.119,0.10625,4.09002,0.92,92,Software economics — AI compounds both the product and dev productivity,False
157,TRV,"The Travelers Companies, Inc.",USA,Financial Services,Insurance - Property & Casualty,United States,68551.93747,368.98,USD,67.1,67.1,67.2,66.4,54.1,50.3,85.0,9.92149,12.69262,7.053,1.653,2.32387,1.60194,0.10079,0.07879,0.18831,0.0136,0.1223,-0.08803,24.0,hold,0.26511,0.04775,0.34731,0.23698,0.16952,0.003,0.571,0.34904,-3500.91606,0.27378,0.323,42792.95472,34000,1258.61632,0.00267,0.473,0.40169,561380.38067,1.0,82,"Insurance — claims, underwriting and pricing are data workflows",False
158,SYNSAM.ST,Synsam AB (publ),Stockholm,Healthcare,Medical Instruments & Supplies,Sweden,706.76872,55.0,SEK,67.1,64.9,71.1,73.0,58.9,32.9,75.3,15.89595,13.75,8.588,1.501,2.99613,1.09364,0.06291,0.07273,0.09001,0.0327,0.5202,0.40606,3.0,strong_buy,0.19602,0.06573,0.74642,0.10491,0.06985,0.038,0.54,2.32183,-262.21834,1.39256,1.112,646.25537,5400,119.67692,0.24393,0.326,-0.01786,1218.40802,1.0,66,Instruments — software layer increasingly the differentiator,False
159,OVZON.ST,Ovzon AB (publ),Stockholm,Communication Services,Telecom Services,Sweden,393.03804,38.88,SEK,67.1,70.9,59.9,69.5,97.6,55.8,62.4,18.96586,777.60004,11.896,5.074,2.34528,4.75472,0.05273,0.00129,0.05284,,0.0,0.76183,2.0,strong_buy,0.12172,0.05762,0.52741,0.30534,0.23136,1.879,,0.491,-17.31203,0.15143,0.676,82.66268,44,1878.69726,0.11695,1.661,-0.14172,2058.68458,0.92,70,"Telecom — network ops and service automation, capital-heavy core",False
160,BONEX.ST,Bonesupport Holding AB (publ),Stockholm,Healthcare,Medical Instruments & Supplies,Sweden,1186.52003,199.9,SEK,67.0,69.7,62.1,88.7,83.4,93.1,26.6,62.08074,45.74371,35.705,9.904,15.18074,10.17586,0.01611,0.02186,0.01167,,0.0,0.80507,6.0,strong_buy,0.24498,0.21296,0.92046,0.25176,0.16628,0.251,,-1.18868,38.44685,0.01067,5.44,116.60142,143,815.39457,0.13292,,-0.3853,4548.48641,0.92,66,Instruments — software layer increasingly the differentiator,False
161,PNC,"The PNC Financial Services Group, Inc.",USA,Financial Services,Banks - Regional,United States,88148.59166,252.86,USD,66.9,65.8,68.9,47.7,70.3,,83.8,13.92401,11.85582,,7.411,1.7604,4.14865,0.07182,0.08435,,0.0316,0.3744,0.09339,20.0,buy,0.12623,0.01307,0.0,0.38689,0.31366,0.236,0.251,,-69177.81781,,,21247.51142,55704,381.43601,0.00301,0.897,0.2899,457952.921,0.58,82,"Banking — document-heavy processes, fraud/KYC, service automation",False
162,LUMI.ST,Lundin Mining Corporation,Stockholm,Basic Materials,Copper,Canada,17581.04944,227.2,SEK,66.8,77.6,46.7,78.9,85.2,77.7,70.9,16.77991,28.83249,10.80778,4.73009,2.94258,4.68794,0.0596,0.03468,0.08814,0.0033,0.0571,0.16762,8.0,buy,0.2218,0.08418,0.52393,0.43476,0.3355,0.26,1.282,-0.02885,47.35454,0.06216,1.805,3750.2701,,,0.20926,2.103,1.32787,10107.5136,1.0,44,Mining — commodity price dominates; autonomy in pits helps,False
163,BSX,Boston Scientific Corporation,USA,Healthcare,Medical Devices,United States,57178.61391,44.03,USD,66.7,67.2,65.8,73.4,75.6,60.5,57.8,18.42259,11.86127,13.684,3.651,2.53017,3.17475,0.05428,0.08431,0.04289,,0.0,0.64498,28.0,strong_buy,0.14661,0.06075,0.68943,0.20603,0.17294,0.116,1.0,1.74109,-8366.55167,0.4225,1.9,18010.45288,59000,305.26191,0.00231,0.577,-0.57574,804680.67733,1.0,66,Devices — embedded intelligence differentiates hardware,False
164,C,Citigroup Inc.,USA,Financial Services,Banks - Diversified,United States,189582.8293,129.36,USD,66.7,64.8,70.1,43.3,74.2,,83.7,13.93966,10.11184,,-4.315,1.12742,2.65553,0.07174,0.09889,,0.0186,0.2586,0.19048,20.0,buy,0.08529,0.00663,0.0,0.36229,0.21832,0.145,0.61,,516855.59172,,,71391.77379,219000,325.98983,0.00252,1.094,0.39622,1403614.66867,0.58,82,"Banking — document-heavy processes, fraud/KYC, service automation",False
165,FSLR,"First Solar, Inc.",USA,Technology,Solar,United States,19902.04581,211.99,USD,66.7,75.5,50.4,73.0,79.8,85.5,70.5,13.69445,9.04371,9.214,3.864,2.30589,4.20351,0.07302,0.11057,0.05038,,0.0,0.19937,28.0,buy,0.18436,0.08447,0.41743,0.33067,0.30731,0.236,0.651,-0.80937,1607.11704,0.05943,2.557,4734.62232,7900,599.31928,0.054,1.73,0.18875,454546.10647,1.0,55,Solar — manufacturing automation and grid software,False
166,IBM,International Business Machines Corporation,USA,Technology,Information Technology Services,United States,174639.88447,212.67,USD,66.7,57.1,84.6,72.6,54.4,19.1,59.8,18.83703,16.24688,15.481,3.744,6.06191,2.90063,0.05309,0.06155,0.06561,0.0318,0.5947,0.28723,22.0,buy,0.35772,0.05391,0.58358,0.13809,0.15606,0.095,0.142,3.48149,-50691.20205,2.11169,0.796,60207.54027,264300,227.8,0.00117,0.675,-0.25303,2020839.90103,1.0,90,IT services — delivery is labor-hours that AI directly automates,False
167,COFFEE-B.ST,Coffee Stain Group AB (publ),Stockholm,Communication Services,Electronic Gaming & Multimedia,Sweden,358.84671,17.738,SEK,66.6,58.9,80.9,47.2,80.0,93.7,41.2,354.76,,7.38,3.517,1.09217,4.11975,0.00282,,-0.03501,,0.0,0.56162,5.0,buy,0.0051,0.01467,1.0052,-0.00385,0.01145,0.204,,-1.30568,54.20206,0.00604,4.622,87.10399,240,362.93327,0.53253,,-0.21164,1893.62097,0.92,85,Gaming — content pipelines and live-ops are AI-automatable,False
168,BEAMMW-B.ST,BeammWave AB (publ),Stockholm,Technology,Semiconductors,Sweden,52.19095,12.6,SEK,66.6,58.0,82.5,32.6,96.3,92.1,45.0,,,-16.502,27.852,4.55202,31.92419,-0.05476,,-0.06178,,0.0,-0.20635,1.0,none,-0.3153,-0.18902,1.0,-1.01849,-1.76303,1.13,,,5.84648,,51.797,1.63484,30,54.49467,0.18922,1.452,-0.08029,238.00554,0.75,78,Semis — rides the AI capex cycle and design automation,False
169,TANGEN-B.ST,TANGEN-B.ST,Stockholm,Industrials,Specialty Business Services,Sweden,,85.8,SEK,66.6,61.0,77.0,55.9,92.5,62.3,45.4,17.80083,,22.414,2.832,3.17825,,0.05618,,,,0.0,,,none,,,0.45838,0.1137,0.09999,0.545,,1.19455,-24.59432,0.49846,2.087,162.91989,680,239.58808,0.32113,,0.144,859.665,0.67,82,Business services — back-office process automation,False
170,AVGO,Broadcom Inc.,USA,Technology,Semiconductors,United States,1541407.59948,370.825,USD,66.5,65.6,68.1,90.1,86.3,59.0,26.5,61.70133,19.09805,42.998,23.978,20.12073,23.37812,0.01621,0.05236,0.01542,0.007,0.4126,0.41443,45.0,strong_buy,0.37281,0.12119,0.76284,0.48988,0.38848,0.479,0.854,1.07592,-39560.26574,0.74018,2.238,65933.77146,33000,1997.99307,0.0194,1.462,0.28667,8489397.15273,1.0,78,Semis — rides the AI capex cycle and design automation,False
171,BRO,"Brown & Brown, Inc.",USA,Financial Services,Insurance Brokers,United States,20537.22131,69.35,USD,66.5,60.3,77.9,71.2,57.0,37.7,61.2,22.58958,14.33571,12.327,4.897,1.84545,3.75616,0.04427,0.06976,0.06477,0.0093,0.2052,0.07246,16.0,hold,0.11926,0.05515,0.53372,0.47181,0.1836,0.357,-0.079,2.86243,-6217.24944,0.6437,1.017,5467.61465,22888,238.88565,0.13111,0.599,-0.32335,191459.50419,1.0,82,"Insurance — claims, underwriting and pricing are data workflows",False
172,LOIHDE.HE,Loihde Oyj,Helsinki,Technology,Software - Infrastructure,Finland,69.54205,12.05,EUR,66.5,55.1,87.7,46.9,25.6,66.5,78.8,10.85586,12.05,10.702,0.521,0.81606,0.48822,0.09212,0.08299,0.17001,0.083,0.9009,0.19502,1.0,none,0.04649,0.02459,0.62878,0.00982,0.02631,-0.029,,0.64006,-4.435,0.1608,1.37,142.44099,754,188.91378,0.21104,0.448,0.0524,46.01895,0.92,92,Software economics — AI compounds both the product and dev productivity,False
173,BAC,Bank of America Corporation,USA,Financial Services,Banks - Diversified,United States,375683.03493,61.27,USD,66.4,65.7,67.6,46.3,73.4,,83.3,14.15012,11.6669,,1.529,1.55737,3.77413,0.07067,0.08571,,0.0183,0.2587,0.10479,21.0,buy,0.11199,0.00969,0.0,0.38305,0.29524,0.214,0.36,,245351.51671,,,99541.51921,211304,471.08204,0.07422,1.175,0.29044,1914966.40758,0.58,82,"Banking — document-heavy processes, fraud/KYC, service automation",False
174,BR,"Broadridge Financial Solutions, Inc.",USA,Technology,Information Technology Services,United States,15148.50393,149.91,USD,66.4,60.7,77.1,70.9,52.4,33.7,67.9,16.03316,14.39346,11.601,2.791,6.15318,2.36788,0.06237,0.06948,0.0685,0.026,0.407,0.37749,8.0,buy,0.42314,0.09171,0.31314,0.18402,0.15028,0.078,0.151,1.76043,-2709.95545,1.20878,0.943,6397.49361,15000,426.49957,0.00475,0.903,-0.37982,194231.80201,1.0,90,IT services — delivery is labor-hours that AI directly automates,False
175,NOW,"ServiceNow, Inc.",USA,Technology,Software - Application,United States,93024.79443,103.24,USD,66.4,57.0,83.8,72.3,57.2,62.2,36.4,61.45238,20.55705,35.915,7.43,9.07844,7.62695,0.01627,0.04865,0.04798,,0.0,0.37199,46.0,strong_buy,0.1607,0.05656,0.76562,0.13342,0.12586,0.221,0.023,-0.95256,2403.54883,0.20728,0.845,12196.85191,29187,417.88645,0.00166,0.959,-0.46224,2535601.77238,1.0,92,Software economics — AI compounds both the product and dev productivity,False
176,CAG.ST,CAG Group AB (publ),Stockholm,Technology,Information Technology Services,Sweden,64.96636,100.0,SEK,66.4,58.6,81.0,53.2,21.1,80.8,78.7,15.45595,12.0919,6.936,0.746,2.04855,0.86388,0.0647,0.0827,0.10279,0.043,0.6337,0.18,1.0,strong_buy,0.13588,0.06767,0.19263,0.07859,0.05587,-0.067,-0.106,-1.10124,8.90101,0.08519,1.817,75.20309,390,192.82845,0.3829,0.205,-0.09502,54.54649,1.0,90,IT services — delivery is labor-hours that AI directly automates,False
177,USB,U.S. Bancorp,USA,Financial Services,Banks - Regional,United States,85932.91926,63.14,USD,66.3,64.4,69.8,47.6,59.2,,87.4,12.60279,10.97598,,4.947,1.66429,3.59998,0.07935,0.09111,,0.0329,0.4152,0.10111,21.0,buy,0.12623,0.0116,0.0,0.39647,0.29896,0.104,0.216,,-25789.00784,,,23870.35834,70000,341.00512,0.00125,0.979,0.3792,488601.33505,0.58,82,"Banking — document-heavy processes, fraud/KYC, service automation",False
178,KAR.ST,Karnov Group AB (publ),Stockholm,Industrials,Specialty Business Services,Sweden,608.24051,69.6,SEK,66.3,60.3,77.4,74.2,18.0,35.6,84.6,7.90909,42.43902,6.548,3.29,2.56959,2.58448,0.12644,0.02356,0.11544,,0.0,0.55651,3.0,none,0.37972,0.101,0.44391,0.15109,0.36669,-0.066,-0.247,1.28668,-152.14645,0.81757,0.591,235.34391,1100,213.94901,0.07441,0.574,-0.42857,1610.49502,1.0,82,Business services — back-office process automation,False
179,ORES.ST,Investment AB Öresund (publ),Stockholm,Financial Services,Asset Management,Sweden,532.45286,131.8,SEK,66.3,64.4,69.9,85.1,1.7,69.7,79.3,8.55289,,8.42,7.837,1.11155,8.10617,0.11692,,0.07878,0.0561,0.4737,,,none,0.13048,0.07542,1.0,0.92461,0.96655,-0.808,-0.827,-0.28879,17.65646,0.00168,0.941,65.68493,6,10947.48756,0.43769,0.737,-0.01788,522.74214,1.0,80,Asset management — research and back-office automation,False
180,ZZ-B.ST,Zinzino AB (publ),Stockholm,Consumer Defensive,Packaged Foods,Sweden,449.42533,126.6,SEK,66.2,76.4,47.2,70.7,82.6,79.7,77.2,12.85279,21.31313,8.396,1.154,4.21494,1.40558,0.0778,0.04692,0.08243,0.0474,0.4061,0.69826,1.0,strong_buy,0.45565,0.15969,0.28139,0.14176,0.10569,0.274,0.812,-1.69608,74.52177,0.05771,1.528,319.74333,369,866.51309,0.33857,1.081,-0.44837,719.11958,1.0,55,Consumer staples — demand forecasting and trade-spend optimisation,False
181,FLUI.ST,Fluicell AB (publ),Stockholm,Healthcare,Biotechnology,Sweden,4.10886,33.0,SEK,66.2,66.2,66.3,54.8,97.5,48.8,67.4,0.04861,,-20.919,2.185,3.18995,2.24951,20.57091,,-0.21779,,0.0,,,none,-0.15262,-0.07226,0.89763,0.43407,-0.11651,1.86,,,0.11756,,1.334,1.82656,11,166.05047,0.24728,2.015,2.85965,66.68322,0.75,60,"Biotech — discovery upside, binary science risk dominates",False
182,BLICK.ST,Blick Global Group AB,Stockholm,Consumer Cyclical,Gambling,Sweden,1.15243,0.918,SEK,66.2,64.1,70.0,55.4,,92.1,60.3,1.224,,,77.186,0.72113,163.0065,0.81699,,-0.05342,,0.0,,,none,0.86482,-0.02897,4.4359,-7.92308,134.79488,,,,0.60674,,114.05,0.00707,,,0.14395,1.363,0.16943,4.51295,0.58,70,"Gaming/betting — risk, personalisation and CRM are data problems",False
183,GRMN,Garmin Ltd.,USA,Technology,Scientific & Technical Instruments,Switzerland,42050.47979,249.56,USD,66.1,65.6,66.9,79.4,63.4,92.2,37.7,27.85268,24.17257,21.068,6.115,5.19257,6.44826,0.0359,0.04137,0.01683,0.0168,0.4018,0.05156,7.0,hold,0.19899,0.11903,0.59139,0.24617,0.23261,0.142,0.215,-1.14693,2171.00304,0.02331,4.361,6521.21736,23000,283.53119,0.14697,0.914,0.10352,181469.06821,1.0,68,Instruments — measurement + software attach,False
184,ORCL,Oracle Corporation,USA,Technology,Software - Infrastructure,United States,318131.9525,126.41,USD,66.1,57.1,82.8,83.2,67.6,20.8,37.7,21.68268,11.57431,16.566,7.5,9.69402,5.40583,0.04612,0.0864,-0.06739,0.0158,0.3431,0.99232,40.0,buy,0.53376,0.06505,0.65822,0.36202,0.25368,0.206,0.219,4.44474,-118419.55035,3.8887,1.115,58849.81233,141000,417.37456,0.40479,1.712,-0.48095,3329497.36196,1.0,92,Software economics — AI compounds both the product and dev productivity,False
185,MTG-B.ST,Modern Times Group MTG AB,Stockholm,Communication Services,Electronic Gaming & Multimedia,Sweden,1273.85452,118.1,SEK,66.1,60.3,76.8,53.6,84.1,47.0,58.9,1476.25,12.57721,8.498,1.411,1.24764,1.15378,0.00068,0.07951,0.08605,,0.0,0.40771,4.0,strong_buy,0.00094,0.0307,0.66185,0.11776,0.0009,0.235,1.105,1.48245,-271.8261,0.38502,0.851,1104.0725,2323,475.27873,0.14988,0.835,0.15784,2914.87647,1.0,85,Gaming — content pipelines and live-ops are AI-automatable,False
186,EXE,Expand Energy Corporation,USA,Energy,Oil & Gas E&P,United States,18420.42592,88.13,USD,66.0,78.9,41.9,75.7,90.1,60.9,84.2,6.55729,10.42561,3.222,1.846,1.08251,1.6273,0.1525,0.09592,0.08005,0.0362,0.2374,0.42199,25.0,buy,0.17568,0.09668,0.47955,0.3404,0.24907,0.41,,0.38241,-2480.4342,0.25883,1.111,11319.65775,1600,7074.7861,0.00304,0.326,-0.11347,271461.08249,0.92,48,Oil & gas — commodity price dominates; ops optimisation real but capped,False
187,MPWR,"Monolithic Power Systems, Inc.",USA,Technology,Semiconductors,United States,56317.44506,1312.0,USD,66.0,64.1,69.5,79.3,75.7,94.1,23.8,94.32063,42.93365,73.625,21.342,17.52792,21.79797,0.0106,0.02329,0.00763,0.0061,0.4782,0.36374,13.0,strong_buy,0.19574,0.1213,0.55175,0.29987,0.22984,0.261,0.395,-1.57156,1176.99712,0.00543,4.787,2583.60965,4501,574.00792,0.03673,1.71,0.81023,1004482.91005,1.0,78,Semis — rides the AI capex cycle and design automation,False
188,WFC,Wells Fargo & Company,USA,Financial Services,Banks - Diversified,United States,231552.68869,87.51,USD,66.0,64.2,69.2,47.1,59.6,,87.1,12.71948,11.11573,,1.081,1.64511,3.19208,0.07862,0.08996,,0.0206,0.2616,0.1385,23.0,buy,0.12575,0.01077,0.0,0.37069,0.27232,0.095,0.25,,168429.23663,,,72539.81998,197466,367.35347,0.00091,0.917,0.09006,1273692.69742,0.58,82,"Banking — document-heavy processes, fraud/KYC, service automation",False
189,IVSO.ST,Invisio AB (publ),Stockholm,Technology,Communication Equipment,Sweden,902.43069,215.6,SEK,66.0,65.5,66.8,76.5,80.7,88.9,30.7,40.0,31.52047,26.362,5.075,8.13155,5.1891,0.025,0.03173,0.01177,0.0139,0.5576,0.51405,7.0,strong_buy,0.22542,0.13839,0.56345,0.15328,0.12978,0.201,0.866,-0.59096,19.78647,0.06295,3.298,173.90887,314,553.84989,0.02291,,-0.36119,1846.46064,1.0,74,"Network equipment — AI traffic drives demand, ops automate",False
190,BIOWKS.ST,Bio-Works Technologies AB (publ),Stockholm,Healthcare,Medical Instruments & Supplies,Sweden,30.94477,3.4,SEK,66.0,64.8,68.2,46.7,98.1,92.1,50.0,,5.57377,-49.605,3.582,6.14828,4.12099,-0.00882,0.17941,-0.03241,,0.0,,,none,-0.0567,-0.06424,0.75002,0.12624,-0.03131,2.265,,,3.7394,,4.435,7.50907,33,227.54759,0.34254,0.621,0.7,18.78649,0.75,66,Instruments — software layer increasingly the differentiator,False
191,CF,"CF Industries Holdings, Inc.",USA,Basic Materials,Agricultural Inputs,United States,16297.70962,121.42,USD,65.9,77.6,44.3,76.4,82.4,74.7,77.2,10.93874,10.84209,6.734,3.125,3.49149,2.51838,0.09142,0.09223,0.0577,0.0198,0.1802,0.0311,19.0,hold,0.273,0.11338,0.39125,0.33585,0.23734,0.194,1.151,0.45912,-1378.69864,0.43847,3.54,6471.49614,2900,2231.55039,0.00438,0.39,0.33443,306775.187,1.0,52,Agri inputs — precision-ag data services,False
192,HEM.ST,Hemnet Group AB (publ),Stockholm,Communication Services,Internet Content & Information,Sweden,707.13561,85.9,SEK,65.9,59.0,78.7,90.5,7.5,49.9,61.1,20.4038,10.68408,12.3,5.647,7.50087,5.39722,0.04901,0.0936,0.05564,0.0233,0.3455,0.4319,12.0,hold,0.42396,0.17694,0.85368,0.26456,0.32238,-0.247,-0.519,0.92315,-55.52539,0.75236,1.272,131.01854,179,731.94714,0.1279,0.623,-0.7094,4599.91452,1.0,88,"Digital platform — data-rich, AI-native product surface",False
193,VIAFIN.HE,Viafin Service Oyj,Helsinki,Industrials,Specialty Industrial Machinery,Finland,65.74732,18.9,EUR,65.9,65.7,66.3,70.0,31.3,74.7,79.0,13.79562,11.88679,7.758,0.589,2.53351,0.66007,0.07249,0.08413,0.10424,0.0397,0.4745,0.11111,1.0,none,0.18278,0.0796,0.62836,0.08201,0.04776,-0.006,0.02,-1.11698,8.441,0.09533,1.327,99.607,682,146.05132,0.48784,0.204,-0.07805,15.7815,1.0,62,Machinery — predictive maintenance and embedded software,False
194,ANET,"Arista Networks, Inc.",USA,Technology,Computer Hardware,United States,185493.99236,168.61,USD,65.8,66.6,64.2,86.4,73.0,89.1,27.9,57.74315,37.74155,47.192,20.594,15.74176,21.86516,0.01732,0.0265,0.02055,,0.0,0.13727,27.0,strong_buy,0.31521,0.14359,0.63537,0.42739,0.38317,0.351,0.25,-2.91542,10792.99127,,2.829,8483.53968,5115,1658.56103,0.1727,1.601,0.51071,1450862.81222,0.92,74,Hardware — AI demand pull plus design productivity,False
195,ARION-SDB.ST,Arion banki hf.,Stockholm,Financial Services,Banks - Regional,Iceland,1765.88497,14.42,SEK,65.8,63.7,69.7,35.6,66.6,,94.6,8.33526,,,,1.21425,,0.11997,,,,0.0,,,none,0.15961,0.01846,0.0,0.0,0.42474,0.247,0.165,,,,,,901,,0.0,0.395,0.01549,48.87052,0.58,82,"Banking — document-heavy processes, fraud/KYC, service automation",False
196,EXS.ST,Exsitec Holding AB (publ),Stockholm,Technology,Information Technology Services,Sweden,125.37854,103.0,SEK,65.8,55.9,84.2,58.9,42.2,36.0,71.6,16.04361,15.16937,11.174,1.943,2.52117,1.50426,0.06233,0.06592,0.09946,0.0184,0.296,0.59709,2.0,strong_buy,0.16783,0.05945,0.31663,0.10726,0.09381,0.117,-0.217,2.51647,-36.47908,0.84125,1.048,83.34873,700,119.06961,0.3653,0.592,-0.23704,85.16123,1.0,90,IT services — delivery is labor-hours that AI directly automates,False
197,DEDI.ST,Dedicare AB (publ),Stockholm,Industrials,Staffing & Employment Services,Sweden,48.3645,55.8,SEK,65.8,59.2,78.1,45.1,67.3,75.6,62.1,13.81188,4.93805,10.245,0.33,1.74266,0.35528,0.0724,0.20251,0.02593,0.0314,0.4332,,,none,0.13107,0.04212,0.15711,0.03824,0.02569,0.1,0.495,-0.79444,3.48053,0.10418,1.48,136.12912,935,145.59264,0.32936,0.999,0.26531,70.09904,1.0,85,Staffing — matching and admin are directly AI-automatable,False
198,PCAT.ST,Photocat A/S,Stockholm,Basic Materials,Specialty Chemicals,Denmark,2.90708,5.35,SEK,65.8,69.5,58.9,76.0,92.9,59.6,51.3,,,4.52211,1.23047,1.86376,1.21137,-0.01308,,,,0.0,,,none,,,0.65552,0.22415,0.14509,0.564,,0.10386,-0.06782,0.07066,0.672,2.39984,10,239.98394,0.0,0.08,-0.43446,4.003,0.67,55,Chemicals — formulation R&D and process control,False
199,DXCM,"DexCom, Inc.",USA,Healthcare,Medical Devices,United States,25841.56964,76.65,USD,65.7,67.0,63.4,80.9,78.4,71.3,40.9,32.897,24.90682,22.09,5.925,10.00392,6.13902,0.0304,0.04015,0.03572,,0.0,0.11872,24.0,strong_buy,0.35624,0.09651,0.61504,0.2142,0.19311,0.15,0.922,-0.79734,900.26051,0.46833,1.948,4209.39938,11000,382.67267,0.00271,1.453,-0.08783,380696.46954,1.0,66,Devices — embedded intelligence differentiates hardware,False
200,GILD,"Gilead Sciences, Inc.",USA,Healthcare,Drug Manufacturers - General,United States,145661.53257,134.28,USD,65.7,70.5,56.7,90.5,59.9,55.8,61.5,18.26939,13.82553,12.145,6.019,7.09238,5.60661,0.05474,0.07233,0.04759,0.0244,0.434,0.17885,27.0,buy,0.4336,0.13292,0.79368,0.39282,0.30993,0.044,0.548,0.83844,-10796.31049,0.94635,1.967,25980.34351,17000,1528.2555,0.00117,0.343,0.24012,882078.76845,1.0,62,Pharma — AI aids discovery but cycles are long and regulated,False
201,SIBEK.ST,SIBEK AB,Stockholm,Industrials,Security & Protection Services,Sweden,53.00818,57.6,SEK,65.7,64.3,68.2,69.5,67.1,91.4,42.8,23.7037,,17.709,3.026,9.55699,3.23276,0.04219,,0.01855,0.0243,0.5761,,,none,0.41866,0.22027,0.29938,0.09955,0.13653,0.063,0.884,-1.21228,3.39615,,3.057,16.39721,80,204.96516,0.87969,-0.649,0.37143,10.48859,0.92,72,"Security services — monitoring scales with AI, guarding less so",False
202,MEKKO.HE,Marimekko Oyj,Helsinki,Consumer Cyclical,Apparel Manufacturing,Finland,423.43523,10.46,EUR,65.7,69.4,58.7,78.6,51.6,77.9,66.3,16.87097,14.32877,12.221,2.203,5.47071,2.21231,0.05927,0.06979,0.06987,0.0402,0.6452,0.19503,3.0,none,0.32246,0.1609,0.60763,0.12319,0.13166,0.045,0.245,-0.05217,1.8,0.39922,3.103,191.4,479,399.58246,0.25234,0.775,-0.24531,402.0301,1.0,60,Apparel — demand forecasting and design assistance,False
203,AXP,American Express Company,USA,Financial Services,Credit Services,United States,211841.43101,355.35,USD,65.6,62.1,72.0,73.5,58.8,34.8,64.8,22.16781,17.61854,,3.619,7.12896,3.52358,0.04511,0.05676,,0.0107,0.2129,0.05514,25.0,buy,0.34419,0.03796,0.62759,0.21245,0.16305,0.116,0.176,,-5759.43057,1.77847,1.574,60121.04368,76800,782.82609,0.22326,1.045,0.17289,992744.84868,0.75,82,Credit — underwriting and collections are data decisions at scale,False
204,DECK,Deckers Outdoor Corporation,USA,Consumer Cyclical,Footwear & Accessories,United States,12921.52829,106.49,USD,65.6,71.3,55.0,80.4,44.8,87.9,69.9,15.16952,12.80297,9.903,2.423,5.96349,2.7026,0.06592,0.07811,0.05806,,0.0,0.2002,21.0,buy,0.40859,0.2175,0.57704,0.14002,0.18714,0.096,-0.048,-1.14446,1338.55653,0.1501,3.545,4781.1451,6000,796.85752,0.00576,1.167,0.01323,193150.48587,1.0,60,Apparel — demand forecasting and design assistance,False
205,TFC,Truist Financial Corporation,USA,Financial Services,Banks - Regional,United States,56035.06968,52.5,USD,65.6,64.3,68.1,44.8,61.8,,88.8,12.06897,10.42229,,4.751,1.10306,3.37058,0.08286,0.09595,,0.0396,0.4782,0.05079,18.0,hold,0.09059,0.01062,0.0,0.39815,0.30692,0.082,0.367,,-18220.1382,,,16624.76475,37849,439.23921,0.00174,0.875,0.17371,407185.15122,0.58,82,"Banking — document-heavy processes, fraud/KYC, service automation",False
206,FABLE.ST,Fable Media Group AB,Stockholm,Consumer Cyclical,Gambling,Sweden,18.59753,6.04,SEK,65.6,67.4,62.2,89.5,13.8,57.9,82.2,7.55,,6.125,4.045,1.86247,3.19773,0.13245,,0.07616,0.1076,0.5625,0.15894,1.0,none,0.25911,0.14636,0.78035,0.5454,0.42243,-0.077,-0.467,1.28234,-4.92477,0.54475,1.67,5.81585,3,1938.61507,0.8065,0.697,0.208,8.66025,1.0,70,"Gaming/betting — risk, personalisation and CRM are data problems",False
207,KENH.ST,Kentima Holding AB (publ),Stockholm,Technology,Software - Application,Sweden,6.60805,2.5,SEK,65.6,55.2,85.0,60.6,24.1,68.8,62.8,14.70588,,11.846,0.957,1.9685,0.91309,0.068,,0.03946,,0.0,,,none,0.1481,0.07297,0.52557,0.01661,0.06397,0.046,-0.906,0.54843,-0.32077,0.10852,1.412,7.23706,29,249.5539,0.70562,0.202,-0.0942,4.76965,1.0,92,Software economics — AI compounds both the product and dev productivity,False
208,LULU,lululemon athletica inc.,USA,Consumer Cyclical,Apparel Retail,Canada,11541.33969,116.33,USD,65.5,67.8,61.3,76.7,28.6,69.8,82.5,9.41943,10.29722,5.39,1.235,2.7584,1.17907,0.10616,0.09711,0.08584,,0.0,0.09966,26.0,hold,0.32027,0.16045,0.55695,0.11205,0.13029,0.043,-0.35,0.24212,-542.81146,0.44264,2.226,9788.53584,39000,250.9881,0.04727,0.878,-0.47883,380320.80491,1.0,60,Apparel — demand forecasting and design assistance,False
209,MCO,Moody's Corporation,USA,Financial Services,Financial Data & Stock Exchanges,United States,77964.79829,510.86,USD,65.5,57.4,80.4,91.5,48.7,33.9,35.2,36.62079,27.39008,24.981,12.102,29.80513,11.33433,0.02731,0.03651,0.02539,0.0081,0.2762,0.06851,21.0,buy,0.71361,0.14818,0.74432,0.45743,0.31691,0.081,0.078,1.5451,-5148.71408,2.35539,1.157,6878.64024,16000,429.91502,0.14247,1.335,0.02139,466549.49016,1.0,88,Financial data — the product is information processing,False
210,EXPE,"Expedia Group, Inc.",USA,Consumer Cyclical,Travel Services,United States,28184.10607,268.77,USD,65.4,66.4,63.5,77.3,73.4,35.9,64.3,23.74293,11.67662,12.489,2.138,55.99374,2.12632,0.04212,0.08564,0.10782,0.0065,0.1484,0.07102,35.0,buy,0.71494,0.05825,0.90271,0.07093,0.09808,0.147,,-0.4174,947.0906,2.56536,0.731,13254.90336,16000,828.43146,0.00615,1.232,0.44913,382972.92848,0.92,68,"Travel — booking, pricing and service are digital workflows",False
211,BLK,"BlackRock, Inc.",USA,Financial Services,Asset Management,United States,152322.77858,1072.2,USD,65.3,63.7,68.3,70.8,69.8,75.3,45.7,25.70606,16.71708,15.718,6.397,2.93858,6.3864,0.0389,0.05982,,0.0214,0.5243,0.22505,16.0,buy,,,0.47152,0.35079,0.24089,0.306,0.197,0.1638,-1590.13427,0.23635,,23851.13727,24900,957.877,0.0191,1.443,-0.01905,686199.69922,0.67,80,Asset management — research and back-office automation,False
212,KEY,KeyCorp,USA,Financial Services,Banks - Regional,United States,22208.69708,23.55,USD,65.3,63.1,69.4,45.1,65.5,,82.6,14.44785,10.9594,,6.028,1.46428,3.52995,0.06921,0.09125,,0.0348,0.5031,0.09778,19.0,buy,0.09977,0.01031,0.0,0.3578,0.27024,0.118,0.333,,-13429.64382,,,6291.51383,17469,360.15306,0.00296,1.024,0.28829,231545.24036,0.58,82,"Banking — document-heavy processes, fraud/KYC, service automation",False
213,LDOS,"Leidos Holdings, Inc.",USA,Technology,Information Technology Services,United States,11702.02042,106.48,USD,65.3,58.5,78.0,63.2,34.6,36.1,80.1,9.75092,8.12011,8.291,1.15,2.67175,0.7729,0.10255,0.12315,0.0892,0.0162,0.1519,0.41498,15.0,buy,0.30579,0.09232,0.17906,0.12227,0.08154,0.037,-0.076,2.69842,-5667.69206,1.37125,1.397,15140.34813,50000,302.80696,0.0057,0.547,-0.33756,143949.34326,1.0,90,IT services — delivery is labor-hours that AI directly automates,False
214,CLAS-B.ST,Clas Ohlson AB (publ),Stockholm,Consumer Cyclical,Specialty Retail,Sweden,2319.52783,402.6,SEK,65.3,66.2,63.6,72.1,72.6,60.6,57.7,22.02407,31.55172,15.243,2.05,8.1135,2.045,0.0454,0.03169,0.0643,0.0174,0.3827,0.0308,4.0,buy,0.42089,0.1329,0.47712,0.06841,0.09341,0.114,0.746,0.03767,-5.74651,0.60236,1.51,1134.24613,4714,240.61225,0.35682,0.944,0.23421,3064.78829,1.0,64,"Retail — inventory, pricing and service automation",False
215,ZTS,Zoetis Inc.,USA,Healthcare,Drug Manufacturers - Specialty & Generic,United States,28042.36727,76.56,USD,65.2,68.4,59.2,90.2,39.1,49.5,71.8,12.55082,10.35854,9.673,4.135,9.76655,3.36755,0.07968,0.09654,0.05549,0.0277,0.3328,0.49902,17.0,buy,0.67748,0.15525,0.71839,0.36561,0.28035,0.029,0.06,1.79504,-6389.36801,2.86236,3.153,8327.23477,14500,574.29205,0.00154,0.749,-0.48049,490731.66094,1.0,62,Pharma — AI aids discovery but cycles are long and regulated,False
216,SFAB.ST,Solid Försäkringsaktiebolag (publ),Stockholm,Financial Services,Insurance - Specialty,Sweden,158.83015,99.5,SEK,65.2,61.8,71.6,74.8,15.3,67.5,74.8,11.91617,,7.429,1.229,3.30609,1.56736,0.08392,,0.05126,0.0546,0.6408,0.15578,1.0,strong_buy,0.25809,0.066,0.75818,0.10265,0.12471,-0.098,-0.291,-1.77744,29.79464,,1.203,101.33593,73,1388.16342,0.42172,0.653,0.28886,281.06376,0.92,82,"Insurance — claims, underwriting and pricing are data workflows",False
217,INISS-B.ST,Inission AB (publ),Stockholm,Technology,Electronic Components,Sweden,144.08091,69.0,SEK,65.2,63.7,68.1,54.4,93.7,46.6,63.2,25.55555,15.86207,10.836,0.863,2.13483,0.66595,0.03913,0.06304,0.07162,0.0087,0.0,0.08696,1.0,none,0.09033,0.05352,0.44256,0.06096,0.02631,0.374,17.464,2.45263,-42.23773,0.6919,1.501,216.35507,1265,171.03167,0.52315,0.756,0.86486,198.86112,1.0,68,Components — factory automation and quality inspection,False
218,FRILAN.ST,Invoicery Group AB (publ),Stockholm,Financial Services,Shell Companies,Sweden,17.90201,6.8,SEK,65.2,60.3,74.4,48.6,38.0,72.0,83.0,10.46154,,3.709,0.042,2.90723,0.10319,0.09559,,0.08567,0.0515,0.2757,,,none,0.31179,0.04861,0.03263,0.01081,0.00994,0.019,,-5.43493,10.64001,,1.278,173.4815,36229,4.78847,0.08846,0.618,0.39918,14.29796,0.83,78,Financial Services sector default,False
219,AALLON.HE,Aallon Group Oyj,Helsinki,Industrials,Specialty Business Services,Finland,34.00814,8.9,EUR,65.2,58.4,77.9,51.3,58.7,40.1,75.6,14.59016,8.16514,9.082,1.027,2.06066,0.85795,0.06854,0.12247,0.09146,0.027,0.377,0.17978,1.0,none,0.14285,0.05236,0.2441,0.05395,0.05835,0.115,0.177,1.49632,-6.708,0.53305,0.599,39.639,444,89.27703,0.60903,0.342,-0.20179,6.1054,1.0,82,Business services — back-office process automation,False
220,AON,Aon plc,USA,Financial Services,Insurance Brokers,Ireland,68522.18437,367.21,USD,65.1,58.8,76.7,77.2,55.8,30.0,53.8,20.1653,17.17939,15.88,5.307,7.97606,4.48516,0.04959,0.05821,0.04261,0.0089,0.1636,0.07052,19.0,buy,0.46447,0.06051,0.47341,0.35836,0.22544,0.065,0.271,2.43515,-12433.62489,1.5505,1.066,15277.51876,60000,254.62531,0.01011,0.705,0.04645,492846.09658,1.0,82,"Insurance — claims, underwriting and pricing are data workflows",False
221,LRCX,Lam Research Corporation,USA,Technology,Semiconductor Equipment & Materials,United States,342319.0737,313.3,USD,65.1,63.9,67.2,84.9,75.5,75.2,25.9,59.22495,38.76664,49.796,18.024,37.01559,18.0706,0.01688,0.0258,0.01111,0.0033,0.1909,0.16975,31.0,strong_buy,0.66762,0.22778,0.49979,0.35043,0.30939,0.238,0.408,-0.12952,888.07847,0.35282,2.536,18943.42785,20600,919.58388,0.00276,1.805,2.07942,3089055.91127,1.0,78,Semis — rides the AI capex cycle and design automation,False
222,PYPL,"PayPal Holdings, Inc.",USA,Financial Services,Credit Services,United States,43590.54124,56.56,USD,65.1,63.5,68.1,66.2,40.6,56.0,79.3,10.61163,9.8282,7.946,1.548,2.5196,1.47898,0.09424,0.10175,0.08185,0.0099,0.0525,-0.07318,33.0,hold,0.2512,0.04738,0.40929,0.1797,0.14997,0.072,-0.062,0.35423,-2033.97321,0.5828,1.259,29473.39721,23800,1238.37803,0.00679,1.332,-0.24405,833622.25422,1.0,82,Credit — underwriting and collections are data decisions at scale,False
223,HUNTER.ST,Hunter Capital AB,Stockholm,Financial Services,Asset Management,Sweden,4.0743,9.9,SEK,65.1,60.8,73.0,32.2,77.3,32.1,97.5,1.3253,,-29.877,29.77,0.67192,29.9673,0.75455,,,,0.0,,,none,0.67744,-0.02268,-0.07293,-1.22722,22.60246,,0.68,,0.02683,,1.033,0.13596,1,135.95835,0.9389,1.202,-0.08333,2.04231,0.67,80,Asset management — research and back-office automation,False
224,A,"Agilent Technologies, Inc.",USA,Healthcare,Diagnostics & Research,United States,32439.17427,131.46,USD,65.0,62.7,69.2,76.1,68.9,64.5,42.0,26.39759,19.88275,19.287,5.374,5.20922,5.13392,0.03788,0.05029,0.02506,0.0078,0.202,0.2119,19.0,buy,0.21331,0.08613,0.52641,0.23706,0.19552,0.1,0.6,0.86104,-1515.8696,0.49733,2.099,6318.59858,18000,351.03325,0.00194,1.255,0.17333,271876.26649,1.0,74,Diagnostics — imaging and lab interpretation are AI-tractable,False
225,ALGN,"Align Technology, Inc.",USA,Healthcare,Medical Instruments & Supplies,United States,11060.36036,176.76,USD,65.0,62.8,69.1,70.6,54.2,78.1,51.8,29.70756,14.29178,13.301,2.86,3.05079,3.09079,0.03366,0.06997,0.0421,,0.0,0.18277,15.0,buy,0.10824,0.07234,0.69912,0.15469,0.10496,0.062,0.239,-1.0715,824.58933,0.02797,1.393,3578.491,20275,176.49771,0.06816,1.669,-0.06486,162985.36781,1.0,66,Instruments — software layer increasingly the differentiator,False
226,ADI,"Analog Devices, Inc.",USA,Technology,Semiconductors,United States,159741.18639,375.36,USD,65.0,61.5,71.6,71.5,87.2,67.8,29.7,55.85714,25.0266,30.589,14.764,5.41856,14.35088,0.0179,0.03996,0.02116,0.0117,0.6057,0.21856,30.0,buy,0.09639,0.0549,0.64491,0.38076,0.26008,0.372,1.105,0.8569,-4603.89488,0.2581,1.752,11131.10719,24500,454.33091,0.00242,1.188,0.56088,1529620.46602,1.0,78,Semis — rides the AI capex cycle and design automation,False
227,CTT.ST,CTT Systems AB (publ),Stockholm,Industrials,Aerospace & Defense,Sweden,140.13592,124.8,SEK,65.0,62.1,70.4,70.9,81.0,78.9,31.0,37.70393,11.77358,24.951,5.693,5.81927,5.55548,0.02652,0.08494,0.00859,0.0192,1.6163,,,none,0.14781,0.09658,0.67625,0.08246,0.14948,0.222,0.811,0.32756,-1.88529,0.13547,2.595,25.22481,85,296.76243,0.23466,0.17,-0.42356,193.69084,1.0,72,Defence — autonomy and sensor fusion are budget priorities,False
228,BITTI.HE,Bittium Oyj,Helsinki,Technology,Communication Equipment,Finland,945.55264,26.6,EUR,65.0,62.2,70.3,68.1,93.4,79.7,25.9,44.33333,27.92651,41.792,7.881,7.22237,7.89612,0.02256,0.03581,-0.0005,0.0056,0.1667,0.34398,4.0,buy,0.1752,0.06894,0.39235,0.23251,0.17821,0.633,2.975,-0.04486,1.013,0.1519,2.508,119.749,528,226.79735,0.2247,0.252,1.47672,2003.3524,1.0,74,"Network equipment — AI traffic drives demand, ops automate",False
229,CEDER.ST,Cedergrenska AB (publ),Stockholm,Consumer Defensive,Education & Training Services,Sweden,55.54256,48.4,SEK,65.0,61.6,71.4,60.7,69.3,39.3,68.8,6.57609,25.07772,9.241,0.444,4.71367,0.39585,0.15207,0.03988,0.02922,0.0393,0.2582,,,none,0.21267,0.09683,0.33026,0.046,0.0223,0.141,0.377,1.02207,-6.89762,0.89241,0.841,140.31156,1676,83.71812,0.59325,0.678,0.31522,70.10303,1.0,72,Education — content generation and personalised delivery,False
230,ERIC-B.ST,Telefonaktiebolaget LM Ericsson (publ),Stockholm,Technology,Communication Equipment,Sweden,28508.1616,95.26,SEK,64.9,61.4,71.3,69.6,21.5,61.9,78.2,12.90786,14.97799,8.533,1.323,3.0272,1.38225,0.07747,0.06676,0.09763,0.0315,0.3957,0.01827,20.0,hold,0.26077,0.06946,0.48125,0.12484,0.10831,-0.061,-0.109,-0.41453,1325.68431,0.37682,1.12,20624.52034,86536,238.33457,0.00098,0.521,0.31903,81100.73275,1.0,74,"Network equipment — AI traffic drives demand, ops automate",False
231,SMCRT.ST,SmartCraft Group AB (publ),Stockholm,Technology,Software - Application,Sweden,231.30426,15.7,SEK,64.9,53.2,86.6,62.1,46.0,66.0,41.2,32.70833,,21.2,4.442,2.98309,4.63725,0.03057,,0.03521,,0.0,0.29915,4.0,none,0.09677,0.05186,0.52022,0.14678,0.15351,0.031,0.165,-0.80655,8.42951,0.02852,0.74,49.87964,270,184.73941,0.45782,,-0.46599,177.82477,1.0,92,Software economics — AI compounds both the product and dev productivity,False
232,CFG,"Citizens Financial Group, Inc.",USA,Financial Services,Banks - Regional,United States,26733.15543,72.39,USD,64.8,62.7,68.6,43.4,70.7,,80.0,15.77124,11.14567,,4.312,1.28174,3.74925,0.06341,0.08972,,0.0254,0.3922,0.09456,17.0,buy,0.0827,0.0094,0.0,0.35133,0.26051,0.147,0.413,,-2168.52335,,,7130.26585,17727,402.22631,0.00731,0.998,0.48951,291912.89618,0.58,82,"Banking — document-heavy processes, fraud/KYC, service automation",False
233,MTB,M&T Bank Corporation,USA,Financial Services,Banks - Regional,United States,31560.75263,249.24,USD,64.8,62.6,68.9,47.3,54.9,,85.5,13.19428,11.85805,,4.158,1.41593,3.82215,0.07579,0.08433,,0.0241,0.3176,0.01297,18.0,hold,0.10742,0.01408,0.0,0.45108,0.32092,0.062,0.255,,-650.03416,,,8257.33877,21662,381.19005,0.00337,0.569,0.27626,234550.58474,0.58,82,"Banking — document-heavy processes, fraud/KYC, service automation",False
234,VRSK,"Verisk Analytics, Inc.",USA,Industrials,Consulting Services,United States,22972.59754,200.68,USD,64.8,57.3,78.7,89.0,40.1,34.4,43.1,30.59146,23.14354,20.154,9.797,,8.47547,0.03269,0.04321,0.03592,0.01,0.282,0.10741,17.0,buy,,0.17999,0.6998,0.45004,0.2934,0.039,0.048,2.71865,-3582.17022,,1.018,2710.4795,8000,338.80994,0.00277,0.688,-0.33008,417289.24683,0.83,84,Professional services — knowledge work with billable-hour leverage,False
235,KAMBI.ST,Kambi Group plc,Stockholm,Consumer Cyclical,Gambling,Malta,403.76235,168.6,SEK,64.8,59.7,74.4,63.2,69.4,89.6,34.1,51.09091,33.05883,18.38447,2.47952,2.57789,2.46125,0.01957,0.03025,0.01629,,0.0,0.05195,3.0,buy,0.04986,0.04427,0.99815,0.09973,0.0507,0.049,2.175,-0.95191,21.061,0.06596,3.523,164.048,1035,158.50048,0.37432,0.784,0.30799,1285.54405,1.0,70,"Gaming/betting — risk, personalisation and CRM are data problems",False
236,CB,Chubb Limited,USA,Financial Services,Insurance - Property & Casualty,Switzerland,119337.64876,352.16,USD,64.7,63.5,67.0,57.7,71.4,45.0,74.3,12.45262,12.05469,11.067,2.629,1.85413,2.2396,0.0803,0.08296,0.09241,0.0116,0.1372,0.01893,23.0,buy,0.15433,0.03364,0.30998,0.20641,0.18527,0.102,0.787,1.21754,-15412.94164,0.31458,0.386,53285.21558,45000,1184.1159,0.09403,0.406,0.28516,532966.49309,1.0,82,"Insurance — claims, underwriting and pricing are data workflows",False
237,HMS.ST,HMS Networks AB (publ),Stockholm,Technology,Communication Equipment,Sweden,2194.69342,482.4,SEK,64.7,61.1,71.3,76.8,79.1,50.5,36.0,43.85455,40.91603,25.909,6.924,6.54776,6.36137,0.0228,0.02444,0.03395,0.01,0.436,0.24171,5.0,strong_buy,0.15783,0.08689,0.63283,0.23915,0.14548,0.176,0.849,2.1057,-194.14852,0.59194,1.494,345.00321,1140,302.63439,0.12253,1.103,0.1372,2140.73717,1.0,74,"Network equipment — AI traffic drives demand, ops automate",False
238,PREV-B.ST,Prevas AB,Stockholm,Technology,Information Technology Services,Sweden,78.59988,67.3,SEK,64.7,54.4,83.8,51.9,21.5,50.0,81.4,13.24803,6.77744,7.365,0.738,1.30649,0.53554,0.07548,0.14755,0.14082,0.0594,0.7874,,,strong_buy,0.09873,0.06589,0.37376,0.02845,0.04047,-0.009,-0.313,1.63481,-24.05593,0.39083,1.052,146.76686,914,160.57644,0.37739,,-0.20166,157.92895,1.0,90,IT services — delivery is labor-hours that AI directly automates,False
239,AMZN,"Amazon.com, Inc.",USA,Consumer Cyclical,Internet Retail,United States,2323587.95325,247.23,USD,64.5,59.5,73.8,70.0,77.4,54.7,37.6,29.57297,24.94745,17.656,3.705,6.01635,3.58046,0.03381,0.04008,0.00369,,0.0,0.27101,61.0,strong_buy,0.24285,0.06845,0.50604,0.1314,0.12224,0.166,0.748,0.59316,-80774.45206,0.533,1.177,648963.39259,1575000,412.04025,0.08899,1.461,0.07819,10649831.33722,1.0,82,"E-commerce — recommendation, logistics and support automation",False
240,PODD,Insulet Corporation,USA,Healthcare,Medical Devices,United States,9928.34395,164.06,USD,64.5,65.2,63.1,78.9,88.4,60.5,36.2,38.33177,20.36975,19.763,4.101,8.72381,3.91739,0.02609,0.04909,0.0223,,0.0,0.45201,23.0,strong_buy,0.22998,0.09745,0.71008,0.1603,0.10438,0.339,1.59,0.88638,-466.20633,0.77844,2.487,2534.42903,5400,469.33871,0.00329,1.111,-0.41607,225176.89393,1.0,66,Devices — embedded intelligence differentiates hardware,False
241,WRB,W. R. Berkley Corporation,USA,Financial Services,Insurance - Property & Casualty,United States,23291.74022,71.61,USD,64.5,62.6,68.1,63.3,51.5,51.7,74.5,15.17161,14.94734,10.683,1.856,2.86807,1.79511,0.06591,0.0669,0.12087,0.0056,0.0763,-0.0463,17.0,hold,0.20164,0.03672,0.43651,0.17093,0.12639,0.04,0.26,-0.13528,304.97024,0.3176,0.385,12975.13684,8804,1473.77747,0.26275,0.293,0.05619,137411.89284,1.0,82,"Insurance — claims, underwriting and pricing are data workflows",False
242,RAY-B.ST,RaySearch Laboratories AB (publ),Stockholm,Healthcare,Health Information Services,Sweden,535.91548,174.4,SEK,64.5,56.7,79.1,85.1,19.6,70.6,41.2,26.66667,25.99106,16.833,4.54,5.73401,4.53632,0.0375,0.03847,0.01448,0.0229,0.4587,0.8922,2.0,strong_buy,0.22823,0.09862,0.92412,0.23321,0.17201,-0.123,-0.064,-0.17639,5.61961,0.36185,1.792,118.13874,465,254.06181,0.10847,0.932,-0.51823,2913.68775,1.0,80,Health IT — records and diagnostics are data problems,False
243,EBAY,eBay Inc.,USA,Consumer Cyclical,Internet Retail,United States,43470.63057,112.06,USD,64.4,59.9,72.8,83.9,58.8,38.9,43.1,25.87991,16.64622,17.813,4.576,11.32835,4.28771,0.03864,0.06007,0.02413,0.0111,0.2725,-0.01491,27.0,hold,0.42875,0.08593,0.71786,0.23147,0.17615,0.195,0.071,1.12244,-2923.4004,1.63327,1.219,10138.41487,12300,824.26137,0.00486,1.365,0.41794,492612.80432,1.0,82,"E-commerce — recommendation, logistics and support automation",False
244,BYGGP.ST,ByggPartner Gruppen AB (publ),Stockholm,Industrials,Engineering & Construction,Sweden,172.61113,42.0,SEK,64.4,69.3,55.2,52.9,80.0,66.4,82.8,13.04348,9.19037,7.599,0.302,2.93296,0.32827,0.07667,0.10881,0.21465,0.0179,0.1553,,,none,0.278,0.06639,0.06653,0.03782,0.02799,0.349,0.484,-0.64918,13.58514,0.09791,0.954,525.82727,924,569.07713,0.84956,,0.89189,188.52203,1.0,66,"Engineering — design, tendering and site planning automate",False
245,TXN,Texas Instruments Incorporated,USA,Technology,Semiconductors,United States,225837.95936,284.02,USD,64.3,60.9,70.5,83.8,70.1,63.3,26.9,48.55043,29.66777,30.863,14.504,15.40489,14.01912,0.0206,0.03371,0.00413,0.02,0.9504,0.06793,32.0,buy,0.32347,0.12161,0.57322,0.37824,0.29108,0.186,0.313,1.03254,-7816.99396,0.83741,4.456,16109.28163,33000,488.16005,0.00279,1.31,0.32367,2239105.96355,1.0,78,Semis — rides the AI capex cycle and design automation,False
246,EFX,Equifax Inc.,USA,Industrials,Consulting Services,United States,18663.95836,177.08,USD,64.2,57.4,76.7,69.2,68.4,25.1,52.3,31.17606,17.24002,13.662,4.195,4.65253,3.40083,0.03208,0.058,0.04797,0.0126,0.3627,0.24049,21.0,buy,0.1437,0.0627,0.56124,0.17448,0.11123,0.143,0.34,2.6568,-4477.4506,1.13353,0.607,5488.05917,15000,365.87061,0.0064,1.316,-0.31798,269608.64149,1.0,84,Professional services — knowledge work with billable-hour leverage,False
247,RVRC.ST,RVRC Holding AB (publ),Stockholm,Consumer Cyclical,Apparel Retail,Sweden,585.94203,61.1,SEK,64.2,69.6,54.1,82.3,49.0,87.6,59.5,19.96732,19.52077,14.552,3.041,5.0255,3.21621,0.05008,0.05123,0.06313,0.0221,0.4412,0.34206,4.0,strong_buy,0.26406,0.16073,0.63433,0.21355,0.16468,0.002,0.351,-0.83571,31.81425,0.01322,2.554,182.1842,139,1310.67766,0.14534,1.518,0.31738,1491.48197,1.0,60,Apparel — demand forecasting and design assistance,False
248,AJA-B.ST,Byggmästare Anders J Ahlström Holding AB (publ),Stockholm,Communication Services,Publishing,Sweden,131.49918,50.0,SEK,64.2,58.7,74.5,43.4,,95.8,58.0,36.23188,12.82051,-203.205,91.327,0.74369,96.65575,0.0276,0.078,-0.00939,0.014,0.3089,0.235,2.0,none,0.02582,-0.00216,1.0,-0.19573,3.5427,,,,7.85232,0.00126,7.316,1.36049,4,340.12248,0.76396,0.702,-0.23077,63.6693,0.75,76,Publishing — content production economics shift with AI,False
249,TAMTRON.HE,Tamtron Group Oyj,Helsinki,Industrials,Electrical Equipment & Parts,Finland,37.04976,4.9,EUR,64.2,64.5,63.7,57.0,83.9,60.1,62.6,81.66667,10.88889,6.441,0.787,1.64154,0.65528,0.01224,0.09184,0.08423,0.0306,0.0,0.22449,1.0,none,0.02195,0.06125,0.59093,0.0893,0.00833,0.119,77.79,1.07973,-7.462,0.44581,1.601,56.54,330,171.33333,0.87732,0.132,-0.09926,6.223,1.0,60,"Electrical — electrification tailwind, moderate AI angle",False
250,EPEN.ST,Ependion AB,Stockholm,Technology,Communication Equipment,Sweden,453.80941,156.2,SEK,64.1,60.1,71.4,61.2,75.4,53.6,52.0,29.58333,20.36506,16.846,2.325,3.08726,2.08162,0.0338,0.0491,0.06306,0.0096,0.2841,0.05847,3.0,hold,0.10299,0.05278,0.53344,0.11178,0.07084,0.216,0.429,1.67097,-50.26634,0.42887,1.294,218.00732,853,255.57717,0.33281,1.403,0.28878,313.17046,1.0,74,"Network equipment — AI traffic drives demand, ops automate",False
251,RUG.ST,RugVista Group AB (publ),Stockholm,Consumer Cyclical,Home Improvement Retail,Sweden,122.64464,65.1,SEK,64.1,69.2,54.5,65.9,82.5,77.0,60.3,23.08511,19.54955,12.395,1.621,2.28053,1.64453,0.04332,0.05115,0.06203,0.023,0.4433,0.34665,3.0,strong_buy,0.12717,0.07629,0.52248,0.11802,0.08361,0.156,1.885,-0.18176,1.77244,0.21296,2.17,74.57742,96,776.84809,0.35254,1.357,0.01402,475.09211,1.0,60,Consumer Cyclical sector default,False
252,SONE.ST,Sonetel AB (publ),Stockholm,Technology,Software - Infrastructure,Sweden,3.98032,5.8,SEK,64.1,50.8,88.8,41.6,68.0,47.6,51.7,,,5.072,1.585,1.51199,1.34557,-0.00345,,,,0.0,,,none,,,0.49978,-0.00165,0.01357,0.119,,0.7661,-0.7082,0.2794,0.229,2.9581,39,75.84866,0.86928,0.562,-0.44762,0.86373,0.67,92,Software economics — AI compounds both the product and dev productivity,False
253,MO,"Altria Group, Inc.",USA,Consumer Defensive,Tobacco,United States,108271.1966,74.21,USD,64.0,73.8,45.8,95.4,66.9,35.1,72.5,15.49269,12.62672,9.187,7.118,,6.0812,0.06455,0.0792,0.06894,0.0571,0.8768,-0.04816,11.0,hold,,0.27609,0.87379,0.62295,0.39518,0.053,1.063,1.33462,-18409.73262,,0.619,17804.25856,5900,3017.67094,0.00125,0.494,0.2595,554619.12095,0.83,48,Tobacco — limited AI surface,False
254,BX,Blackstone Inc.,USA,Financial Services,Asset Management,United States,135525.96543,126.91,USD,64.0,60.4,70.6,91.3,42.0,33.1,50.4,32.54103,17.04982,,8.721,11.90861,10.77395,0.03073,0.05865,,0.0392,1.2154,0.10117,20.0,buy,0.29533,0.13028,1.0,0.38032,0.21213,0.057,0.039,,-11200.50799,0.72022,0.896,12579.04369,5285,2380.14072,0.01077,1.58,-0.23865,576778.42146,0.75,80,Asset management — research and back-office automation,False
255,DVA,DaVita Inc.,USA,Healthcare,Medical Care Facilities,United States,13288.90704,236.97,USD,64.0,59.2,72.8,69.0,60.4,24.6,64.2,22.82948,13.75998,10.589,2.137,,1.09937,0.0438,0.07267,0.06572,,0.0,-0.11984,7.0,hold,0.80981,0.07496,0.32454,0.13864,0.05648,0.06,0.435,4.4953,-10968.68829,12.61331,1.417,12087.71662,78000,154.97073,0.46898,0.882,0.69956,179221.67202,1.0,76,"Care delivery — scheduling, triage and admin absorb most cost",False
256,PFG,"Principal Financial Group, Inc.",USA,Financial Services,Asset Management,United States,21505.78621,113.95,USD,64.0,61.1,69.4,53.1,59.7,69.7,67.2,16.34864,11.08098,10.983,1.554,2.08749,1.59228,0.06117,0.09024,0.05922,0.0288,0.4491,-0.06904,12.0,hold,0.13386,0.00375,0.47613,0.148,0.10102,-0.045,8.19,-0.53592,1024.06366,0.33624,1.526,13506.26683,19700,685.5973,0.01098,0.888,0.44717,130922.21044,1.0,80,Asset management — research and back-office automation,False
257,PGR,The Progressive Corporation,USA,Financial Services,Insurance - Property & Casualty,United States,105632.19554,207.95,USD,64.0,63.1,65.7,65.5,45.7,50.3,78.3,10.43926,12.79536,8.272,1.399,4.01937,1.32832,0.09579,0.07815,,0.0668,0.6974,0.11542,21.0,hold,0.34943,0.07839,0.18521,0.18208,0.12849,0.073,0.05,0.41641,-5599.54329,0.24428,0.282,79523.30423,70053,1135.1877,0.00252,0.246,-0.15167,590806.45723,0.92,82,"Insurance — claims, underwriting and pricing are data workflows",False
258,HEXA-B.ST,Hexagon AB (publ),Stockholm,Technology,Scientific & Technical Instruments,Sweden,19163.02281,78.76,SEK,64.0,62.7,66.3,71.4,64.8,75.9,44.4,9.36504,14.77674,15.11213,3.55314,1.59311,3.53125,0.10678,0.06767,-0.31721,0.0193,0.1847,0.17017,14.0,buy,0.17889,0.03686,0.66044,0.24139,0.37516,0.002,7.437,1.0,-1275.90016,0.26983,3.443,5426.69978,16118,336.68568,0.25674,0.871,-0.2346,35817.06419,1.0,68,Instruments — measurement + software attach,False
259,SAVE.ST,Nordnet AB (publ),Stockholm,Financial Services,Capital Markets,Sweden,8271.12066,367.2,SEK,64.0,59.1,73.1,78.2,74.4,1.4,55.6,28.33333,34.41425,,25.895,9.94367,13.82839,0.03529,0.02906,,0.0234,0.6631,-0.01455,14.0,buy,0.42763,0.0104,0.88271,0.64655,0.49856,0.268,0.338,,-7217.12237,10.29226,0.108,598.12613,876,682.79238,0.2365,0.537,0.40046,8353.33482,0.75,80,"Capital markets — research, ops and compliance are text-heavy",False
260,GOFORE.HE,Gofore Oyj,Helsinki,Technology,Information Technology Services,Finland,163.01997,10.04,EUR,64.0,53.6,83.3,42.2,46.0,54.4,71.7,19.68627,9.99005,9.925,0.879,1.40538,0.77886,0.0508,0.1001,0.12215,0.0488,0.9412,0.49402,2.0,strong_buy,0.07608,0.03938,0.2096,0.04222,0.03848,0.297,-0.636,1.09318,-20.273,0.4779,1.257,209.30499,1887,110.91944,0.43626,0.147,-0.45137,254.85536,1.0,90,IT services — delivery is labor-hours that AI directly automates,False
261,DDOG,"Datadog, Inc.",USA,Technology,Software - Application,United States,80453.21585,258.69,USD,63.9,52.8,84.4,45.4,86.0,86.7,22.3,663.30774,89.78301,2558.093,24.131,23.08084,25.07695,0.00151,0.01114,0.01017,,0.0,-0.0144,46.0,strong_buy,0.0393,-0.00216,0.79906,0.00797,0.03695,0.322,1.04,-100.27902,3034.85388,0.32221,3.397,3208.25356,8100,396.08069,0.00646,1.543,0.78075,1295239.15957,1.0,92,Software economics — AI compounds both the product and dev productivity,False
262,MILDEF.ST,MilDef Group AB (publ),Stockholm,Industrials,Aerospace & Defense,Sweden,806.98443,189.05,SEK,63.9,63.1,65.4,68.0,94.9,64.1,35.7,33.10858,64.96564,20.046,3.533,5.51359,3.34635,0.0302,0.01539,0.01374,0.004,0.1313,0.22719,4.0,strong_buy,0.17632,0.08201,0.45899,0.12786,0.10013,0.645,5.154,1.05865,-44.99315,0.41784,1.921,241.15387,553,436.08295,0.11297,1.098,0.04679,4360.15885,1.0,72,Defence — autonomy and sensor fusion are budget priorities,False
263,ENVAR.ST,Envar Holding AB,Stockholm,Communication Services,Electronic Gaming & Multimedia,Sweden,48.03862,42.4,SEK,63.9,55.7,79.0,67.2,54.3,93.3,24.4,44.63158,,30.947,3.966,5.71814,4.2657,0.02241,,-0.0344,,0.0,,,none,0.13675,0.09052,0.54033,0.10112,0.09548,0.315,-0.12,-2.33863,3.37521,,3.48,11.26161,39,288.75928,0.93705,,0.39934,20.42602,0.92,85,Gaming — content pipelines and live-ops are AI-automatable,False
264,SUBGEN.ST,Subgen AI AB (publ),Stockholm,Technology,Software - Infrastructure,Sweden,7.59755,0.064,SEK,63.9,50.4,89.1,29.2,74.0,38.4,65.5,0.01793,,-11.409,1.545,0.14286,0.3981,55.78125,,-0.38035,,0.0,,,none,-0.12123,-0.02774,0.52069,-0.29997,-0.24107,0.152,,,-23.5779,0.62544,0.983,19.08438,251,76.0334,1e-05,,-0.98968,164.60748,0.83,92,Software economics — AI compounds both the product and dev productivity,False
265,FONDIA.HE,Fondia Oyj,Helsinki,Industrials,Specialty Business Services,Finland,18.43448,4.93,EUR,63.9,56.6,77.6,63.0,59.6,65.7,42.7,35.21428,10.48936,9.23,0.767,7.60802,0.77037,0.0284,0.09533,-0.05629,0.0609,2.1429,0.25761,1.0,none,0.21091,0.08634,0.35037,0.08235,0.02373,-0.049,9.44,-0.03894,0.07745,0.08797,1.041,23.92938,154,155.3856,0.484,0.558,-0.03711,9.34235,1.0,82,Business services — back-office process automation,False
266,AIZ,"Assurant, Inc.",USA,Financial Services,Insurance - Property & Casualty,United States,11984.34033,276.84,USD,63.8,62.5,66.3,47.5,74.4,48.7,79.0,14.18238,12.30154,8.544,1.064,2.34283,1.04228,0.07051,0.08129,0.14797,0.0127,0.1722,0.05837,6.0,strong_buy,0.18016,0.02436,0.12745,0.1064,0.076,0.113,0.912,0.17451,-249.87821,0.3761,0.386,11498.2417,14800,776.90822,0.00712,0.555,0.48759,104565.99848,1.0,82,"Insurance — claims, underwriting and pricing are data workflows",False
267,EG,"Everest Group, Ltd.",USA,Financial Services,Insurance - Reinsurance,Bermuda,13226.86355,382.57,USD,63.8,63.9,63.7,50.7,56.8,40.6,95.8,7.78848,6.32899,,0.87,0.99577,0.87321,0.12839,0.158,0.26377,0.0209,0.1629,0.04765,15.0,buy,0.13822,0.02655,0.15487,0.20232,0.11732,-0.047,2.307,,42.81147,0.23471,0.382,15147.33728,3064,4943.64794,0.00804,0.287,0.15941,132381.61138,0.83,82,"Insurance — claims, underwriting and pricing are data workflows",False
268,NFLX,"Netflix, Inc.",USA,Communication Services,Entertainment,United States,253665.29477,68.95,USD,63.8,65.5,60.5,83.3,57.2,54.1,56.1,21.68239,18.0538,20.006,6.091,9.33144,6.00227,0.04612,0.05539,0.08744,,0.0,0.41998,43.0,buy,0.49541,0.16085,0.49118,0.33381,0.28219,0.134,0.111,0.51109,-6576.12185,0.55236,1.142,42261.53933,16000,2641.34621,0.00567,1.517,-0.44092,2568424.04117,1.0,72,Entertainment — content pipeline productivity,False
269,NTRS,Northern Trust Corporation,USA,Financial Services,Asset Management,United States,29858.28553,184.68,USD,63.8,61.0,68.9,47.6,70.5,,70.3,19.33822,14.95364,,4.863,2.82377,4.08615,0.05171,0.06687,,0.0173,0.3298,-0.02888,13.0,hold,0.14462,0.01101,0.0,0.31721,0.22364,0.139,0.426,,-4903.37923,,,7307.19019,23600,309.6267,0.00849,1.26,0.4705,179580.44304,0.58,80,Asset management — research and back-office automation,False
270,TPR,"Tapestry, Inc.",USA,Consumer Cyclical,Luxury Goods,United States,24971.43621,141.46,USD,63.8,67.5,56.8,88.4,79.8,41.6,47.7,43.12805,18.18493,15.954,4.004,41.93893,3.64055,0.02319,0.05499,0.05352,0.0113,0.4726,0.17878,20.0,buy,0.60914,0.16443,0.76177,0.22415,0.08442,0.212,0.737,1.44874,-2494.06409,5.74912,1.841,6859.24427,12500,548.73954,0.00319,1.444,0.32939,325724.14988,1.0,58,Luxury — brand-led; service and clienteling AI at the edge,False
271,DBP-B.ST,Double Bond Pharmaceutical Int.,Stockholm,Healthcare,Biotechnology,Sweden,2.67635,0.1325,SEK,63.8,61.2,68.6,43.0,80.4,21.2,89.6,13.25,,-19.521,4.459,2.03846,4.81812,0.07547,,,,0.0,,,none,0.05978,-0.06933,0.97963,-0.15415,0.082,0.207,,,0.09684,,0.829,0.55548,8,69.4344,,0.786,-0.03285,3.05595,0.67,60,"Biotech — discovery upside, binary science risk dominates",False
272,CLAV.ST,Clavister Holding AB (publ.),Stockholm,Technology,Software - Infrastructure,Sweden,162.73995,4.834,SEK,63.7,50.1,89.0,61.0,46.9,22.3,53.5,483.40002,-120.85001,-27602.549,7.781,18.80934,7.55382,0.00207,-0.00827,-0.00654,,0.0,,,none,0.49344,-0.00085,0.7836,0.03448,0.0148,0.346,-0.642,,-4.88498,1.28227,0.87,21.54405,113,190.65533,0.34931,0.795,0.10745,512.1272,0.92,92,Software economics — AI compounds both the product and dev productivity,False
273,SPRINT.ST,Sprint Bioscience AB (publ),Stockholm,Healthcare,Biotechnology,Sweden,35.00356,3.66,SEK,63.7,65.7,60.1,73.7,0.1,91.3,87.3,3.89362,2.81538,3.105,1.813,3.63456,2.51955,0.25683,0.35519,0.10903,,0.0,0.31148,1.0,none,1.53728,0.72325,0.93816,-270.98114,0.5512,-0.996,,-1.2105,9.81882,,9.101,13.89277,30,463.09228,0.35223,-0.495,6.09302,165.38054,0.83,60,"Biotech — discovery upside, binary science risk dominates",False
274,WUF1V.HE,Wulff-Yhtiöt Oyj,Helsinki,Industrials,Business Equipment & Supplies,Finland,27.79566,4.09,EUR,63.7,69.3,53.4,58.4,74.9,47.7,89.1,5.84286,9.97561,4.274,0.338,1.20012,0.20774,0.17115,0.10024,0.22249,0.0391,0.2429,0.07579,1.0,buy,0.2448,0.07125,0.29724,0.04555,0.03563,0.178,0.51,1.59947,-16.94,0.8537,1.473,133.803,343,390.09621,0.53767,,0.4055,22.13917,1.0,58,Industrials sector default,False
275,CTAS,Cintas Corporation,USA,Industrials,Specialty Business Services,United States,71477.44728,204.45,USD,63.6,57.5,75.0,81.5,54.3,58.1,31.3,41.63951,33.6094,26.871,7.477,15.9167,7.26248,0.02402,0.02975,0.01789,0.0088,0.3666,0.04916,16.0,buy,0.40714,0.161,0.50669,0.23649,0.17754,0.089,0.156,0.77108,-2111.67978,0.52646,1.434,9842.02182,,,0.1496,0.933,-0.07622,393977.38534,1.0,82,Business services — back-office process automation,False
276,HBAN,Huntington Bancshares Incorporated,USA,Financial Services,Banks - Regional,United States,32322.64902,18.25,USD,63.6,59.8,70.8,44.2,51.6,,83.5,14.03846,9.58906,,5.263,1.24752,4.45832,0.07123,0.10429,,0.034,0.4769,0.12055,18.0,buy,0.08386,0.00899,0.0,0.40698,0.26597,0.336,-0.265,,-3278.99703,,,7249.9627,24641,294.22356,0.00806,0.952,0.08566,341763.87398,0.58,82,"Banking — document-heavy processes, fraud/KYC, service automation",False
277,RF,Regions Financial Corporation,USA,Financial Services,Banks - Regional,United States,23598.16787,31.65,USD,63.5,59.9,70.3,47.4,41.9,,86.6,12.86585,11.10889,,3.611,1.55261,3.73162,0.07773,0.09002,,0.0346,0.4309,0.01643,20.0,hold,0.11867,0.01393,0.0,0.39315,0.30837,0.034,0.085,,2007.7621,,,6323.8409,20003,316.14462,0.0026,1.012,0.21497,289553.09001,0.58,82,"Banking — document-heavy processes, fraud/KYC, service automation",False
278,FREJA.ST,Freja eID Group AB (publ),Stockholm,Technology,Software - Infrastructure,Sweden,57.7288,22.3,SEK,63.5,49.1,90.2,31.7,80.0,41.0,52.7,,-58.68421,-46.368,9.943,31.32022,10.04209,-0.02511,-0.01704,0.00997,,0.0,-0.19283,1.0,none,-2.03005,-0.14079,0.97927,-0.12317,-0.2407,0.204,,,0.57157,0.36848,0.751,5.74868,32,179.64631,0.52435,1.079,0.73541,77.62601,0.83,92,Software economics — AI compounds both the product and dev productivity,False
279,AMAT,"Applied Materials, Inc.",USA,Technology,Semiconductor Equipment & Materials,United States,367415.77965,529.66,USD,63.4,61.0,68.0,82.2,65.1,76.0,25.9,49.73333,31.62976,45.235,14.455,17.5885,14.48899,0.02011,0.03162,0.00723,0.004,0.1731,0.17633,35.0,strong_buy,0.39692,0.14858,0.48956,0.31896,0.29314,0.114,0.335,-0.10491,850.11029,0.30399,2.508,25358.26954,36400,696.65576,0.00305,1.567,1.74991,4371267.39749,1.0,78,Semis — rides the AI capex cycle and design automation,False
280,IDXX,"IDEXX Laboratories, Inc.",USA,Healthcare,Diagnostics & Research,United States,39108.01065,567.44,USD,63.4,59.8,70.1,88.2,61.4,49.9,30.4,41.84661,34.35536,29.541,10.271,28.895,10.06757,0.0239,0.02911,0.01758,,0.0,0.24846,14.0,buy,0.72915,0.26463,0.62053,0.31783,0.24634,0.143,0.172,0.58538,-790.63126,0.7104,1.119,3884.55318,11000,353.1412,0.00218,1.549,0.08941,329337.1051,1.0,74,Diagnostics — imaging and lab interpretation are AI-tractable,False
281,LLY,Eli Lilly and Company,USA,Healthcare,Drug Manufacturers - General,United States,918661.63942,1179.11,USD,63.4,66.7,57.3,94.6,90.9,45.4,28.6,41.84209,26.25504,30.086,15.08,33.76894,14.5533,0.0239,0.03809,0.00871,0.0059,0.2213,0.0774,27.0,buy,1.07459,0.20739,0.82832,0.49386,0.34986,0.555,1.699,1.05172,-33277.48701,1.39015,1.497,63123.95308,50000,1262.47906,0.00155,0.506,0.54702,3345938.72234,1.0,62,Pharma — AI aids discovery but cycles are long and regulated,False
282,IDUN-B.ST,Idun Industrier AB (publ),Stockholm,Financial Services,Asset Management,Sweden,332.86657,319.0,SEK,63.4,55.7,77.6,60.4,75.8,44.8,42.2,60.18868,,12.668,2.021,5.83853,1.53788,0.01661,,0.02433,0.0036,0.1887,0.28527,1.0,strong_buy,0.09713,0.05169,0.59129,0.08042,0.02513,0.158,0.643,2.39633,-82.75332,1.14483,1.882,216.4457,1000,216.4457,0.64208,0.631,-0.10894,342.80213,1.0,80,Asset management — research and back-office automation,False
283,EOG,"EOG Resources, Inc.",USA,Energy,Oil & Gas E&P,United States,65098.87367,139.89,USD,63.3,73.9,43.5,80.0,70.8,69.5,71.2,13.75516,9.56409,6.274,3.35,2.42075,3.1612,0.0727,0.10456,0.03844,0.0292,0.3923,0.12469,27.0,buy,0.18195,0.08968,0.61994,0.37878,0.23322,0.156,0.396,0.35412,-3894.08096,0.26873,1.716,20593.10949,3400,6056.79691,0.00284,0.261,0.20088,454395.95588,1.0,48,Oil & gas — commodity price dominates; ops optimisation real but capped,False
284,HCA,"HCA Healthcare, Inc.",USA,Healthcare,Medical Care Facilities,United States,71942.64644,371.18,USD,63.3,59.3,70.6,68.2,44.3,26.4,75.4,12.78608,11.3366,8.637,1.76,,1.07795,0.07821,0.08821,0.06954,0.0084,0.1013,0.25977,20.0,buy,,0.12344,0.41613,0.14982,0.08894,0.043,0.109,3.13382,-42619.95932,,0.834,66740.19731,230000,290.17477,0.16211,1.128,0.01819,527485.90911,0.83,76,"Care delivery — scheduling, triage and admin absorb most cost",False
285,ISRG,"Intuitive Surgical, Inc.",USA,Healthcare,Medical Instruments & Supplies,United States,106884.03764,345.42,USD,63.3,64.2,61.7,81.1,68.3,92.8,27.6,39.70345,28.79493,27.271,10.303,7.0055,11.08669,0.02519,0.03473,,,0.0,0.45952,29.0,buy,0.17423,0.10542,0.66769,0.33745,0.28446,0.185,0.265,-2.06906,7536.09971,,6.431,9640.75534,17021,566.40358,0.00509,1.46,-0.33074,829567.15429,0.83,66,Instruments — software layer increasingly the differentiator,False
286,EW,Edwards Lifesciences Corporation,USA,Healthcare,Medical Devices,United States,43128.74898,85.73,USD,63.2,61.9,65.7,77.6,58.3,90.8,31.5,46.34054,25.49834,24.372,7.36,4.78965,7.8311,0.02158,0.03922,0.01828,,0.0,0.15479,25.0,buy,0.1046,0.08269,0.77866,0.3122,0.1739,0.167,0.082,-1.55947,2593.66595,0.06806,4.421,5507.36791,16000,344.21049,0.00184,0.855,0.11978,385801.46513,1.0,66,Devices — embedded intelligence differentiates hardware,False
287,NREST.ST,Nordrest Holding AB (publ),Stockholm,Consumer Cyclical,Restaurants,Sweden,288.94272,250.5,SEK,63.2,68.0,54.4,68.7,64.9,72.1,67.1,15.97577,18.70799,8.941,1.151,11.01922,1.15374,0.06259,0.05345,0.04187,0.0339,0.3189,0.37725,1.0,none,0.69754,0.19506,0.28155,0.08287,0.07248,0.305,0.108,-0.33569,10.82093,0.17661,1.44,250.4401,1061,236.04156,0.79441,0.594,0.36438,604.68076,1.0,55,Restaurants — ordering and kitchen workflow automation,False
288,QTCOM.HE,Qt Group Oyj,Helsinki,Technology,Software - Application,Finland,615.48294,24.24,EUR,63.2,51.2,85.5,57.6,33.9,51.0,55.5,22.86793,19.76082,17.969,4.284,4.09183,2.7753,0.04373,0.05061,0.07211,,0.0,0.17574,3.0,none,0.13793,0.06848,0.44474,0.02839,0.12254,0.116,-0.95,1.6477,-87.119,0.68053,1.506,221.772,1120,198.01071,0.30801,1.46,-0.60489,3458.27232,1.0,92,Software economics — AI compounds both the product and dev productivity,False
289,SWED-A.ST,Swedbank AB (publ),Stockholm,Financial Services,Banks - Regional,Sweden,36626.07492,359.6,SEK,63.1,59.7,69.4,49.9,37.5,,86.0,13.01955,14.13522,,17.851,1.79038,5.84052,0.07681,0.07075,,0.0569,0.7409,-0.01436,16.0,hold,0.15016,0.0097,0.0,0.51436,0.45124,0.058,-0.089,,-75315.85731,,,6271.034,17300,362.48751,0.17117,0.56,0.43496,60019.206,0.58,82,"Banking — document-heavy processes, fraud/KYC, service automation",False
290,MYCR.ST,Mycronic AB (publ),Stockholm,Industrials,Specialty Industrial Machinery,Sweden,6095.56015,344.4,SEK,63.1,63.8,61.9,80.3,64.3,84.3,34.1,38.74015,21.03848,25.081,7.513,8.5332,7.77559,0.02581,0.04753,0.02363,0.0094,0.366,-0.09553,4.0,hold,0.23685,0.13143,0.5411,0.28891,0.2006,0.169,0.184,-0.87495,205.4784,0.05329,2.225,783.93587,2772,282.80515,0.002,0.709,0.64117,9242.28851,1.0,62,Machinery — predictive maintenance and embedded software,False
291,AVEN.ST,Avensia AB (publ),Stockholm,Technology,Information Technology Services,Sweden,20.59264,6.12,SEK,63.1,52.5,82.7,56.7,10.9,46.0,78.5,13.02128,6.51064,9.682,0.561,4.47696,0.56412,0.0768,0.15359,0.1593,0.098,1.0638,1.12418,1.0,strong_buy,0.3587,0.07245,0.19628,0.02806,0.03125,-0.078,-0.736,-0.0496,0.10496,1.27788,1.131,36.50382,283,128.98877,0.65736,,-0.42264,29.58602,1.0,90,IT services — delivery is labor-hours that AI directly automates,False
292,BIIB,Biogen Inc.,USA,Healthcare,Drug Manufacturers - General,United States,26570.76588,205.99,USD,63.0,66.1,57.3,71.0,49.9,75.8,66.2,22.17331,12.45029,9.236,3.29,1.63009,3.06033,0.0451,0.08032,0.06349,,0.0,0.09857,30.0,buy,0.07701,0.05952,0.7872,0.22899,0.13805,0.019,0.311,0.64391,-1991.3371,0.35181,3.065,8682.30646,7500,1157.64086,0.00188,0.158,0.67908,229033.33579,1.0,62,Pharma — AI aids discovery but cycles are long and regulated,False
293,BNY,The Bank of New York Mellon Cor,USA,Financial Services,Banks - Diversified,United States,94229.1976,157.13,USD,63.0,60.0,68.6,48.8,64.6,,69.9,19.49504,15.4924,,-1.188,2.67132,5.03622,0.0513,0.06455,,0.0141,0.2556,0.054,13.0,buy,0.14124,0.01256,0.0,0.40046,0.29414,0.131,0.269,,120132.88051,,,18710.2861,46500,402.37174,0.00244,1.058,0.59361,540912.26545,0.58,82,"Banking — document-heavy processes, fraud/KYC, service automation",False
294,KLAC,KLA Corporation,USA,Technology,Semiconductor Equipment & Materials,United States,242810.02739,212.75,USD,63.0,59.7,69.0,89.1,55.3,64.9,25.7,60.26912,41.51381,47.707,21.311,47.6911,21.21992,0.01659,0.02409,0.0104,0.0043,0.2152,0.10257,28.0,buy,0.94976,0.21282,0.61446,0.41215,0.35662,0.115,0.118,0.20297,-1037.45037,1.054,3.026,11442.55304,15000,762.83687,0.00085,1.407,1.2687,2323063.64881,1.0,78,Semis — rides the AI capex cycle and design automation,False
295,TYL,"Tyler Technologies, Inc.",USA,Technology,Software - Application,United States,11484.62932,319.51,USD,63.0,51.8,83.8,59.8,45.5,70.6,37.3,44.07035,21.54371,28.986,5.534,3.81149,5.52146,0.02269,0.04642,0.04142,,0.0,0.36936,21.0,buy,0.0893,0.04676,0.46754,0.17035,0.13262,0.086,0.022,-0.6565,260.70683,0.01348,1.001,2079.99833,7703,270.02445,0.00504,0.821,-0.42948,220095.71984,1.0,92,Software economics — AI compounds both the product and dev productivity,False
296,ALLE,Allegion plc,USA,Industrials,Security & Protection Services,Ireland,10304.27663,137.24,USD,62.9,59.9,68.5,75.9,43.9,48.7,57.6,18.77428,14.33102,13.566,3.296,5.61286,2.83574,0.05326,0.06978,0.04192,0.0154,0.2842,0.2036,11.0,buy,0.34179,0.11034,0.4497,0.18876,0.15237,0.097,-0.07,1.89541,-1673.57229,1.05863,1.908,3633.71846,13300,273.21191,0.0025,0.858,-0.08268,136800.23115,1.0,72,"Security services — monitoring scales with AI, guarding less so",False
297,STX,Seagate Technology Holdings plc,USA,Technology,Computer Hardware,Singapore,154309.57322,787.66,USD,62.9,60.0,68.4,83.2,87.9,39.2,24.7,74.65971,27.65697,51.124,16.317,161.40573,16.04143,0.01339,0.03616,0.00912,0.0038,0.277,0.28051,23.0,strong_buy,17.8797,0.24664,0.41571,0.35668,0.21599,0.441,1.083,0.86283,-2649.05837,3.81553,1.326,9619.43717,30000,320.64791,0.00242,2.067,4.26405,3091816.98703,1.0,74,Hardware — AI demand pull plus design productivity,False
298,STIL.ST,Stille AB,Stockholm,Healthcare,Medical Instruments & Supplies,Sweden,196.27789,241.0,SEK,62.9,61.8,64.9,62.2,79.4,91.5,34.6,34.97823,19.83539,18.237,3.284,2.91464,3.50738,0.02859,0.05041,9e-05,,0.0,0.19087,2.0,buy,0.0876,0.05803,0.50181,0.16742,0.10041,0.385,0.43,-1.2434,12.52793,,3.522,55.96136,217,257.88647,0.14401,0.382,0.05702,148.60457,0.92,66,Instruments — software layer increasingly the differentiator,False
299,CARE.ST,Careium AB (Publ),Stockholm,Industrials,Security & Protection Services,Sweden,65.70606,29.8,SEK,62.9,58.0,71.9,46.7,81.1,62.5,53.7,19.10256,12.62712,10.486,0.974,1.01075,0.79183,0.05235,0.07919,0.01038,,0.0,-0.09396,2.0,strong_buy,0.05878,0.02913,0.43364,0.05969,0.04151,0.243,0.769,1.95765,-15.08231,0.2882,1.879,82.97992,602,137.8404,0.41927,0.691,0.1037,64.80604,1.0,72,"Security services — monitoring scales with AI, guarding less so",False
300,CDMIL.ST,CodeMill AB (publ),Stockholm,Technology,Software - Application,Sweden,17.65552,14.3,SEK,62.9,48.2,90.1,49.7,23.2,84.3,45.1,,,11.066,2.203,3.79512,2.63002,-0.0,,0.03305,0.0315,2.4641,,,none,0.0008,0.00077,0.89142,0.07806,0.00059,-0.128,0.028,-2.14713,2.86899,0.00512,1.635,6.71308,39,172.13025,0.61199,0.762,-0.19663,3.1885,1.0,92,Software economics — AI compounds both the product and dev productivity,False
301,SEB-A.ST,Skandinaviska Enskilda Banken AB (publ),Stockholm,Financial Services,Banks - Regional,Sweden,38030.36768,215.3,SEK,62.8,59.3,69.2,49.2,39.2,,84.4,13.73963,13.63521,,8.305,1.95216,5.62916,0.07278,0.07334,,0.0395,0.5421,-0.05877,17.0,hold,0.14083,0.00736,0.0,0.54663,0.41787,0.023,0.076,,-18066.32534,,,6755.952,18400,367.1713,0.00988,0.417,0.28384,46044.82865,0.58,82,"Banking — document-heavy processes, fraud/KYC, service automation",False
302,NDA-FI.HE,Nordea Bank Abp,Helsinki,Financial Services,Banks - Regional,Finland,57829.56442,17.04,EUR,62.8,59.8,68.5,49.8,35.2,,87.9,12.43796,10.86631,,19.915,1.79747,4.97501,0.0804,0.09203,,0.0763,0.7007,0.03286,9.0,buy,0.15337,0.00699,0.0,0.54154,0.4058,0.015,0.029,,-173695.00877,,,11623.99949,28412,409.12289,0.01767,0.637,0.39045,60625.83216,0.58,82,"Banking — document-heavy processes, fraud/KYC, service automation",False
303,DONE.ST,Done.ai Group AB,Stockholm,Technology,Software - Application,Sweden,62.91535,8.16,SEK,62.8,52.4,82.1,17.9,99.5,46.0,64.5,,,-242.23,2.469,1.68005,1.83325,-0.16912,,0.07626,2.5881,0.8643,,,none,-0.13973,-0.05252,0.1639,-0.25036,-0.32133,13.355,,,-12.81815,0.38432,0.963,34.31906,175,196.10892,0.68687,-0.195,-0.33115,88.88009,0.83,92,Software economics — AI compounds both the product and dev productivity,False
304,SUSG.ST,Sustainion Group AB,Stockholm,Industrials,Security & Protection Services,Sweden,35.72285,1.815,SEK,62.8,62.9,62.5,53.9,90.1,47.7,63.0,12.96429,,8.899,0.831,2.12778,0.67973,0.07713,,0.02003,,0.0,,,none,0.17754,0.05611,0.29184,0.04527,0.04723,0.382,2.211,1.6627,-8.15841,0.57007,1.142,52.55425,109,482.1491,0.65319,0.986,1.11047,25.13147,1.0,72,"Security services — monitoring scales with AI, guarding less so",False
305,AIG,"American International Group, Inc.",USA,Financial Services,Insurance - Diversified,United States,37290.91321,80.5,USD,62.7,59.9,67.8,49.0,45.6,55.5,84.2,14.17254,9.09011,5.083,1.583,1.06173,1.5985,0.07056,0.11001,0.22298,0.0248,0.3169,0.09752,20.0,buy,0.07723,0.01885,0.35534,0.1862,0.11839,0.014,0.216,-0.05255,381.80708,0.22647,0.611,23328.66499,22100,1055.5957,0.00571,0.541,-0.00347,312143.31632,1.0,82,"Insurance — claims, underwriting and pricing are data workflows",False
306,BMY,Bristol-Myers Squibb Company,USA,Healthcare,Drug Manufacturers - General,United States,108369.74616,60.74,USD,62.7,66.0,56.5,86.8,40.7,36.6,73.2,17.01401,9.80088,8.433,3.3,6.1803,2.55838,0.05878,0.10203,0.07943,0.0415,0.7003,0.03652,24.0,buy,0.38732,0.10689,0.71981,0.3304,0.15006,0.026,0.092,1.89433,-31403.40007,2.30967,1.42,42358.72541,32500,1303.3454,0.00083,0.235,0.30092,621798.39946,1.0,62,Pharma — AI aids discovery but cycles are long and regulated,False
307,VIMIAN.ST,Vimian Group AB (publ),Stockholm,Healthcare,Diagnostics & Research,Sweden,1615.17637,33.75,SEK,62.7,58.1,71.2,62.3,71.5,60.0,43.2,43.26923,25.37594,15.54512,3.76079,2.24107,3.72504,0.02311,0.03941,0.03493,,0.0,0.03719,6.0,buy,0.05287,0.04062,0.69004,0.1819,0.08487,0.079,1.256,1.88179,-197.4,0.33945,1.712,433.6,1300,333.53846,0.06447,1.169,-0.05356,1191.13794,1.0,74,Diagnostics — imaging and lab interpretation are AI-tractable,False
308,MORROW.ST,Morrow Bank AB,Stockholm,Financial Services,Banks - Regional,Sweden,274.91166,12.88,SEK,62.7,61.6,64.7,47.8,47.6,,86.9,12.75248,,,2.494,1.3018,4.03343,0.07842,,,0.0278,0.3619,0.43634,2.0,strong_buy,0.11226,0.01446,0.0,0.45569,0.37526,0.099,0.023,,100.15598,,,68.15829,68,1002.32781,0.178,,1.35036,516.46595,0.58,82,"Banking — document-heavy processes, fraud/KYC, service automation",False
309,VERK.HE,Verkkokauppa.com Oyj,Helsinki,Consumer Cyclical,Internet Retail,Finland,156.40659,3.515,EUR,62.7,61.1,65.7,53.0,61.0,50.1,76.2,13.01852,12.40603,9.513,0.313,4.02174,0.28939,0.07681,0.08061,0.09089,0.0569,0.1741,0.13798,3.0,strong_buy,0.35967,0.06504,0.10073,0.02013,0.02316,0.057,0.5,0.68682,-12.198,1.03071,1.44,540.47302,613,881.68519,0.33244,0.607,0.03687,467.93437,1.0,82,"E-commerce — recommendation, logistics and support automation",False
310,IBKR,"Interactive Brokers Group, Inc.",USA,Financial Services,Capital Markets,United States,134164.4942,90.53,USD,62.6,58.3,70.7,79.4,66.1,26.0,44.8,38.85408,30.17596,,-5.621,7.22103,23.82606,0.02574,0.03314,,0.0039,0.1373,0.10451,12.0,buy,0.2356,0.02425,0.93018,0.76811,0.16106,0.168,0.229,,80581.3539,1.52192,1.101,5630.99683,3232,1742.26387,0.0271,1.329,0.46016,383867.43247,0.75,80,"Capital markets — research, ops and compliance are text-heavy",False
311,MRSH,"Marsh & McLennan Companies, Inc.",USA,Financial Services,Insurance Brokers,United States,76687.5476,182.18,USD,62.5,55.0,76.3,73.8,37.9,30.0,56.9,22.7725,16.13975,14.262,3.956,6.02945,3.18979,0.04391,0.06196,0.05657,0.0217,0.4394,0.10069,21.0,buy,0.27571,0.07271,0.43853,0.24339,0.14264,0.076,-0.154,2.73061,-18207.90786,1.51634,1.112,24041.60332,95000,253.06951,0.00107,0.603,-0.13252,440406.46347,1.0,82,"Insurance — claims, underwriting and pricing are data workflows",False
312,TDG,TransDigm Group Incorporated,USA,Industrials,Aerospace & Defense,United States,59348.19297,1214.43,USD,62.5,60.5,66.1,84.1,60.7,53.5,36.3,37.87991,25.85603,19.8,10.107,,7.148,0.0264,0.03868,0.02245,,0.0,0.24252,20.0,buy,,0.11769,0.59718,0.46659,0.21909,0.183,0.115,5.79509,-24561.45534,,3.516,8302.77095,16500,503.19824,0.00403,0.884,-0.23315,423126.65284,0.83,72,Defence — autonomy and sensor fusion are budget priorities,False
313,WYNN,"Wynn Resorts, Limited",USA,Consumer Cyclical,Resorts & Casinos,United States,8763.16663,96.64,USD,62.5,58.8,69.3,71.0,66.6,29.4,54.2,27.69054,18.19133,11.09,2.676,,1.37504,0.03611,0.05497,0.03558,0.0103,0.2865,0.38659,19.0,strong_buy,,0.05599,0.68108,0.15323,0.05142,0.092,0.509,5.88893,-9055.58433,,1.242,6373.02039,28500,223.61475,0.27232,0.988,-0.09139,122674.69683,0.83,68,Gaming — CRM and risk automation,False
314,SAND.ST,Sandvik AB (publ),Stockholm,Industrials,Specialty Industrial Machinery,Sweden,38440.67492,338.1,SEK,62.4,63.6,60.1,68.8,79.6,59.9,48.6,25.19374,24.86029,15.828,3.594,4.22958,3.2847,0.03969,0.04022,0.03421,0.0177,0.4471,0.16755,20.0,hold,0.17908,0.08124,0.40335,0.19686,0.1305,0.237,0.629,1.34738,-3580.32735,0.42909,1.639,11702.93226,41194,284.09313,0.18391,,0.41464,60075.47245,1.0,62,Machinery — predictive maintenance and embedded software,False
315,LUND-B.ST,L E Lundbergföretagen AB (publ),Stockholm,Industrials,Conglomerates,Sweden,12475.53876,555.0,SEK,62.4,66.9,54.0,69.6,68.1,56.4,68.2,10.05982,,12.945,5.428,1.02834,3.52824,0.09941,,0.05573,0.0088,0.0834,0.01862,3.0,none,0.0908,0.03897,0.65866,0.50394,0.35064,0.104,0.507,1.43531,-2127.83882,0.1427,1.001,3535.91428,4097,863.04962,0.52711,0.942,0.14907,5113.96474,1.0,58,Conglomerate — mixed exposure,False
316,PLEJD.ST,Plejd AB,Stockholm,Industrials,Electrical Equipment & Parts,Sweden,923.32419,899.0,SEK,62.4,64.3,58.9,82.3,72.7,83.0,28.2,44.24213,73.68852,28.978,8.386,11.10699,8.50048,0.0226,0.01357,0.00651,,0.0,0.33482,2.0,strong_buy,0.2973,0.17289,0.62628,0.20246,0.19199,0.284,0.285,-0.39686,12.47409,0.10711,2.599,108.62021,273,397.87623,0.31072,0.418,0.00111,1617.30185,1.0,60,"Electrical — electrification tailwind, moderate AI angle",False
317,BTS-B.ST,BTS Group AB (publ),Stockholm,Industrials,Consulting Services,Sweden,321.03024,182.6,SEK,62.4,53.5,78.8,53.3,29.0,69.3,62.3,26.16046,13.99234,11.569,1.333,2.33042,1.33256,0.03823,0.07147,0.07832,0.0241,0.8739,-0.02793,1.0,none,0.08732,0.04493,0.43421,0.07492,0.05099,-0.07,0.073,0.00297,-0.08248,0.39301,1.844,240.91204,1127,213.76401,0.30056,0.61,-0.14272,262.85764,1.0,84,Professional services — knowledge work with billable-hour leverage,False
318,TRMB,Trimble Inc.,USA,Technology,Scientific & Technical Instruments,United States,10737.45828,52.72,USD,62.3,59.1,68.2,65.3,70.9,54.1,46.6,27.60209,12.93209,15.536,3.653,2.16687,3.3336,0.03623,0.07733,0.03012,,0.0,0.56013,12.0,strong_buy,0.08252,0.04653,0.7148,0.15874,0.12375,0.118,0.556,1.35967,-1029.83022,0.25062,1.014,3220.98246,11500,280.08543,0.00402,1.383,-0.35257,128289.10354,1.0,68,Instruments — measurement + software attach,False
319,ZBH,"Zimmer Biomet Holdings, Inc.",USA,Healthcare,Medical Devices,United States,15401.8473,91.12,USD,62.3,61.7,63.5,64.0,62.7,49.9,64.2,23.60622,10.12273,9.587,2.943,1.39053,2.09634,0.04236,0.09879,0.05923,0.0105,0.2487,0.08209,20.0,buy,0.06065,0.04096,0.70176,0.19687,0.09052,0.093,0.341,2.75417,-6210.69646,0.59827,1.733,7347.03069,17000,432.17828,0.00152,0.461,-0.01588,196516.32538,1.0,66,Devices — embedded intelligence differentiates hardware,False
320,CX.ST,CombinedX AB (publ),Stockholm,Technology,Information Technology Services,Sweden,56.85,32.2,SEK,62.3,51.7,82.1,45.0,37.7,64.1,62.8,4.61318,8.77384,7.611,0.737,1.23932,0.64788,0.21677,0.11398,-0.0337,0.0311,0.1433,0.70807,1.0,strong_buy,0.07445,0.04252,0.19843,0.07805,0.03636,0.08,-0.199,0.91676,-7.78588,0.29362,1.55,87.74752,572,153.40475,0.55732,0.47,-0.16146,37.60581,1.0,90,IT services — delivery is labor-hours that AI directly automates,False
321,WPAY.ST,Westpay AB,Stockholm,Technology,Software - Infrastructure,Sweden,9.90102,1.075,SEK,62.3,47.2,90.3,71.7,19.8,44.0,38.6,35.83334,,10.939,1.392,5.14354,1.29114,0.02791,0.0,-0.0795,,0.0,,,none,0.23803,0.06496,0.88816,0.03643,0.04205,0.017,-0.846,0.79467,-0.7756,0.55485,0.641,7.66841,46,166.70465,0.58925,0.317,-0.34848,2.84925,1.0,92,Software economics — AI compounds both the product and dev productivity,False
322,TELLUS.ST,Tellusgruppen AB (publ),Stockholm,Consumer Defensive,Education & Training Services,Sweden,9.72475,6.04,SEK,62.3,54.0,77.6,63.4,49.8,5.1,70.3,22.37037,,11.534,0.842,2.01669,0.21625,0.0447,,0.29297,0.0215,0.3704,,,none,0.20864,0.02771,0.94681,0.01683,0.01006,0.057,,8.57265,-28.14972,5.93764,0.263,44.97095,687,65.45989,0.90796,-0.091,0.2428,2.08472,0.92,72,Education — content generation and personalised delivery,False
323,ERIE,Erie Indemnity Company,USA,Financial Services,Insurance Brokers,United States,10384.80667,227.31,USD,62.2,58.8,68.4,66.7,40.0,74.8,54.0,20.83501,16.22484,14.091,2.849,5.05032,2.90628,0.048,0.06163,0.03765,0.0257,0.5179,,,none,0.2585,0.14841,0.17913,0.16876,0.13971,0.023,0.087,-0.28229,203.95742,0.02108,1.29,3573.23214,6667,535.95802,0.45461,0.286,-0.35473,46903.53978,1.0,82,"Insurance — claims, underwriting and pricing are data workflows",False
324,MDT,Medtronic plc,USA,Healthcare,Medical Devices,Ireland,93048.83597,83.2,USD,62.2,60.8,64.8,68.0,57.2,57.1,56.6,22.30563,12.98989,12.574,3.494,2.15332,2.92871,0.04483,0.07698,0.04343,0.0346,0.7614,0.17596,25.0,buy,0.09841,0.04917,0.65309,0.22045,0.13203,0.099,0.183,1.97258,-17411.96775,0.58214,2.126,31771.22884,95000,334.43399,0.00306,0.583,-0.07246,748360.84261,1.0,66,Devices — embedded intelligence differentiates hardware,False
325,REJL-B.ST,Rejlers AB (publ),Stockholm,Industrials,Consulting Services,Sweden,320.81758,155.0,SEK,62.2,52.4,80.4,52.0,37.6,38.8,69.5,20.6117,12.34076,9.795,0.939,1.66983,0.72316,0.04852,0.08103,0.08933,0.0339,0.6981,0.27419,2.0,strong_buy,0.08842,0.05389,0.38106,0.06235,0.03486,0.094,-0.303,2.25314,-95.84157,0.53274,0.781,443.6321,3569,124.30151,0.11135,0.486,-0.22345,913.62247,1.0,84,Professional services — knowledge work with billable-hour leverage,False
326,CARA.ST,Carasent AB (publ),Stockholm,Healthcare,Health Information Services,Sweden,146.64234,24.2,SEK,62.2,51.6,81.8,45.7,77.5,67.0,33.6,39.03226,,59.655,4.384,2.28496,4.44619,0.02562,,0.03384,,0.0,0.43595,2.0,strong_buy,0.05184,0.00858,0.83715,-0.02766,0.11913,0.179,,-0.85157,2.06385,0.03616,0.814,32.98159,236,139.75252,0.26961,,-0.19868,221.1053,0.92,80,Health IT — records and diagnostics are data problems,False
327,LASER.ST,Lasernet Group AB,Stockholm,Technology,Software - Application,Sweden,79.44103,29.9,SEK,62.2,49.7,85.4,51.2,45.6,96.9,27.2,,,17.848,3.321,1.86525,3.60397,-0.02709,,-0.00252,0.0167,5.0583,0.07023,1.0,none,-0.06559,0.0171,0.63141,0.19023,2.04166,-0.002,0.28,-18.00789,73.85122,0.00171,4.853,22.04266,79,279.02096,0.65359,0.449,0.09124,189.62592,1.0,92,Software economics — AI compounds both the product and dev productivity,False
328,TLT1V.HE,Teleste Oyj,Helsinki,Technology,Communication Equipment,Finland,65.9934,3.6,EUR,62.2,56.7,72.5,51.0,59.7,48.6,65.4,18.94737,8.78049,11.834,0.642,1.11111,0.47596,0.05278,0.11389,0.07044,0.0222,0.1579,0.16667,1.0,buy,0.05895,0.03471,0.53965,0.05453,0.02533,0.0,1.333,3.05389,-22.953,0.51751,1.598,138.652,637,217.66405,0.57185,0.648,0.11111,30.3192,1.0,74,"Network equipment — AI traffic drives demand, ops automate",False
329,SNM-SDB.ST,ShaMaran Petroleum Ltd.,Stockholm,Energy,Oil & Gas E&P,Bermuda,344.94724,1.318,SEK,62.1,67.5,52.0,84.3,51.0,70.8,57.3,,,3.7349,2.57071,1.48621,2.51449,,,0.01733,,,,,none,0.18478,0.08472,0.75665,0.5393,0.28632,0.06,,0.89659,-84.65804,0.50157,5.576,137.18402,,,,0.891,-0.0518,162.67449,0.83,48,Oil & gas — commodity price dominates; ops optimisation real but capped,False
330,CLBIO.ST,Corline Biomedical AB,Stockholm,Healthcare,Biotechnology,Sweden,41.57028,17.55,SEK,62.1,59.0,67.9,33.9,95.6,91.3,47.8,,19.7191,-30.536,40.407,4.56556,42.99983,-0.03191,0.05071,-0.04078,,0.0,0.65242,1.0,none,-0.1535,-0.08644,0.82805,-0.58165,-1.32608,0.935,,,2.50626,0.05229,6.413,0.96675,13,74.36573,0.61149,0.319,0.30483,18.92948,0.83,60,"Biotech — discovery upside, binary science risk dominates",False
331,BBROOM.ST,New Bubbleroom Sweden AB (publ),Stockholm,Consumer Cyclical,Internet Retail,Sweden,18.3176,13.0,SEK,62.1,56.9,71.8,33.7,79.8,66.4,63.9,,,-23.838,0.344,2.53362,0.45556,-0.08923,,0.07151,,0.0,,,none,-0.2041,-0.04324,0.50998,0.04397,-0.04083,0.157,1.054,,4.48545,0.15856,1.413,40.20896,67,600.13369,0.86999,,1.6971,21.5465,0.92,82,"E-commerce — recommendation, logistics and support automation",False
332,MAGI.ST,MAG Interactive AB (publ),Stockholm,Communication Services,Electronic Gaming & Multimedia,Sweden,17.89801,7.44,SEK,62.1,52.9,79.1,34.2,57.0,84.1,56.5,,10.05405,-25.397,0.435,0.66679,0.59942,-0.05108,0.09946,0.03071,0.1639,0.0,,,none,-0.03289,-0.01966,0.56347,-0.02303,-0.03008,0.079,,,4.92423,0.10356,2.882,29.85872,101,295.63089,0.57289,0.707,-0.47972,31.56311,0.83,85,Gaming — content pipelines and live-ops are AI-automatable,False
333,BPCINS.ST,BPC Instruments AB,Stockholm,Technology,Scientific & Technical Instruments,Sweden,16.65727,16.55,SEK,62.1,57.5,70.7,55.2,44.3,95.5,50.1,20.4321,,15.036,1.738,1.95303,2.79321,0.04894,,0.02641,,0.0,,,none,0.10082,0.0453,0.72051,-0.04746,0.13732,0.038,,-9.12331,6.29043,,10.271,5.9635,32,186.35925,0.76321,0.717,-0.52714,19.37195,0.83,68,Instruments — measurement + software attach,False
334,GL,Globe Life Inc.,USA,Financial Services,Insurance - Life,United States,12533.79045,184.76,USD,62.0,59.4,66.7,61.4,47.1,39.9,75.1,12.78616,11.12183,10.48,2.827,2.36505,2.362,0.07821,0.08991,0.09182,0.0071,0.0789,0.02049,11.0,buy,0.20455,0.03312,0.33732,0.23746,0.19383,0.054,0.126,1.72242,-2465.21882,0.53588,0.663,5306.43022,3695,1436.11102,0.00696,0.47,0.53595,98180.02633,1.0,82,"Insurance — claims, underwriting and pricing are data workflows",False
335,MTD,Mettler-Toledo International Inc.,USA,Healthcare,Diagnostics & Research,Switzerland,23128.90155,1310.02,USD,62.0,56.0,73.1,81.5,46.4,46.6,37.2,30.76609,25.54682,23.522,7.003,,6.4728,0.0325,0.03914,0.02323,,0.0,0.02021,12.0,buy,,0.20574,0.59186,0.23292,0.21396,0.072,0.067,1.78064,-1894.23753,,1.202,3573.24265,16600,215.25558,0.00433,1.245,0.12305,231913.94958,0.83,74,Diagnostics — imaging and lab interpretation are AI-tractable,False
336,SWEC-B.ST,Sweco AB (publ),Stockholm,Industrials,Engineering & Construction,Sweden,4324.0601,132.2,SEK,62.0,59.6,66.4,62.5,57.9,48.6,62.9,20.95087,18.28492,11.78,1.663,3.61974,1.46267,0.04773,0.05469,0.0639,0.028,0.5873,0.34644,5.0,strong_buy,0.18761,0.07787,0.33989,0.10434,0.06984,0.095,0.212,1.41008,-588.42774,0.56526,1.119,2956.27842,23555,125.50535,0.09797,,-0.13084,4678.54069,1.0,66,"Engineering — design, tendering and site planning automate",False
337,RAIL.ST,Railcare Group AB (publ),Stockholm,Industrials,Railroads,Sweden,82.43437,37.7,SEK,62.0,64.1,58.1,70.2,83.0,14.3,69.4,19.73822,13.56115,11.582,2.084,2.83054,1.27361,0.05066,0.07374,0.13889,0.0186,0.3665,,,none,0.15014,0.05042,0.7623,0.12342,0.06445,0.192,1.373,4.50278,-52.42917,1.88406,0.595,64.72488,210,308.21371,0.40569,0.259,0.40935,82.90194,1.0,55,Rail — network optimisation on a fixed asset base,False
338,NICA.ST,Nanologica AB (publ),Stockholm,Healthcare,Biotechnology,Sweden,13.20111,0.443,SEK,62.0,59.6,66.6,45.6,95.9,30.9,66.1,1.58214,1.52759,-2.905,4.177,0.5449,4.57543,0.63205,0.65463,-0.0854,,0.0,2.83747,1.0,none,0.29817,-0.15668,0.61815,-0.50951,0.75609,0.996,,,-7.23434,1.22126,1.15,2.88522,72,40.07247,0.17696,-0.068,-0.6694,181.63209,0.83,60,"Biotech — discovery upside, binary science risk dominates",False
339,CHTR,"Charter Communications, Inc.",USA,Communication Services,Telecom Services,United States,17983.22453,131.37,USD,61.9,60.7,64.0,74.7,35.3,10.6,86.5,3.55534,2.96555,5.331,2.144,0.98605,0.37673,0.28127,0.33721,0.11678,,0.0,0.63167,17.0,hold,0.27505,0.05413,0.55346,0.2388,0.09029,-0.01,0.089,4.38248,-84141.6824,4.59525,0.401,47735.47391,91900,519.42844,0.34392,0.704,-0.66219,411464.56878,1.0,70,"Telecom — network ops and service automation, capital-heavy core",False
340,KEYS,"Keysight Technologies, Inc.",USA,Technology,Scientific & Technical Instruments,United States,47167.43078,315.9,USD,61.9,59.5,66.3,72.7,76.1,67.8,28.9,50.78778,26.58355,37.998,8.925,8.52034,8.86758,0.01969,0.03762,0.02011,,0.0,0.22726,13.0,buy,0.18174,0.06039,0.62139,0.18812,0.17313,0.315,0.356,0.24545,-306.66876,0.43642,1.903,5319.08575,16500,322.36883,0.00581,1.214,0.93804,436353.93786,1.0,68,Instruments — measurement + software attach,False
341,RL,Ralph Lauren Corporation,USA,Consumer Cyclical,Apparel Manufacturing,United States,19783.18369,380.45,USD,61.9,63.6,58.6,80.1,64.6,56.5,47.4,25.19536,18.66989,15.515,2.907,8.04708,2.79044,0.03969,0.05356,0.02898,0.0098,0.2416,0.12909,16.0,none,0.34664,0.10882,0.69865,0.13372,0.11598,0.166,0.2,0.62119,-825.12242,1.05913,2.128,7089.63894,15600,454.46403,0.02543,1.352,0.31753,230536.77717,1.0,60,Apparel — demand forecasting and design assistance,False
342,STE,STERIS plc,USA,Healthcare,Medical Devices,United States,18548.80911,217.84,USD,61.9,61.1,63.5,65.1,64.2,68.4,50.7,27.47037,17.88506,14.346,3.862,2.96575,3.57657,0.0364,0.05591,0.03944,0.0116,0.3102,0.17911,7.0,none,0.11368,0.06652,0.44236,0.20039,0.13179,0.073,0.522,1.03104,-1439.42082,0.28999,2.091,5186.19612,17937,289.13398,0.00306,0.922,-0.0216,155870.23753,1.0,66,Devices — embedded intelligence differentiates hardware,False
343,UBER,"Uber Technologies, Inc.",USA,Technology,Software - Application,United States,128870.31647,72.46,USD,61.9,54.8,75.2,69.1,37.6,51.9,51.2,17.98015,16.27382,22.064,2.885,5.96182,2.7474,0.05562,0.06145,0.04432,,0.0,0.43544,48.0,strong_buy,0.3531,0.06943,0.39635,0.14565,0.15907,0.145,-0.846,0.90142,-5528.77421,0.48113,1.069,46906.33421,35000,1340.18098,0.00448,1.113,-0.20513,1230410.11652,1.0,92,Software economics — AI compounds both the product and dev productivity,False
344,MCAP.ST,MedCap AB (publ),Stockholm,Healthcare,Medical Devices,Sweden,697.54396,514.0,SEK,61.9,60.3,64.8,71.8,56.3,72.0,43.6,34.24383,101.38067,19.253,3.587,5.0602,3.53702,0.0292,0.00986,0.0412,,0.0,0.20136,2.0,none,0.1591,0.08062,0.59192,0.14721,0.1035,0.133,0.097,0.20646,-7.58648,0.31304,2.102,197.21213,637,309.59518,0.20905,0.491,-0.03202,879.49574,1.0,66,Devices — embedded intelligence differentiates hardware,False
345,ACCON.ST,Acconeer AB (publ),Stockholm,Technology,Electronic Components,Sweden,102.83063,14.9,SEK,61.9,57.4,70.3,28.1,96.1,92.1,48.6,,149.0,-53.547,14.72,4.08667,15.44642,-0.02349,0.00671,-0.04372,,0.0,-0.56376,1.0,none,-0.10386,-0.05972,0.53558,-0.67633,-0.37177,1.034,,,4.83423,,5.452,6.65725,50,133.14492,0.40527,,2.10417,726.39185,0.75,68,Components — factory automation and quality inspection,False
346,XER.ST,Xer Tech Holding AB (publ),Stockholm,Technology,Computer Hardware,Switzerland,16.8885,3.18,SEK,61.9,61.0,63.7,5.8,99.7,,99.7,0.04923,,,,3.40107,,20.31447,,,,0.0,,,none,,,0.0,-3.54324,0.0,33.191,,,3.81717,,,,,,0.08434,,-0.03636,61.70983,0.33,74,Hardware — AI demand pull plus design productivity,False
347,PERP-B.ST,Perpetua Medical AB (publ),Stockholm,Healthcare,Medical Devices,Sweden,2.83087,3.65,SEK,61.9,58.3,68.7,32.4,92.4,82.2,54.0,6.40351,,10.201,2.074,1.71121,1.9144,0.15616,,-0.16555,,0.0,,,none,-0.0169,0.00317,0.5354,-0.57438,0.10411,0.544,,-2.31698,0.69665,0.44137,5.281,1.47873,11,134.42974,0.37533,2.08,-0.26559,1.03484,0.92,66,Devices — embedded intelligence differentiates hardware,False
348,APH,Amphenol Corporation,USA,Technology,Electronic Components,United States,162518.2098,151.2,USD,61.8,58.3,68.2,77.0,74.9,45.0,32.1,43.44828,25.88571,24.512,7.732,13.29815,7.18086,0.02302,0.03863,0.01916,0.0066,0.2385,0.25257,18.0,buy,0.36825,0.13453,0.3792,0.27305,0.17239,0.584,0.241,1.7336,-12376.65932,1.33051,1.714,22632.151,170000,133.1303,0.00476,1.243,0.45791,1285418.82147,1.0,68,Components — factory automation and quality inspection,False
349,WST,"West Pharmaceutical Services, Inc.",USA,Healthcare,Medical Instruments & Supplies,United States,22112.29294,358.24,USD,61.8,61.2,63.0,70.5,77.5,82.7,28.7,47.8291,37.23998,28.864,7.795,8.49353,7.85743,0.02091,0.02685,0.01089,0.0025,0.115,0.06632,15.0,strong_buy,0.19131,0.11214,0.36278,0.21695,0.16849,0.21,0.561,-0.23037,175.08949,0.10734,2.71,2814.18773,10800,260.57294,0.00636,1.159,0.70526,262054.78823,1.0,66,Instruments — software layer increasingly the differentiator,False
350,HANZA.ST,Hanza AB (publ),Stockholm,Technology,Electronic Components,Sweden,774.10489,136.0,SEK,61.8,57.7,69.4,55.1,91.2,48.4,43.2,20.73171,23.61111,15.334,1.434,2.06242,1.16277,0.04824,0.04235,-0.00824,0.011,0.122,0.29963,2.0,buy,0.11521,0.04085,0.44888,0.07332,0.04547,0.995,1.309,2.90247,-180.73397,0.6822,1.831,665.74274,5207,127.85534,0.56368,1.119,0.36683,1715.76761,1.0,68,Components — factory automation and quality inspection,False
351,MIPS.ST,Mips AB (publ),Stockholm,Consumer Cyclical,Leisure,Sweden,924.4336,385.0,SEK,61.7,63.7,58.1,83.7,79.9,70.8,25.9,61.30573,43.89965,50.22,18.125,16.85787,17.95613,0.01631,0.02278,0.01219,0.0065,0.3994,0.36623,5.0,strong_buy,0.20767,0.11591,0.72887,0.27815,0.22887,0.302,0.535,0.46829,-8.70133,0.4562,2.834,51.4829,125,411.86318,0.00645,1.588,-0.10089,4526.56664,1.0,58,Leisure — dynamic pricing and personalisation,False
352,TIETO.HE,Tieto Oyj,Helsinki,Technology,Information Technology Services,Finland,1961.03078,17.33,EUR,61.7,50.3,82.8,51.5,22.2,47.4,69.1,27.50794,10.14661,9.246,1.309,1.89316,1.07172,0.03635,0.09856,0.1509,0.0508,1.8889,0.11624,9.0,hold,0.06853,0.04871,0.21833,0.17934,0.0,-0.048,,1.44749,-374.89997,0.66439,1.179,1829.79994,13476,135.78213,0.1261,0.7,0.04335,5352.04123,0.92,90,IT services — delivery is labor-hours that AI directly automates,False
353,APA,APA Corporation,USA,Energy,Oil & Gas E&P,United States,10876.88615,35.22,USD,61.6,70.7,44.8,85.5,38.1,46.8,87.0,8.20979,8.91693,3.384,2.107,1.92817,1.48718,0.12181,0.11215,0.13585,0.0284,0.2331,0.19132,24.0,hold,0.26217,0.09611,0.72273,0.38488,0.18313,-0.119,0.322,0.81424,-3707.10921,0.61314,0.919,7313.74274,1791,4083.60846,0.00438,0.347,0.89355,182416.60296,1.0,48,Oil & gas — commodity price dominates; ops optimisation real but capped,False
354,SNA,Snap-on Incorporated,USA,Industrials,Tools & Accessories,United States,18601.13292,410.99,USD,61.6,64.1,57.0,75.8,41.4,83.7,55.9,21.22882,19.24711,14.86,3.996,3.57286,4.07762,0.04711,0.05196,0.04924,0.0237,0.4729,-0.03526,9.0,hold,0.18202,0.09918,0.51616,0.24566,0.19601,0.052,0.04,-0.32239,395.43669,0.21731,3.528,4561.76246,13000,350.9048,0.02395,0.721,0.25153,131817.19703,1.0,58,Industrials sector default,False
355,ULTA,"Ulta Beauty, Inc.",USA,Consumer Cyclical,Specialty Retail,United States,18012.53567,479.57,USD,61.6,63.5,58.0,75.7,57.1,47.3,61.6,17.98837,15.05153,12.013,1.786,7.55526,1.62228,0.05559,0.06644,0.0472,,0.0,0.3003,24.0,buy,0.47449,0.15326,0.43186,0.14168,0.09355,0.111,0.155,1.10148,-1818.2947,0.89209,1.311,11103.25078,21382,519.28027,0.0024,0.879,-0.03587,321415.56536,1.0,64,"Retail — inventory, pricing and service automation",False
356,ATIC.ST,Actic Group AB (publ),Stockholm,Consumer Cyclical,Leisure,Sweden,61.36094,29.75,SEK,61.6,60.8,63.1,74.6,40.7,10.4,83.2,8.45171,198.33333,8.963,1.853,2.72886,0.91105,0.11832,0.00504,0.19431,,0.0,,,none,0.38967,0.05747,0.66716,0.12234,0.10955,-0.065,0.306,4.55213,-63.3972,3.11494,0.357,67.35214,403,167.12689,0.62691,0.671,0.0625,63.54589,1.0,58,Leisure — dynamic pricing and personalisation,False
357,EASOR.HE,Easor Oyj,Helsinki,Technology,Software - Application,Finland,,0.542,EUR,61.6,48.9,85.1,64.4,26.9,22.1,58.9,,54.2,9.573,2.169,2.47489,,,0.01845,,,,0.56827,1.0,none,0.10734,0.05785,0.76392,0.05462,0.16945,0.055,-0.694,4.07402,-18.329,2.05201,1.056,19.858,,,0.31248,,-0.36719,25.09026,0.83,92,Software economics — AI compounds both the product and dev productivity,False
358,FAST,Fastenal Company,USA,Industrials,Industrial Distribution,United States,45606.85279,45.49,USD,61.5,61.8,60.9,78.7,60.5,84.4,31.7,38.88034,32.54796,26.826,5.993,12.82854,5.96609,0.02572,0.03072,0.01755,0.0211,0.7863,0.05163,13.0,hold,0.34334,0.21522,0.44701,0.21023,0.15454,0.147,0.146,0.12114,-206.89217,0.10851,4.18,7644.35106,22230,343.87544,0.00087,0.713,-0.01152,294302.23046,1.0,64,"Distribution — pricing, inventory and sales automation",False
359,PANW,"Palo Alto Networks, Inc.",USA,Technology,Software - Infrastructure,United States,255403.64345,358.68,USD,61.5,49.8,83.2,45.0,87.0,65.3,23.0,311.89566,86.95315,196.389,27.468,10.53949,27.56085,0.00321,0.0115,0.01224,,0.0,-0.08068,50.0,buy,0.04831,0.01772,0.71964,-0.02465,0.07947,0.311,,-0.66127,857.09978,0.07698,0.856,9266.89918,21491,431.19907,0.00758,0.908,0.79448,2517799.68742,0.92,92,Software economics — AI compounds both the product and dev productivity,False
360,VRTX,Vertex Pharmaceuticals Incorporated,USA,Healthcare,Biotechnology,United States,107692.78963,485.65,USD,61.5,66.3,52.7,81.5,66.1,88.8,37.5,28.82196,22.68189,23.689,9.658,6.37512,10.08844,0.0347,0.04409,0.02258,,0.0,0.14163,23.0,buy,0.24197,0.12142,0.54391,0.38126,0.35507,0.078,0.614,-1.05601,4595.83693,0.1026,3.023,10674.86725,6400,1667.94801,0.002,0.292,0.05924,632832.26856,1.0,60,"Biotech — discovery upside, binary science risk dominates",False
361,PROF-B.ST,ProfilGruppen AB (publ),Stockholm,Industrials,Metal Fabrication,Sweden,73.76786,110.0,SEK,61.5,66.9,51.5,59.8,65.6,72.6,73.3,5.73514,,3.485,0.402,1.01952,0.35194,0.17436,,0.02613,0.052,0.0,,,none,0.19387,0.08161,0.14768,0.13495,0.05038,0.019,3.102,0.39062,-9.43551,0.14749,1.731,209.60246,499,420.04501,0.70301,0.834,-0.2691,16.72016,1.0,58,Industrials sector default,False
362,CIEN,Ciena Corporation,USA,Technology,Communication Equipment,United States,46305.08097,374.41,USD,61.4,59.3,65.3,65.4,94.2,68.6,24.4,124.80334,38.84663,67.932,9.584,18.33007,9.5165,0.00801,0.02574,0.01323,,0.0,0.51093,19.0,buy,0.15464,0.06664,0.43047,0.15195,0.0787,0.395,23.833,0.48075,-330.03662,0.54649,2.727,4865.76645,8898,546.83822,0.00672,1.274,3.3806,893575.35987,1.0,74,"Network equipment — AI traffic drives demand, ops automate",False
363,CANATU.HE,Canatu Oyj,Helsinki,Basic Materials,Specialty Chemicals,Finland,244.86555,7.26,EUR,61.4,60.2,63.7,34.5,97.2,93.6,48.7,,70.26033,-19.352,9.734,2.33741,14.66261,-0.03994,0.01423,-0.01317,,0.0,0.32576,4.0,none,-0.08758,-0.05395,0.79042,-0.625,-0.58084,1.667,,,89.9,0.02037,11.901,16.7,181,92.26519,0.538,0.57,-0.30526,230.92608,0.83,55,Chemicals — formulation R&D and process control,False
364,KSL.HE,Keskisuomalainen Oyj,Helsinki,Communication Services,Publishing,Finland,107.38626,9.8,EUR,61.4,56.2,71.0,52.6,43.0,27.7,83.4,12.25,10.0,6.167,0.761,2.00943,0.50471,0.08163,0.1,0.13939,0.0714,0.4375,0.07143,1.0,none,0.17397,0.04589,0.28466,0.05312,0.04121,0.034,,2.07629,-54.511,1.39904,0.742,212.768,1043,203.99616,0.25845,0.433,0.3881,27.5674,0.92,76,Publishing — content production economics shift with AI,False
365,TRH1V.HE,Trainers' House Oyj,Helsinki,Industrials,Consulting Services,Finland,4.51043,2.1,EUR,61.4,51.3,80.1,40.3,12.2,77.6,77.2,19.09091,,5.034,0.39,1.13883,0.54965,0.05238,,0.10564,0.0571,1.0909,,,none,0.05931,0.03231,0.28808,0.0254,0.02913,-0.065,-0.7,-2.05818,1.309,0.06381,1.371,8.206,109,75.2844,0.70158,0.429,-0.07895,2.0055,1.0,84,Professional services — knowledge work with billable-hour leverage,False
366,NTECH.ST,Stockholm Nordtech Group AB,Stockholm,Technology,Software - Infrastructure,Sweden,,57.6,SEK,61.4,47.1,87.9,48.3,91.6,37.9,20.7,,,25.768,4.428,2.92757,,-0.00764,,,,0.0,,,none,,,0.52942,0.02016,-0.02841,0.509,,2.83015,-28.24308,0.50535,0.862,58.07235,400,145.18087,0.79162,,-0.04016,1007.98001,0.67,92,Software economics — AI compounds both the product and dev productivity,False
367,CRWD,"CrowdStrike Holdings, Inc.",USA,Technology,Software - Infrastructure,United States,180670.7683,203.08,USD,61.3,49.1,84.0,39.9,84.2,78.7,21.6,,130.04361,3423.829,39.868,44.62316,40.59285,-0.0001,0.00769,0.00932,,0.0,-0.07245,49.0,buy,-0.00249,-0.01003,0.75136,-0.02208,-0.00598,0.256,,-62.90493,3260.17477,0.17568,1.531,4450.8025,11157,398.92467,0.01495,1.237,0.68678,2209156.13481,0.92,92,Software economics — AI compounds both the product and dev productivity,False
368,HWM,Howmet Aerospace Inc.,USA,Industrials,Aerospace & Defense,United States,95234.41886,272.43,USD,61.3,58.5,66.5,75.3,78.4,58.4,25.7,63.35581,45.01026,43.504,12.921,19.78288,12.64076,0.01578,0.02222,0.01094,0.0018,0.1067,0.14407,20.0,strong_buy,0.33818,0.11918,0.35046,0.28188,0.20225,0.191,0.714,0.94221,-2108.23811,0.87794,2.444,7533.91493,25430,296.26091,0.00869,1.189,0.45041,669670.174,1.0,72,Defence — autonomy and sensor fusion are budget priorities,False
369,SUS.ST,Surgical Science Sweden AB (publ),Stockholm,Healthcare,Health Information Services,Sweden,139.85885,30.24,SEK,61.3,53.0,76.6,49.8,15.5,96.4,60.0,29.35922,6.20945,6.259,0.898,0.34946,1.57914,0.03406,0.16104,0.03471,,0.0,0.97751,5.0,none,0.01174,0.01439,0.65503,0.11327,0.05343,-0.061,-0.438,-4.74777,60.32753,0.00049,4.473,88.56644,317,279.38941,0.30107,0.601,-0.79773,418.21786,1.0,80,Health IT — records and diagnostics are data problems,False
370,DIGIA.HE,Digia Oyj,Helsinki,Technology,Information Technology Services,Finland,155.35978,5.82,EUR,61.3,49.7,82.9,35.0,31.0,57.3,75.4,12.125,9.7,8.856,0.815,1.66191,0.70725,0.08247,0.10309,,0.0326,0.375,0.37457,2.0,none,,,0.23336,0.05794,0.05419,0.049,-0.3,1.17315,-23.722,0.51281,,219.668,1581,138.94244,0.53666,0.508,-0.224,61.39518,0.67,90,IT services — delivery is labor-hours that AI directly automates,False
371,CCL,Carnival Corporation Ltd.,USA,Consumer Cyclical,Travel Services,United States,31603.85778,26.41,USD,61.2,56.5,70.0,70.1,37.3,15.0,74.2,11.8964,10.03667,8.233,2.201,2.79412,1.32446,0.08406,0.09963,0.05251,0.017,0.1351,0.34298,25.0,buy,0.26689,0.05367,0.55677,0.12787,0.11237,0.053,-0.065,3.27677,-20905.01989,2.01556,0.334,23861.621,160000,149.13513,0.07109,2.322,-0.11346,593810.56285,1.0,68,"Travel — booking, pricing and service are digital workflows",False
372,RCL,Royal Caribbean Cruises Ltd.,USA,Consumer Cyclical,Travel Services,United States,67241.02577,286.96,USD,61.2,56.8,69.5,79.3,63.1,14.6,47.5,17.50824,14.34303,14.265,5.355,7.84515,4.18541,0.05712,0.06972,-0.00253,0.0174,0.2593,0.17903,27.0,buy,0.49576,0.0808,0.50914,0.26168,0.24358,0.113,0.289,3.08316,-18592.33654,2.17312,0.199,16065.59674,107950,148.82443,0.01817,1.764,-0.17176,688046.56282,1.0,68,"Travel — booking, pricing and service are digital workflows",False
373,NORION.ST,Norion Bank AB (publ),Stockholm,Financial Services,Banks - Regional,Sweden,894.41943,54.6,SEK,61.2,58.3,66.7,48.4,22.7,,93.7,9.03974,8.84927,,4.659,1.06071,3.40626,0.11062,0.113,,,0.0,0.24542,3.0,strong_buy,0.12041,0.01708,0.0,0.43007,0.41042,0.001,-0.342,,-258.5928,,,262.5809,468,561.07029,0.42907,,-0.06186,4722.34894,0.58,82,"Banking — document-heavy processes, fraud/KYC, service automation",False
374,ACAD.ST,AcadeMedia AB (publ),Stockholm,Consumer Defensive,Education & Training Services,Sweden,879.34779,101.2,SEK,61.2,56.0,70.9,55.3,54.7,9.7,80.9,11.26949,9.38776,10.257,1.159,1.47061,0.48949,0.08874,0.10652,0.29925,0.0222,0.2506,0.23518,2.0,strong_buy,0.13841,0.05105,0.30868,0.10091,0.04501,0.066,0.231,5.92634,-1203.23144,2.1246,0.351,1796.46299,17096,105.0809,0.3918,0.545,0.1358,1496.19794,1.0,72,Education — content generation and personalised delivery,False
375,KCR.HE,Konecranes Plc,Helsinki,Industrials,Farm & Heavy Construction Machinery,Finland,6506.65984,27.38,EUR,61.2,61.0,61.5,71.3,21.3,69.3,71.3,16.59394,13.62189,10.125,1.538,3.33536,1.58236,0.06026,0.07341,0.08142,0.0822,1.3664,0.24178,4.0,strong_buy,0.21146,0.07466,0.5795,0.11686,0.0957,-0.077,-0.095,-0.294,183.6,0.20956,1.328,4112.0,16403,250.68585,0.19525,1.277,0.18614,9196.31226,1.0,60,Heavy equipment — autonomy retrofit is slow but real,False
376,CAT-B.ST,Catella AB (publ),Stockholm,Financial Services,Asset Management,Sweden,159.19542,19.88,SEK,61.2,55.7,71.3,45.1,14.8,69.3,88.6,9.7931,5.50692,5.064,0.904,0.96239,0.89886,0.10211,0.18159,1.06384,0.0453,0.4433,0.4336,2.0,none,0.10564,0.04487,0.39048,-0.15182,0.09212,-0.111,,-0.04298,1.35959,0.79579,3.441,177.10842,471,376.02636,0.60621,0.684,-0.33064,214.86052,0.92,80,Asset management — research and back-office automation,False
377,CMCSA,Comcast Corporation,USA,Communication Services,Telecom Services,United States,74249.93292,23.79,USD,61.1,59.1,64.7,70.9,30.8,30.6,78.6,4.66471,6.43401,4.817,1.36,0.96398,0.67836,0.21438,0.15542,0.04722,0.0555,0.2588,0.31057,21.0,hold,0.20918,0.04535,0.7013,0.13145,0.15004,0.053,-0.326,2.4071,-74390.31183,1.06858,0.865,109454.52138,179000,611.47777,0.00735,0.655,-0.27495,747398.79084,1.0,70,"Telecom — network ops and service automation, capital-heavy core",False
378,HOOD,"Robinhood Markets, Inc.",USA,Financial Services,Capital Markets,United States,78645.66274,99.96,USD,61.1,55.8,70.9,82.5,53.4,27.8,40.3,48.52427,32.5051,,18.366,9.66731,19.51322,0.02061,0.03076,,,0.0,0.18332,26.0,buy,0.21461,0.05187,0.92239,0.38519,0.41123,0.151,0.027,,4945.14237,1.40483,1.114,4030.37838,2900,1389.78565,0.00717,2.336,-0.04198,2563416.59989,0.75,80,"Capital markets — research, ops and compliance are text-heavy",False
379,AMBEA.ST,Ambea AB (publ),Stockholm,Healthcare,Medical Care Facilities,Sweden,1055.00643,144.8,SEK,61.1,53.9,74.4,52.1,72.2,8.0,66.7,16.9555,17.1564,16.039,1.485,2.24521,0.6977,0.05898,0.05829,0.17887,0.0183,0.2573,0.20166,2.0,none,0.14217,0.04274,0.27453,0.08382,0.0428,0.155,0.453,8.53204,-1194.802,2.58517,0.448,1512.1288,41000,36.88119,0.08642,0.681,0.22194,2234.12025,1.0,76,"Care delivery — scheduling, triage and admin absorb most cost",False
380,KARNEL-B.ST,Karnell Group AB ser. B,Stockholm,Industrials,Conglomerates,Sweden,440.17876,91.0,SEK,61.1,61.0,61.4,67.8,80.0,55.5,43.3,29.93421,,15.884,2.902,3.8018,2.50459,0.03341,,0.02356,,0.0,,,none,0.13069,0.06533,0.56875,0.15552,0.08587,0.356,0.471,2.17725,-69.91885,0.66908,2.323,175.74884,883,199.03606,0.27342,0.812,0.47967,594.2785,1.0,58,Conglomerate — mixed exposure,False
381,W5.ST,W5 Solutions AB (publ),Stockholm,Industrials,Aerospace & Defense,Sweden,71.54031,44.95,SEK,61.1,55.4,71.7,51.1,92.2,63.3,31.8,46.34021,31.65493,13.972,1.68,1.66593,1.47167,0.02158,0.03159,-0.07926,,0.0,0.93919,3.0,none,0.04109,0.04101,0.67225,0.00584,0.03151,0.529,,1.72948,-10.10633,0.26438,1.788,48.61182,200,243.0591,0.63559,0.359,-0.26911,229.10554,0.92,72,Defence — autonomy and sensor fusion are budget priorities,False
382,CASE.ST,Case Group AB (publ),Stockholm,Financial Services,Asset Management,Sweden,61.84367,21.2,SEK,61.1,57.3,68.3,67.5,20.0,85.0,56.3,17.66667,,12.899,2.961,2.02522,3.22801,0.0566,,0.03165,0.0354,0.0,,,none,0.12093,0.08074,0.52045,0.15455,0.18176,-0.013,-0.394,-1.16261,5.11312,0.05194,2.191,19.15844,17,1126.96684,0.79424,0.335,0.10417,7.70539,1.0,80,Asset management — research and back-office automation,False
383,REDS.ST,Redsense Medical AB,Stockholm,Healthcare,Medical Devices,Sweden,6.51369,4.37,SEK,61.1,60.6,61.9,42.9,89.7,92.1,46.2,,43.7,-42.698,2.165,2.0411,2.5038,-0.04119,0.02288,-0.07249,,0.0,,,none,-0.07985,-0.02943,0.64442,0.09705,-0.10107,0.389,,,0.88264,,5.387,2.60152,5,520.30356,0.47102,0.428,-0.27409,3.09071,0.75,66,Devices — embedded intelligence differentiates hardware,False
384,CSCO,"Cisco Systems, Inc.",USA,Technology,Communication Equipment,United States,385480.13096,111.94,USD,61.0,57.7,67.1,79.2,67.1,44.7,33.0,37.31334,23.35972,26.905,7.532,9.02669,7.2631,0.0268,0.04281,0.02105,0.015,0.55,0.16337,22.0,buy,0.25229,0.07337,0.64297,0.24992,0.19685,0.12,0.371,0.96202,-14294.60695,0.67541,0.925,53073.78029,86200,615.70511,0.00052,1.007,0.63799,2460627.42048,1.0,74,"Network equipment — AI traffic drives demand, ops automate",False
385,ON,ON Semiconductor Corporation,USA,Technology,Semiconductors,United States,29708.55018,87.37,USD,61.0,54.2,73.6,61.0,47.2,74.6,40.7,64.24264,20.12744,17.141,5.79,4.68899,5.6083,0.01557,0.04968,0.03771,,0.0,0.2993,25.0,buy,0.07494,0.06827,0.42665,0.18232,0.09462,0.047,,0.41127,-735.83022,0.44337,4.873,5297.24331,22600,234.3913,0.0034,2.012,0.44294,1000586.61527,0.92,78,Semis — rides the AI capex cycle and design automation,False
386,VAIAS.HE,Vaisala Oyj,Helsinki,Technology,Scientific & Technical Instruments,Finland,1941.10349,53.5,EUR,61.0,57.5,67.4,73.0,40.5,71.4,43.8,31.84524,22.6503,17.709,3.238,6.25731,3.24436,0.0314,0.04415,0.03408,0.0161,0.5119,0.0729,5.0,buy,0.20638,0.09146,0.55273,0.13796,0.10279,0.01,0.128,-0.03382,3.7,0.29562,1.809,598.30003,2446,244.60345,0.3811,0.824,0.06151,947.6455,1.0,68,Instruments — measurement + software attach,False
387,G2M.ST,Gentoo Media Inc.,Stockholm,Consumer Cyclical,Gambling,Malta,83.73499,7.1,SEK,61.0,56.7,69.0,83.6,21.1,18.4,68.3,,,2.55747,0.99531,-4.87527,0.86013,0.0,,0.30036,,0.0,1.56396,3.0,none,,0.1026,0.78491,0.22062,0.04116,-0.055,,2.94387,-111.53,,0.15,97.351,292,333.39384,0.53122,0.132,-0.39626,86.77507,0.75,70,"Gaming/betting — risk, personalisation and CRM are data problems",False
388,EMBELL.ST,Embellence Group AB (publ),Stockholm,Consumer Cyclical,"Furnishings, Fixtures & Appliances",Sweden,69.55287,32.6,SEK,61.0,63.2,56.8,66.8,23.5,73.7,80.1,12.16418,10.58441,7.102,1.086,1.41579,1.00504,0.08221,0.09448,0.0892,0.046,0.4664,0.21166,2.0,none,0.11809,0.06657,0.61822,0.1194,0.08236,-0.005,-0.25,0.53089,-5.61961,0.1845,2.124,69.20389,225,307.57285,0.39293,0.661,-0.12601,39.61243,1.0,55,Furnishings — design tools and logistics,False
389,BEN,"Franklin Resources, Inc.",USA,Financial Services,Asset Management,United States,14814.2485,32.63,USD,60.9,57.4,67.4,50.4,70.4,79.4,45.8,24.9084,10.52218,11.364,2.249,1.39851,1.87778,0.04015,0.09504,-0.01428,0.0405,0.9924,0.05592,11.0,hold,0.06704,0.02604,0.37356,0.17238,0.08124,0.087,0.872,0.48066,-750.42092,0.23471,5.508,7889.24876,10000,788.92488,0.48495,1.576,0.3439,136746.46055,1.0,80,Asset management — research and back-office automation,False
390,PEP,"PepsiCo, Inc.",USA,Consumer Defensive,Beverages - Non-Alcoholic,United States,163649.18571,137.12,USD,60.9,63.1,56.8,77.9,69.8,25.8,60.1,17.99475,15.2581,12.172,2.372,8.77231,1.9329,0.05557,0.06554,0.04181,0.0432,0.7533,0.1357,22.0,hold,0.51508,0.08931,0.54171,0.16844,0.10785,0.064,1.37,2.25071,-37130.50267,2.38949,0.934,84665.03039,306000,276.68311,0.00182,0.368,-0.03232,986736.19114,1.0,55,Consumer staples — demand forecasting and trade-spend optimisation,False
391,SHB-A.ST,Svenska Handelsbanken AB (publ),Stockholm,Financial Services,Banks - Diversified,Sweden,25266.7469,139.05,SEK,60.9,57.0,68.1,47.6,24.9,,89.5,11.61654,12.18668,,22.944,1.59862,4.94962,0.08608,0.08206,,0.0575,0.6683,-0.04764,17.0,underperform,0.12749,0.00631,0.0,0.50089,0.41731,-0.038,-0.061,,-92168.97434,,,5104.78302,11669,437.46534,0.27364,0.503,0.1819,59611.82958,0.58,82,"Banking — document-heavy processes, fraud/KYC, service automation",False
392,SANION.ST,Saniona AB (publ),Stockholm,Healthcare,Biotechnology,Denmark,163.14212,13.04,SEK,60.9,62.8,57.4,73.2,2.9,93.1,75.3,7.85542,,5.32,2.954,3.00877,4.19277,0.1273,,0.03833,,0.0,0.53374,1.0,none,0.52215,0.30069,0.9866,-11.85041,0.51144,-0.522,,-2.23216,48.21781,,10.55,38.91037,43,904.8924,0.18405,1.206,0.58445,477.89737,0.83,60,"Biotech — discovery upside, binary science risk dominates",False
393,AMD,"Advanced Micro Devices, Inc.",USA,Technology,Semiconductors,United States,706287.35797,495.76,USD,60.8,57.4,67.2,58.0,86.0,87.0,23.0,164.15895,36.81913,107.66,21.357,12.53597,21.58345,0.00609,0.02716,0.00887,,0.0,0.08962,47.0,strong_buy,0.08063,0.03647,0.5306,0.14396,0.13374,0.378,0.912,-1.14078,7405.48119,0.06005,2.725,32723.56086,31000,1055.59874,0.00397,2.469,2.15771,15490635.37277,1.0,78,Semis — rides the AI capex cycle and design automation,False
394,REGN,"Regeneron Pharmaceuticals, Inc.",USA,Healthcare,Biotechnology,United States,61983.35768,676.69,USD,60.8,65.0,53.1,66.6,52.0,90.1,59.3,16.52882,12.36391,14.328,4.209,2.19473,4.75506,0.0605,0.08088,0.04614,0.0056,0.0874,0.21056,26.0,buy,0.14548,0.06126,0.43885,0.20658,0.29648,0.19,-0.072,-1.37983,5283.70071,0.08612,3.565,13035.25501,15343,849.58972,0.02031,0.236,0.24043,593442.9341,1.0,60,"Biotech — discovery upside, binary science risk dominates",False
395,SAMPO.HE,Sampo Oyj,Helsinki,Financial Services,Insurance - Diversified,Finland,25592.97331,9.696,EUR,60.8,55.9,69.9,57.3,18.2,79.0,67.8,15.89508,15.92746,4.022,0.893,3.13786,2.39814,0.06291,0.06278,0.02767,0.0371,0.5574,0.0875,16.0,buy,0.21256,0.05185,0.40976,0.02462,0.1562,-0.078,,-6.84304,16217.99936,0.29555,1.896,10672.0,15129,705.40022,0.07637,0.24,0.02365,33548.35392,0.92,82,"Insurance — claims, underwriting and pricing are data workflows",False
396,SDOS-BTA.ST,ScandiDos AB BTA,Stockholm,,,Sweden,,0.8,SEK,60.8,62.9,56.9,40.2,56.6,54.7,97.7,,,-57.696,0.71,,,,,,,,,,none,-0.07929,-0.02678,0.76242,0.01124,-0.05913,0.077,,,0.39482,,1.481,5.2653,25,210.61218,,0.534,0.0,0.20521,0.58,50,No sector data — neutral,False
397,CDW,CDW Corporation,USA,Technology,Information Technology Services,United States,14872.00832,133.24,USD,60.7,54.8,71.6,60.0,50.2,27.9,65.4,16.22899,11.30974,11.396,0.986,6.67401,0.74316,0.06162,0.08842,0.05194,0.0189,0.3057,0.14497,9.0,buy,0.44157,0.06698,0.21572,0.0662,0.04703,0.092,0.077,2.80885,-4864.49955,2.40522,1.165,20011.92367,14800,1352.157,0.00444,0.962,-0.24668,251787.99487,1.0,90,IT services — delivery is labor-hours that AI directly automates,False
398,XVIVO.ST,Xvivo Perfusion AB (publ),Stockholm,Healthcare,Medical Devices,Sweden,681.22151,238.6,SEK,60.7,58.8,64.1,56.3,92.7,90.8,23.1,84.60993,40.37225,46.332,8.191,3.41594,8.39537,0.01182,0.02477,-0.00386,,0.0,0.41408,5.0,strong_buy,0.04127,0.02994,0.72272,0.10456,0.09894,0.34,9.351,-1.15851,16.61828,0.05528,3.86,81.14249,197,411.8908,0.07848,1.458,0.10361,1536.2127,1.0,66,Devices — embedded intelligence differentiates hardware,False
399,CHEF.ST,Cheffelo AB (publ),Stockholm,Consumer Defensive,Food Distribution,Sweden,154.1285,130.6,SEK,60.7,62.0,58.4,55.9,71.2,72.7,57.6,25.21236,48.55019,14.977,1.273,3.45594,1.38231,0.03966,0.0206,0.07363,0.054,0.6409,0.03624,3.0,strong_buy,0.14217,0.07014,0.23333,0.09485,0.05432,0.118,0.594,-1.29211,12.24087,0.1747,1.3,111.5009,417,267.38825,0.50822,0.633,1.74082,694.55,1.0,62,Food distribution — logistics optimisation,False
400,PNR,Pentair plc,USA,Industrials,Specialty Industrial Machinery,United Kingdom,8817.6126,62.45,USD,60.6,62.1,57.7,70.7,42.8,57.0,67.5,15.69096,11.56619,11.001,2.881,2.64877,2.40161,0.06373,0.08646,0.0569,0.017,0.2563,0.31839,15.0,buy,0.1761,0.08878,0.41223,0.22687,0.15975,0.026,0.13,1.82999,-1759.54448,0.54634,1.877,3671.54953,9000,407.94995,0.00995,1.029,-0.40444,139425.36327,1.0,62,Machinery — predictive maintenance and embedded software,False
401,AZN.ST,AstraZeneca PLC,Stockholm,Healthcare,Drug Manufacturers - General,United Kingdom,229972.16355,1636.0,SEK,60.6,60.9,60.1,84.2,52.8,41.8,48.8,25.25081,16.19481,13.26459,4.39511,5.55424,4.35508,0.0396,0.06175,0.02492,0.0181,0.477,0.18869,3.0,buy,0.23483,0.08487,0.81505,0.27943,0.17189,0.125,0.053,1.31599,-23025.49125,0.71815,0.909,52805.55499,96100,549.48548,0.00046,0.225,0.23193,46804.01344,1.0,62,Pharma — AI aids discovery but cycles are long and regulated,False
402,PAMPALO.HE,Endomines Finland Oyj,Helsinki,Basic Materials,Gold,Finland,302.61514,7.89,EUR,60.6,70.0,43.1,84.0,93.6,60.7,42.5,23.90909,10.73469,13.602,5.43,4.39799,5.64581,0.04183,0.09316,-0.01826,,0.0,0.07309,3.0,none,0.24459,0.11206,0.64739,0.38919,0.24254,0.779,2.887,0.21028,-4.5,0.21352,1.017,53.6,84,638.09524,0.73398,1.182,-0.21362,343.35702,1.0,42,Mining — commodity price dominates,False
403,VZ,Verizon Communications Inc.,USA,Communication Services,Telecom Services,United States,159024.42067,43.59,USD,60.5,60.0,61.4,72.2,38.2,16.4,82.1,10.63171,8.27848,7.355,2.701,1.76185,1.30807,0.09406,0.1208,0.10773,0.0649,0.6744,0.17578,23.0,buy,0.17198,0.0508,0.58909,0.25186,0.12462,0.029,0.043,3.76737,-168204.73425,1.92045,0.64,121571.86585,99600,1220.60106,0.00037,0.238,0.02589,1026248.98769,1.0,70,"Telecom — network ops and service automation, capital-heavy core",False
404,SKIS-B.ST,SkiStar AB (publ),Stockholm,Consumer Cyclical,Resorts & Casinos,Sweden,1148.7038,161.7,SEK,60.5,55.6,69.7,75.2,36.8,33.9,56.2,21.44562,17.88717,12.42,3.16,2.70108,2.54942,0.04663,0.05591,0.03856,0.0186,0.3984,0.18532,3.0,none,0.13252,0.0632,0.76175,0.23214,0.11881,0.057,-0.1,2.39828,-274.90779,0.65899,0.662,450.57525,1914,235.41027,0.48597,0.781,0.04593,787.36632,1.0,68,Gaming — CRM and risk automation,False
405,REG1V.HE,Revenio Group Oyj,Helsinki,Healthcare,Medical Devices,Finland,365.38378,12.56,EUR,60.5,59.0,63.2,70.5,28.8,82.1,54.1,21.28814,12.93405,13.779,2.978,2.90943,3.29041,0.04697,0.07732,0.0379,0.0204,0.6785,0.5426,4.0,none,0.13704,0.09171,0.69943,0.08425,0.14149,0.046,-0.414,-0.44167,10.6,0.09207,2.265,111.045,246,451.40244,0.09652,0.849,-0.54244,748.22432,1.0,66,Devices — embedded intelligence differentiates hardware,False
406,NEOLA.ST,Neola Medical AB (publ),Stockholm,Healthcare,Medical Devices,Sweden,4.82769,0.66,SEK,60.5,53.9,72.8,34.7,87.6,92.1,34.8,,,-3.922,4.6,0.71197,5.90433,-0.21212,,-0.34193,,0.0,2.48485,1.0,none,-0.1528,-0.09131,0.97827,-1.2666,-1.32491,0.326,,,0.90231,,3.623,0.81765,9,90.85039,0.45008,1.548,-0.72152,2.50713,0.75,66,Devices — embedded intelligence differentiates hardware,False
407,SUMMA.HE,Summa Defence Oyj,Helsinki,Industrials,Aerospace & Defense,Finland,26.17559,0.573,EUR,60.5,56.0,68.9,30.6,92.7,53.6,62.2,,,-4.882,0.274,0.15724,0.24704,-0.94241,,0.2245,,0.0,,,none,-0.2472,-0.08531,0.67915,-0.27633,-0.23069,0.551,,,-2.83742,0.045,0.69,105.95866,290,365.3747,0.69085,,-0.87704,65.36096,0.83,72,Defence — autonomy and sensor fusion are budget priorities,False
408,AOS,A. O. Smith Corporation,USA,Industrials,Specialty Industrial Machinery,United States,7086.76795,58.85,USD,60.4,60.8,59.7,72.8,25.2,64.6,68.7,15.69333,14.13906,10.769,2.247,4.31927,2.12787,0.06372,0.07073,0.0611,0.0245,0.3733,0.19719,11.0,hold,0.28267,0.12775,0.38765,0.17111,0.13841,-0.019,-0.105,0.5696,-395.78608,0.34981,1.558,3330.45704,11500,289.60496,0.00454,1.153,-0.14797,91008.93763,1.0,62,Machinery — predictive maintenance and embedded software,False
409,LITE,Lumentum Holdings Inc.,USA,Technology,Communication Equipment,United States,49812.60506,732.82,USD,60.4,54.6,71.1,62.8,95.3,46.0,22.3,128.11539,40.04188,103.547,21.172,17.67109,22.91167,0.00781,0.02497,0.00164,,0.0,0.50772,25.0,buy,0.22835,0.0289,0.40837,0.21771,0.17678,0.901,,0.27791,-123.54124,1.11445,1.137,2174.11503,10562,205.84312,0.00774,1.482,6.0572,3581888.08733,0.92,74,"Network equipment — AI traffic drives demand, ops automate",False
410,MRK,"Merck & Co., Inc.",USA,Healthcare,Drug Manufacturers - General,United States,275130.41827,127.5,USD,60.4,61.6,58.3,85.7,47.9,43.2,51.7,36.01695,13.20383,12.141,5.449,6.86369,4.78808,0.02776,0.07574,0.04461,0.0267,0.9352,0.05128,26.0,buy,0.18944,0.12578,0.76726,0.38604,0.13586,0.049,,1.47085,-37931.68621,1.06936,1.299,57461.50461,73000,787.1439,0.00058,0.205,0.60762,1152918.07548,0.92,62,Pharma — AI aids discovery but cycles are long and regulated,False
411,ALBBV.HE,Ålandsbanken Abp,Helsinki,Financial Services,Banks - Regional,Finland,667.28173,43.3,EUR,60.4,53.6,73.1,46.3,19.3,,84.9,13.4891,,,6.84,2.26204,3.06156,0.07413,,,0.0808,0.8567,,,none,0.15085,0.00992,0.0,0.23596,0.2284,-0.033,-0.3,,-831.0,,,217.95501,1065,204.65259,0.24229,,0.12176,138.3435,0.58,82,"Banking — document-heavy processes, fraud/KYC, service automation",False
412,DEX.ST,DexTech Medical AB,Stockholm,Healthcare,Biotechnology,Sweden,17.34182,10.35,SEK,60.4,59.8,61.5,32.7,97.9,92.1,49.7,,,-31.818,43.644,9.49541,46.08086,-0.03188,,-0.01268,,0.0,,,none,-0.26378,-0.16788,0.98699,-1.09114,-1.47415,2.111,,,0.91708,,20.181,0.37633,1,376.33445,0.61456,1.34,0.39865,7.5368,0.75,60,"Biotech — discovery upside, binary science risk dominates",False
413,FINE.ST,Finepart Sweden AB,Stockholm,Industrials,Specialty Industrial Machinery,Sweden,2.57864,43.1,SEK,60.4,60.9,59.4,32.4,97.5,96.1,52.3,1.39032,,40.144,0.844,1.35876,1.0055,0.71926,,,,0.0,,,none,-0.17072,-0.01871,0.57949,-0.02556,-0.07772,1.7,,-7.59832,0.40978,0.00799,3.58,2.56454,6,427.42285,0.07672,0.507,-0.56535,43.92901,0.83,62,Machinery — predictive maintenance and embedded software,False
414,FITB,Fifth Third Bancorp,USA,Financial Services,Banks - Regional,United States,45948.1439,58.01,USD,60.3,56.3,67.6,43.2,59.3,,69.7,19.53199,11.77648,,7.03,1.9222,5.22092,0.0512,0.08492,,0.0276,0.5387,0.06361,20.0,buy,0.08447,0.0092,0.0,0.32941,0.2329,0.518,-0.057,,-14015.8957,,,8800.7803,18676,471.23476,0.00354,,0.35033,344277.82827,0.58,82,"Banking — document-heavy processes, fraud/KYC, service automation",False
415,MNST,Monster Beverage Corporation,USA,Consumer Defensive,Beverages - Non-Alcoholic,United States,83312.35554,97.5,USD,60.3,66.1,49.5,82.8,72.5,92.5,29.1,47.10145,37.60225,32.763,10.516,10.92559,10.84442,0.02123,0.02659,0.01766,,0.0,-0.04246,24.0,buy,0.26654,0.17725,0.55471,0.31019,0.23108,0.269,0.289,-1.02418,2525.45091,0.01082,3.257,7682.51047,5773,1330.76571,0.28293,0.527,0.64059,489019.88622,1.0,55,Consumer staples — demand forecasting and trade-spend optimisation,False
416,PFE,Pfizer Inc.,USA,Healthcare,Drug Manufacturers - General,United States,124739.0937,25.05,USD,60.3,61.3,58.4,72.1,36.4,44.9,73.4,19.12214,8.8405,7.648,3.075,1.58444,2.25493,0.0523,0.11312,0.08669,0.0687,1.313,0.14918,26.0,buy,0.0831,0.05687,0.74801,0.31617,0.11831,0.054,-0.101,2.02867,-45126.60709,0.71602,1.247,55318.31828,75000,737.57758,0.00095,0.307,0.03256,906707.77076,1.0,62,Pharma — AI aids discovery but cycles are long and regulated,False
417,GETI-B.ST,Getinge AB (publ),Stockholm,Healthcare,Medical Devices,Sweden,5739.79241,232.5,SEK,60.3,58.0,64.6,61.0,56.4,55.9,56.7,23.65209,21.25229,12.294,2.115,2.04442,1.84969,0.04228,0.04705,0.04495,0.0204,0.4832,-0.01763,10.0,buy,0.08948,0.05247,0.48604,0.1612,0.07816,0.017,0.605,1.5359,-820.10082,0.3581,1.31,3103.11351,11670,265.90518,0.15758,0.801,0.22918,13479.35586,1.0,66,Devices — embedded intelligence differentiates hardware,False
418,BIOG-B.ST,BioGaia AB (publ),Stockholm,Healthcare,Drug Manufacturers - Specialty & Generic,Sweden,1144.3213,124.8,SEK,60.3,60.8,59.3,84.0,33.6,92.7,35.8,36.38484,28.82217,24.538,7.034,9.60665,8.17445,0.02748,0.0347,0.02654,0.0141,0.5945,0.32212,1.0,strong_buy,0.20868,0.14282,0.72971,0.25598,0.21495,0.017,-0.013,-1.96919,79.01737,,4.938,139.98762,243,576.08073,0.16998,0.32,0.2505,1955.82162,0.92,62,Pharma — AI aids discovery but cycles are long and regulated,False
419,HARVIA.HE,Harvia Oyj,Helsinki,Consumer Cyclical,Leisure,Finland,773.65261,41.4,EUR,60.3,60.4,60.2,78.1,56.8,64.8,40.0,28.55172,19.69084,18.029,4.01,5.52295,3.76457,0.03502,0.05079,0.01771,0.0186,0.5172,0.14734,4.0,none,0.2016,0.0897,0.63401,0.21995,0.13349,0.127,0.117,1.07992,-49.362,0.7283,3.814,205.50899,761,270.05124,0.15301,1.269,-0.17857,1060.7922,1.0,58,Leisure — dynamic pricing and personalisation,False
420,ATT.ST,Attendo AB (publ),Stockholm,Healthcare,Medical Care Facilities,Sweden,1477.95887,114.8,SEK,60.2,52.1,75.2,57.4,50.6,10.0,68.1,19.52381,26.94836,14.704,1.675,3.04025,0.86216,0.05122,0.03711,0.84171,0.0157,0.2041,0.08885,2.0,strong_buy,0.164,0.04667,0.36388,0.09541,0.04632,-0.016,0.529,7.00891,-1368.64743,2.90354,0.655,1714.25352,33000,51.94708,0.11287,1.022,0.79937,3722.03391,1.0,76,"Care delivery — scheduling, triage and admin absorb most cost",False
421,LEADD.HE,LeadDesk Oyj,Helsinki,Technology,Software - Application,Finland,19.85032,3.41,EUR,60.2,46.8,85.0,27.1,82.5,28.2,55.2,,8.97368,9.825,0.762,1.21051,0.50416,-0.12023,0.11144,0.13831,,0.0,0.3783,1.0,none,-0.14301,-0.01871,0.39497,-0.02572,-0.05969,0.23,,3.32886,-10.163,0.76564,0.729,39.373,216,182.28241,0.25596,1.089,-0.52374,22.37642,0.92,92,Software economics — AI compounds both the product and dev productivity,False
422,HLT,Hilton Worldwide Holdings Inc.,USA,Consumer Cyclical,Lodging,United States,63909.38642,321.32,USD,60.1,56.5,66.7,89.9,65.0,17.7,31.3,49.05649,30.84088,28.531,16.896,,14.42476,0.02038,0.03242,0.02303,0.0019,0.0916,0.08835,24.0,buy,,0.10859,0.78505,0.5736,0.30408,0.11,0.35,4.16051,-10916.00801,,0.608,4430.53288,182000,24.34359,0.02167,1.052,0.18634,556010.03291,0.83,58,Lodging — revenue management and service automation,False
423,ICP1V.HE,Incap Oyj,Helsinki,Technology,Electronic Components,Finland,253.54406,8.61,EUR,60.1,57.5,64.8,54.4,43.0,72.5,63.2,18.31915,9.62011,9.376,1.205,1.85042,1.15757,0.05459,0.10395,0.0376,,0.0,0.39373,1.0,buy,0.10328,0.06255,0.34857,0.07912,0.06414,0.073,0.0,0.29061,-8.184,0.44281,2.956,219.03101,906,241.75608,0.52159,1.407,-0.3,351.26217,1.0,68,Components — factory automation and quality inspection,False
424,NOSA.ST,Nosa Plugs AB,Stockholm,Healthcare,Medical Devices,Sweden,11.7673,0.499,SEK,60.1,59.1,62.0,28.7,95.6,80.3,59.5,,,-25.703,4.135,3.30464,4.65911,-0.06012,,0.04284,,0.0,,,none,-0.31199,-0.13163,0.63808,-0.25748,-0.30515,0.935,,,1.32342,0.05511,2.01,2.52565,5,505.13061,0.16908,-0.796,-0.44246,13.75707,0.83,66,Devices — embedded intelligence differentiates hardware,False
425,EME,"EMCOR Group, Inc.",USA,Industrials,Engineering & Construction,United States,28953.85408,744.16,USD,60.0,60.5,59.1,64.1,70.2,70.1,44.9,24.99697,22.65053,17.652,1.841,8.55297,1.86729,0.04,0.04415,0.0269,0.0022,0.0386,0.34399,7.0,buy,0.39229,0.11754,0.19294,0.08726,0.07537,0.197,0.3,-0.21607,349.39435,0.13355,1.26,15505.80245,44000,352.4046,0.00702,1.126,0.32781,276241.43787,1.0,66,"Engineering — design, tendering and site planning automate",False
426,NWSA,News Corporation,USA,Communication Services,Entertainment,United States,13465.03781,28.43,USD,60.0,55.6,68.2,56.7,41.3,67.0,58.2,35.98734,22.01862,13.589,1.933,1.82232,1.75131,0.02779,0.04542,0.11316,0.007,0.2532,0.23725,8.0,none,0.06524,0.04113,0.5717,0.10114,0.1292,0.088,-0.104,0.60064,-657.02242,0.31559,1.702,7688.56022,22300,344.77849,0.00027,0.899,-0.02503,125956.74469,1.0,72,Entertainment — content pipeline productivity,False
427,DGX,Quest Diagnostics Incorporated,USA,Healthcare,Diagnostics & Research,United States,20376.01631,210.68,USD,60.0,54.2,70.9,60.5,54.7,38.3,54.4,23.25386,18.05385,13.349,2.635,3.1748,2.06788,0.043,0.05539,0.04064,0.0163,0.3602,0.06293,16.0,buy,0.14539,0.06348,0.33277,0.14197,0.0908,0.092,0.155,2.70216,-5255.30565,0.82737,1.179,9853.589,57000,172.86998,0.00426,0.571,0.26573,168467.22832,1.0,74,Diagnostics — imaging and lab interpretation are AI-tractable,False
428,SNPS,"Synopsys, Inc.",USA,Technology,Software - Infrastructure,United States,64287.47346,384.275,USD,60.0,45.4,87.2,54.3,45.4,45.9,34.9,87.73402,22.24927,48.305,9.44,2.41377,8.47765,0.0114,0.04495,0.0481,,0.0,0.46768,25.0,buy,0.03824,0.01494,0.82599,0.10383,0.08909,0.419,-0.96,4.92705,-7301.96756,0.35574,1.434,7583.1745,28000,270.82766,0.02987,1.222,-0.35029,650061.20228,1.0,92,Software economics — AI compounds both the product and dev productivity,False
429,KALMAR.HE,Kalmar Oyj,Helsinki,Industrials,Farm & Heavy Construction Machinery,Finland,2445.76691,38.28,EUR,60.0,62.3,55.6,63.0,48.5,67.2,68.3,14.61069,12.25352,9.265,1.375,3.55927,1.38735,0.06844,0.08161,0.04533,0.0287,0.4198,0.19645,5.0,buy,0.25851,0.07735,0.25895,0.12059,0.09558,0.054,0.151,-0.12844,33.6,0.41643,1.606,1762.89997,5290,333.25141,0.32259,0.754,-0.04156,1812.40488,1.0,60,Heavy equipment — autonomy retrofit is slow but real,False
430,SALT-B.ST,SaltX Technology Holding AB (publ),Stockholm,Industrials,Specialty Industrial Machinery,Sweden,119.18915,5.7,SEK,60.0,57.9,63.9,25.9,99.6,95.5,48.7,,,-27.428,21.489,6.37584,23.59486,-0.05263,,-0.01296,,0.0,0.00877,1.0,none,-0.41096,-0.19681,0.6642,-2.41177,-1.11157,28.511,,,10.63901,0.00293,4.203,5.05149,20,252.57437,0.29386,1.054,-0.07015,461.12911,0.83,62,Machinery — predictive maintenance and embedded software,False
431,CTEK.ST,CTEK AB (publ),Stockholm,Industrials,Electrical Equipment & Parts,Sweden,84.60992,13.34,SEK,60.0,60.5,59.1,53.7,57.2,65.3,68.1,26.68,13.34,10.213,1.355,1.28294,1.15544,0.03748,0.07496,0.15695,,0.0,0.57421,3.0,strong_buy,0.04903,0.03703,0.60156,0.07351,0.04307,-0.111,41.002,1.51772,-14.74695,0.45451,2.796,73.22717,197,371.71154,0.1558,0.947,-0.13824,99.43585,1.0,60,"Electrical — electrification tailwind, moderate AI angle",False
432,ATIN.ST,Athanase Innovation AB,Stockholm,Financial Services,Asset Management,Sweden,45.75753,20.8,SEK,60.0,49.4,79.7,30.4,23.0,92.1,67.8,0.02243,,-3.232,3.472,0.95883,10.75624,44.58365,,-0.06089,,0.1273,,,none,-0.13259,-0.0774,0.64548,-0.65759,-1.23963,-0.043,,,21.61321,,4.114,4.25405,27,157.55727,0.0334,0.419,0.2093,0.21681,0.75,80,Asset management — research and back-office automation,False
433,LITI.ST,Litium AB (publ),Stockholm,Technology,Software - Application,Sweden,22.62397,12.9,SEK,60.0,46.5,85.2,35.5,85.7,76.2,18.3,,64.5,192.128,2.262,2.16953,2.3741,-0.00698,0.0155,-0.02246,,0.0,0.55039,1.0,strong_buy,-0.02275,-0.0099,0.59859,-0.03384,-0.02136,0.283,,-9.49192,1.0651,,1.437,9.5295,35,272.2715,0.56084,0.519,-0.07527,19.7672,0.83,92,Software economics — AI compounds both the product and dev productivity,False
434,T,AT&T Inc.,USA,Communication Services,Telecom Services,United States,132403.35651,21.81,USD,59.9,58.4,62.6,70.5,31.8,25.3,78.6,7.34343,8.54102,7.203,2.528,1.3852,1.19771,0.13618,0.11708,0.05839,0.0509,0.3737,0.33913,23.0,buy,0.1837,0.04116,0.59414,0.22723,0.16938,0.029,-0.113,3.38677,-131415.8479,1.27233,0.918,110547.51323,132590,833.75453,0.00084,0.422,-0.20343,1023511.49759,1.0,70,"Telecom — network ops and service automation, capital-heavy core",False
435,TPL,Texas Pacific Land Corporation,USA,Energy,Oil & Gas E&P,United States,25051.31403,415.7,USD,59.9,67.6,45.7,95.5,66.2,90.5,24.6,57.18019,5.68518,41.207,33.9,18.42805,34.1738,0.01749,0.1759,-0.00196,0.0058,0.3018,0.06688,2.0,hold,0.36466,0.25188,0.93243,0.77222,0.60025,0.208,0.183,-0.33261,200.58755,0.01156,4.227,733.05618,114,6430.31741,0.00165,0.594,0.28572,147484.89941,1.0,48,Oil & gas — commodity price dominates; ops optimisation real but capped,False
436,ASSA-B.ST,ASSA ABLOY AB (publ),Stockholm,Industrials,Security & Protection Services,Sweden,35076.75433,348.4,SEK,59.9,54.5,69.8,66.7,45.8,40.2,53.1,23.63636,22.75637,15.7,3.002,3.56795,2.55503,0.04231,0.04394,0.04753,0.0184,0.4169,0.16136,21.0,buy,0.15566,0.07118,0.43144,0.1687,0.10823,0.033,0.159,2.33138,-6119.84775,0.64103,1.015,13728.53095,64426,213.08992,0.03546,0.845,0.09251,59875.69808,1.0,72,"Security services — monitoring scales with AI, guarding less so",False
437,KAPIAB.ST,Kallebäck Property Invest AB (publ),Stockholm,Real Estate,Real Estate Services,Sweden,66.82806,202.0,SEK,59.9,66.8,47.0,79.0,39.8,40.9,83.5,9.78682,,,12.844,1.20915,8.02259,0.10218,,0.06544,0.0594,0.5814,,,none,0.12681,0.04181,0.93391,0.90338,0.81961,0.028,0.073,,-40.16074,0.83267,1.277,8.32999,,,0.39354,0.389,0.01,41.10384,0.83,40,Real estate — asset returns dominate; admin automation marginal,False
438,ABNB,"Airbnb, Inc.",USA,Consumer Cyclical,Travel Services,United States,75697.2351,145.98,USD,59.8,58.8,61.7,72.1,57.1,72.6,37.4,36.13366,24.18249,29.465,6.102,11.37447,6.85062,0.02768,0.04135,0.03683,,0.0,0.07378,38.0,buy,0.32325,0.06245,0.82913,0.03211,0.19902,0.179,0.06,-3.61627,8274.813,0.33185,1.442,11049.68428,8200,1347.52247,0.01121,1.143,0.05729,486985.05352,1.0,68,"Travel — booking, pricing and service are digital workflows",False
439,HAKI-B.ST,HAKI Safety AB (publ),Stockholm,Industrials,Metal Fabrication,Sweden,52.28897,19.35,SEK,59.8,61.6,56.4,43.2,59.0,57.1,87.1,10.99432,8.0625,5.304,0.812,0.82061,0.47994,0.09096,0.12403,0.33065,0.0262,0.2841,0.65375,1.0,strong_buy,0.07623,0.03179,0.36772,0.01748,0.04243,0.087,,2.21739,-36.98067,0.60171,2.453,108.94796,376,289.75522,0.67911,0.746,-0.14758,11.33346,0.92,58,Industrials sector default,False
440,ACARIX.ST,Acarix AB (publ),Stockholm,Healthcare,Medical Devices,Sweden,27.12365,0.252,SEK,59.8,53.1,72.3,26.4,90.0,92.1,40.2,,,-6.57,33.944,8.12903,37.14617,-0.15873,0.0,-0.07735,,0.0,0.5873,1.0,none,-0.88296,-0.49002,0.84422,-3.48721,0.0,0.402,,,2.33785,,5.72,0.73019,8,91.27338,0.15256,-0.218,-0.36921,25.91145,0.75,66,Devices — embedded intelligence differentiates hardware,False
441,IDLDX.ST,IDL Diagnostics AB (publ),Stockholm,Healthcare,Diagnostics & Research,Sweden,8.45627,0.405,SEK,59.8,52.5,73.3,37.5,61.1,89.4,45.8,,,-10.708,1.259,0.625,1.71066,-0.07407,,-0.02507,,0.0,1.46914,1.0,none,-0.0652,-0.03124,0.56084,0.04338,-0.15435,0.093,,,2.2338,0.08495,3.488,4.94326,25,197.73058,0.41369,0.896,-0.25,7.00917,0.83,74,Diagnostics — imaging and lab interpretation are AI-tractable,False
442,MCHP,Microchip Technology Incorporated,USA,Technology,Semiconductors,United States,38409.56417,80.96,USD,59.7,51.2,75.5,53.6,88.7,42.4,27.9,368.0,19.49289,40.43,10.458,6.82285,9.32761,0.00272,0.0513,0.02593,0.0225,8.2727,0.40038,24.0,buy,0.03405,0.02226,0.57735,0.17068,0.0488,0.351,,4.43106,-4719.64022,0.87715,2.092,4117.83539,17900,230.04667,0.01781,1.727,0.09628,850653.818,0.92,78,Semis — rides the AI capex cycle and design automation,False
443,ROST,"Ross Stores, Inc.",USA,Consumer Cyclical,Apparel Retail,United States,65431.00337,233.46,USD,59.7,59.5,60.0,70.4,73.3,57.4,38.6,32.56067,27.31747,22.0,3.175,11.88697,3.14979,0.03071,0.03661,0.02734,0.0076,0.2318,0.0973,17.0,none,0.38982,0.12161,0.3274,0.13377,0.0974,0.206,0.374,0.1726,-517.37871,0.74911,1.541,20773.14727,111000,187.14547,0.02126,0.879,0.74198,622008.13051,1.0,60,Apparel — demand forecasting and design assistance,False
444,SYSR.ST,Systemair AB (publ),Stockholm,Industrials,Building Products & Equipment,Sweden,1534.88602,81.6,SEK,59.7,61.2,56.9,57.7,68.8,72.9,54.3,22.23433,18.01325,11.344,1.424,2.77259,1.35443,0.04498,0.05551,0.02697,0.0165,0.3678,0.18873,5.0,none,0.12852,0.072,0.36703,0.07353,0.06085,0.091,0.661,0.55161,-78.47517,0.21145,2.125,1133.23102,7408,152.97395,0.53699,1.386,-0.12821,1581.0199,1.0,54,Building products — configure-to-order automation,False
445,CEVI.ST,CellaVision AB (publ),Stockholm,Healthcare,Medical Devices,Sweden,318.22846,147.2,SEK,59.7,56.1,66.5,76.0,10.6,91.9,45.3,27.15867,17.90754,15.713,4.175,3.95561,4.80562,0.03682,0.05584,0.02561,0.0201,0.4448,0.17527,4.0,strong_buy,0.15297,0.09952,0.6798,0.17124,0.1835,-0.146,-0.458,-1.07039,18.83395,0.02453,3.802,66.22006,241,274.77202,0.1692,0.962,-0.15499,765.08632,1.0,66,Devices — embedded intelligence differentiates hardware,False
446,IMMNOV.ST,Immunovia AB (publ),Stockholm,Healthcare,Diagnostics & Research,Sweden,11.26722,0.1848,SEK,59.7,49.7,78.2,20.8,97.3,94.5,29.3,,0.0264,-0.85,74.675,2.67826,135.1183,-1.40693,37.87879,-0.30429,,0.0,1.27273,1.0,none,-2.81298,-0.91299,0.69674,-49.42246,0.0,1.691,,,5.04025,0.0103,3.048,0.08339,17,4.90516,0.10698,2.69,-0.46948,71.84281,0.83,74,Diagnostics — imaging and lab interpretation are AI-tractable,False
447,CTH1V.HE,Componenta Corporation,Helsinki,Industrials,Metal Fabrication,Finland,58.86402,5.98,EUR,59.7,61.3,56.6,28.4,80.5,67.1,83.9,7.56962,11.96,5.946,0.509,1.71004,0.49045,0.13211,0.08361,,,0.0,-0.08027,1.0,none,,,0.08826,0.05906,0.0729,0.149,1.4,0.21291,-2.186,0.44838,,120.021,702,170.97009,0.36184,0.285,0.3907,75.14468,0.67,58,Industrials sector default,False
448,FSPORT.ST,FSport AB (publ),Stockholm,Communication Services,Electronic Gaming & Multimedia,Sweden,1.69045,0.122,SEK,59.7,47.1,83.0,25.1,18.9,92.1,69.0,,,-12.006,7.392,1.10909,10.18033,-0.08197,,0.19471,,0.0,,,none,-0.06746,-0.04149,0.43886,-2.52527,-0.64083,-0.073,,,0.46298,,5.128,0.16605,3,55.35016,0.76447,2.478,0.53459,269.39338,0.75,85,Gaming — content pipelines and live-ops are AI-automatable,False
449,LH,Labcorp Holdings Inc.,USA,Healthcare,Diagnostics & Research,United States,20300.87307,283.36,USD,59.6,53.8,70.3,53.8,56.7,45.2,56.0,25.12057,14.59751,13.123,2.09,2.67175,1.64276,0.03981,0.0685,0.04917,0.0102,0.2551,0.10232,17.0,buy,0.11047,0.05314,0.28834,0.10945,0.06656,0.058,0.329,2.80217,-5515.93034,0.83407,1.726,12357.78762,71000,174.05335,0.00355,0.861,0.1659,163151.19565,1.0,74,Diagnostics — imaging and lab interpretation are AI-tractable,False
450,EQT.ST,EQT AB (publ),Stockholm,Financial Services,Asset Management,Sweden,33753.13719,318.3,SEK,59.6,54.5,69.2,72.5,19.9,84.5,41.6,32.15152,21.81631,21.28201,11.44543,4.49873,12.82219,0.0311,0.04584,0.0359,0.0174,0.6376,0.15062,11.0,buy,0.09325,0.05742,0.6651,0.41901,0.27648,-0.043,-0.223,-2.47651,3506.00013,0.35196,6.835,2632.39987,1912,1376.77818,0.3503,1.401,-0.05465,45882.11685,1.0,80,Asset management — research and back-office automation,False
451,TEL2-B.ST,Tele2 AB (publ),Stockholm,Communication Services,Telecom Services,Sweden,10143.36424,161.35,SEK,59.6,58.8,61.1,75.5,34.8,26.3,71.7,11.13527,24.40998,11.529,4.623,3.88786,3.71558,0.0898,0.04097,0.06755,0.0651,0.5797,0.1057,19.0,buy,0.47615,0.07079,0.43401,0.24337,0.3358,0.019,0.012,2.2489,-2461.75256,1.35225,0.697,2729.95313,3711,735.63814,0.19008,0.328,0.07818,36314.89699,1.0,70,"Telecom — network ops and service automation, capital-heavy core",False
452,EMBRAC-B.ST,Embracer Group AB (publ),Stockholm,Communication Services,Electronic Gaming & Multimedia,Sweden,1333.58642,66.5,SEK,59.6,50.6,76.4,44.4,73.0,83.5,26.5,,,14.891,1.989,0.76136,2.50187,-0.49263,,0.01485,,0.0,0.18647,10.0,buy,0.07833,0.01644,0.48938,0.02843,0.05714,0.368,0.247,-4.02073,286.3283,,1.97,533.03541,1422,374.84909,0.33949,0.911,-0.36606,3912.90596,0.92,85,Gaming — content pipelines and live-ops are AI-automatable,False
453,KREATE.HE,Kreate Group Oyj,Helsinki,Industrials,Engineering & Construction,Finland,273.0695,30.7,EUR,59.6,60.6,57.8,57.1,95.6,32.3,55.5,23.61539,12.37903,12.336,0.689,5.54252,0.57812,0.04235,0.08078,0.04049,0.0195,0.4231,-0.0228,1.0,buy,0.27253,0.06188,0.26437,0.04908,0.02435,1.522,3.684,2.00409,-52.9,1.17636,0.901,472.33798,997,473.75926,0.51205,0.9,2.47285,442.08,1.0,66,"Engineering — design, tendering and site planning automate",False
454,SFTR.ST,Safeture AB (publ),Stockholm,Technology,Software - Application,Sweden,12.67769,3.56,SEK,59.6,46.4,84.2,40.7,52.9,73.0,35.3,178.0,,47.848,1.523,4.69657,2.05034,0.00562,0.0,0.05376,,0.0,0.96629,1.0,none,0.07282,0.01547,0.38125,0.04023,0.03155,0.065,,-16.5488,3.25792,,1.287,6.1832,30,206.10682,0.29447,,-0.3283,5.00597,0.83,92,Software economics — AI compounds both the product and dev productivity,False
455,AJG,Arthur J. Gallagher & Co.,USA,Financial Services,Insurance Brokers,United States,56998.06974,253.9,USD,59.5,49.4,78.3,55.3,68.9,39.5,34.4,41.15073,17.07539,19.498,5.438,2.7435,4.59484,0.0243,0.05856,0.01656,0.011,0.4288,0.10827,18.0,buy,0.07007,0.0228,0.42929,0.28402,0.11354,0.346,0.162,3.01995,-10448.57888,0.5618,1.063,12404.79262,72373,171.40083,0.00849,0.508,-0.17629,405351.08362,1.0,82,"Insurance — claims, underwriting and pricing are data workflows",False
456,SECT-B.ST,Sectra AB (publ),Stockholm,Healthcare,Medical Devices,Sweden,4805.86438,275.2,SEK,59.5,57.5,63.3,71.9,61.9,82.5,25.1,94.24657,81.90477,69.803,14.071,24.83082,14.54432,0.01061,0.01221,0.01547,0.0047,0.3754,0.22335,3.0,none,0.27805,0.10613,0.3771,0.18631,0.15465,0.131,0.2,-2.35938,157.15209,0.03577,1.61,330.42892,1294,255.35465,0.27826,0.908,-0.23428,3753.971,1.0,66,Devices — embedded intelligence differentiates hardware,False
457,ARJO-B.ST,Arjo AB (publ),Stockholm,Healthcare,Medical Distribution,Sweden,673.96269,27.3,SEK,59.5,55.4,67.0,47.9,53.6,37.0,74.5,19.22535,10.18657,8.42,1.12,0.95847,0.68117,0.05201,0.09817,0.12253,0.0348,0.669,0.0989,5.0,buy,0.05022,0.03456,0.42003,0.07648,0.03518,0.03,0.359,3.2989,-434.16035,0.72287,1.157,989.41424,7000,141.34489,0.2603,0.678,-0.20269,1007.04843,1.0,66,Healthcare sector default,False
458,DVYSR.ST,Devyser Diagnostics AB (publ),Stockholm,Healthcare,Medical Devices,Sweden,95.86687,63.0,SEK,59.5,54.3,69.1,57.8,70.1,83.9,25.0,70.0,103.27869,23.638,3.975,2.93337,4.10749,0.01429,0.00968,-0.03304,,0.0,1.19382,3.0,strong_buy,0.04359,0.04706,0.80272,0.04531,0.05825,0.128,,-0.60739,2.3838,0.13691,2.904,23.33952,110,212.17743,0.29781,0.82,-0.52273,210.36564,0.92,66,Devices — embedded intelligence differentiates hardware,False
459,KPYOSK.HE,KPY osk,Helsinki,Financial Services,Asset Management,Finland,,4.02,EUR,59.5,48.3,80.4,53.8,6.6,48.3,69.6,9.34884,16.08,12.19,0.94,0.61704,,0.10697,0.06219,,,0.0,0.26866,1.0,none,0.09336,0.01809,0.7213,0.0529,0.08241,-0.259,-0.605,4.24713,-54.8509,0.63231,2.231,167.43699,1059,158.10859,,,-0.12798,132.70824,0.92,80,Asset management — research and back-office automation,False
460,HPQ,HP Inc.,USA,Technology,Computer Hardware,United States,19847.61953,24.84,USD,59.4,58.7,60.7,47.4,54.8,37.3,85.1,9.2,8.25364,6.341,0.52,,0.39564,0.1087,0.12116,0.15191,0.0483,0.4366,-0.07508,16.0,hold,,0.05879,0.20315,0.07114,0.04446,0.09,0.162,1.51974,-6256.56583,,0.794,50165.23341,55000,912.09515,0.0028,1.212,0.0004,409421.05574,0.83,74,Hardware — AI demand pull plus design productivity,False
461,TMUS,"T-Mobile US, Inc.",USA,Communication Services,Telecom Services,United States,181946.83802,192.43,USD,59.4,57.8,62.3,74.6,43.0,23.9,65.1,20.44952,13.36924,9.646,3.611,3.73941,2.30033,0.0489,0.0748,0.05353,0.0212,0.4038,0.31536,26.0,buy,0.18025,0.05865,0.63281,0.2401,0.11646,0.106,-0.12,3.50049,-103633.05805,2.18569,1.087,79096.0605,75000,1054.61414,0.55068,0.319,-0.17277,955014.2281,1.0,70,"Telecom — network ops and service automation, capital-heavy core",False
462,KNEBV.HE,KONE Oyj,Helsinki,Industrials,Specialty Industrial Machinery,Finland,25592.84634,49.38,EUR,59.4,56.4,65.0,76.0,33.4,57.0,48.5,26.12699,19.88419,16.403,2.241,12.17156,2.26863,0.03827,0.05029,0.03753,0.0365,0.9524,0.23752,23.0,hold,0.46552,0.09797,0.57625,0.10449,0.08684,0.013,0.0,-0.22142,341.29997,0.41717,0.953,11281.20013,64884,173.86721,0.27951,0.809,-0.09858,31681.61544,1.0,62,Machinery — predictive maintenance and embedded software,False
463,COOR.ST,Coor Service Management Holding AB,Stockholm,Industrials,Specialty Business Services,Sweden,437.07519,50.75,SEK,59.4,50.1,76.7,48.7,45.0,19.1,70.7,18.125,12.34793,10.572,0.577,3.2991,0.39011,0.05517,0.08099,0.09666,0.0296,0.5357,0.24138,4.0,strong_buy,0.1815,0.04676,0.12378,0.04779,0.02103,-0.025,0.337,3.42815,-209.73843,1.87424,0.768,1120.38747,11912,94.05536,0.42131,0.595,0.09753,1148.8265,1.0,82,Business services — back-office process automation,False
464,VOLO.ST,Volati AB (publ),Stockholm,Industrials,Conglomerates,Sweden,207.1016,24.75,SEK,59.4,60.9,56.7,52.3,51.6,39.4,87.9,9.70588,4.58333,5.838,0.462,0.90996,0.30612,0.10303,0.21818,0.51189,0.0808,0.3922,0.53535,2.0,buy,0.12482,0.04019,0.40849,0.05019,0.57489,-0.424,34.09,2.49577,-133.69238,1.32483,1.574,676.52877,2263,298.95218,0.68435,,-0.76651,269.16165,1.0,58,Conglomerate — mixed exposure,False
465,BMC.ST,Brock Milton Capital AB,Stockholm,Financial Services,Asset Management,Sweden,34.29941,94.0,SEK,59.4,55.1,67.4,81.8,18.2,0.2,75.9,17.57009,,,,9.23742,2.49056,0.05691,,0.07091,0.0499,0.0,,,none,0.71499,0.27877,0.49331,0.19955,0.142,-0.109,-0.121,,,,0.04,13.77176,10,1377.17648,0.92189,,-0.32081,7.08869,0.75,80,Asset management — research and back-office automation,False
466,UTG.ST,Unlimited Travel Group UTG AB (publ),Stockholm,Consumer Cyclical,Leisure,Sweden,24.60761,23.2,SEK,59.4,64.0,50.9,52.9,75.0,37.9,82.6,12.6087,,6.819,0.268,7.00695,0.27626,0.07931,,0.14834,0.0179,0.2174,,,none,0.66459,0.05107,0.23524,-0.01782,0.02195,0.158,,-0.20639,0.72303,1.66335,0.79,89.07547,164,543.14311,0.47706,0.81,0.25405,35.64284,0.92,58,Leisure — dynamic pricing and personalisation,False
467,ACROUD.ST,Acroud AB (publ),Stockholm,Consumer Cyclical,Gambling,Malta,17.04424,0.147,SEK,59.4,56.0,65.7,45.5,77.3,46.7,58.7,,0.63913,3.60552,0.37244,1.02492,0.35425,-0.20408,1.56463,0.10428,,0.0,,,none,-0.12864,0.0146,0.8849,0.02372,-0.04676,0.178,,1.94326,-9.658,0.72816,1.352,48.113,72,668.23611,0.30561,0.957,-0.16,3.29856,0.92,70,"Gaming/betting — risk, personalisation and CRM are data problems",False
468,TALK.ST,TalkPool AG,Stockholm,Communication Services,Telecom Services,Switzerland,11.41454,16.45,SEK,59.4,57.6,62.8,63.1,36.6,57.0,65.5,18.48315,7.18341,7.56944,0.62722,5.42185,0.62428,0.0541,0.13921,0.03708,,0.0,,,none,0.35025,0.12436,0.25185,0.05372,0.03386,0.125,-0.719,0.28436,-0.4308,0.65983,1.402,18.28448,,,0.0,1.2,0.15845,16.5681,1.0,70,"Telecom — network ops and service automation, capital-heavy core",False
469,NOC,Northrop Grumman Corporation,USA,Industrials,Aerospace & Defense,United States,64724.04322,521.57,USD,59.3,57.3,63.0,61.9,63.4,38.1,57.6,16.33991,17.28862,12.257,2.114,4.32838,1.74854,0.0612,0.05784,0.02796,0.018,0.2897,0.28549,21.0,buy,0.28512,0.07362,0.20518,0.11689,0.10801,0.044,0.849,2.11906,-13528.37175,1.02682,1.152,37016.04948,95000,389.64263,0.00244,-0.102,0.01219,440013.86534,1.0,72,Defence — autonomy and sensor fusion are budget priorities,False
470,YUM,"Yum! Brands, Inc.",USA,Consumer Cyclical,Restaurants,United States,35620.6524,147.92,USD,59.3,59.4,59.1,78.8,76.1,18.4,46.3,23.85806,19.81678,17.783,6.272,,4.80437,0.04191,0.05046,0.03094,0.0203,0.4645,0.17856,21.0,buy,,0.23302,0.45663,0.31083,0.20481,0.152,0.722,4.16138,-10881.93426,,0.651,7414.21853,49000,151.31058,0.00156,0.56,0.01656,295822.14058,0.83,55,Restaurants — ordering and kitchen workflow automation,False
471,ROKO-B.ST,ROKO-B.ST,Stockholm,Financial Services,Asset Management,Sweden,2542.31671,1918.0,SEK,59.3,52.0,72.8,65.2,46.2,50.4,41.1,35.84377,,20.804,4.586,4.81112,4.24404,0.0279,,0.03725,,0.0,0.1074,2.0,hold,0.13459,0.06067,0.44787,0.18241,0.11409,0.093,0.008,1.09128,-144.11586,0.35403,0.878,599.0325,1734,345.46281,0.57632,,-0.33553,2986.66425,1.0,80,Asset management — research and back-office automation,False
472,OEM-B.ST,OEM International AB (publ),Stockholm,Industrials,Industrial Distribution,Sweden,2294.31354,182.4,SEK,59.3,60.1,57.9,70.4,68.9,85.0,29.7,38.0,,27.444,4.466,8.43663,4.48854,0.02632,,0.00637,0.0096,0.3646,-0.10088,2.0,strong_buy,0.25003,0.13963,0.36844,0.14432,0.1184,0.166,0.314,-0.13621,11.32986,0.05133,2.963,511.14902,1137,449.55939,0.18971,0.981,0.30286,1668.43046,1.0,64,"Distribution — pricing, inventory and sales automation",False
473,MER.ST,Meren Energy Inc.,Stockholm,Energy,Oil & Gas E&P,Canada,832.21431,13.58,SEK,59.3,67.2,44.5,59.4,91.3,76.1,55.7,,,2.47984,1.56598,1.36248,1.59337,-0.15758,,0.0647,0.1041,1.0118,0.5086,3.0,buy,-0.15384,0.03656,0.74423,0.24584,-0.2086,0.496,,-0.41854,138.0446,0.00515,1.261,522.29788,50,10445.9575,0.07693,0.394,0.14079,1195.54154,0.92,48,Oil & gas — commodity price dominates; ops optimisation real but capped,False
474,ITECH.ST,I-Tech AB,Stockholm,Basic Materials,Specialty Chemicals,Sweden,73.94764,68.0,SEK,59.3,64.4,49.7,80.2,31.2,94.3,53.0,23.44827,17.3913,15.108,4.02,4.29781,4.97593,0.04265,0.0575,0.044,0.0184,0.3448,0.59559,2.0,strong_buy,0.1926,0.11703,0.58378,0.32369,0.21208,-0.073,0.114,-3.59178,14.2033,,7.057,14.86106,11,1351.00588,0.30443,0.799,-0.40088,131.34302,0.92,55,Chemicals — formulation R&D and process control,False
475,ENRO.ST,Eniro Group AB (publ),Stockholm,Communication Services,Internet Content & Information,Sweden,34.45777,26.11,SEK,59.3,46.6,82.9,35.7,34.1,68.4,56.9,870.3334,261.1,3.397,0.251,1.16256,0.39766,0.00115,0.00383,0.04587,0.0957,0.0,,,none,0.06995,0.02025,0.30021,-0.0042,0.02301,0.004,,-1.9802,12.68945,0.10703,0.941,86.65079,900,96.27866,0.69665,0.235,0.09476,45.15438,0.92,88,"Digital platform — data-rich, AI-native product surface",False
476,MCD,McDonald's Corporation,USA,Consumer Cyclical,Restaurants,United States,166186.06569,267.71,USD,59.2,58.7,60.2,83.5,49.7,32.9,48.8,22.07007,18.91728,16.406,8.888,,6.93032,0.04531,0.05286,0.03129,0.0278,0.5985,0.22015,31.0,buy,,0.13561,0.57349,0.44253,0.31618,0.094,0.069,3.61322,-46939.53526,,1.136,23979.57056,150000,159.8638,0.00255,0.418,-0.09478,1037650.921,0.83,55,Restaurants — ordering and kitchen workflow automation,False
477,VLTO,Veralto Corporation,USA,Industrials,Pollution & Treatment Controls,United States,20129.75692,93.81,USD,59.2,60.3,57.2,82.4,50.1,49.5,46.8,24.17783,20.08586,17.766,4.377,7.66735,4.11937,0.04136,0.04979,0.03334,0.0055,0.1237,0.15189,17.0,buy,0.36463,0.11322,0.59861,0.23769,0.17325,0.068,0.133,1.04572,-1259.00168,0.95542,1.484,4886.60419,17000,287.44731,0.00187,0.782,-0.08128,188830.80605,1.0,55,Environmental services — monitoring automation,False
478,CAMX.ST,Camurus AB (publ),Stockholm,Healthcare,Biotechnology,Sweden,3390.03294,628.5,SEK,59.2,59.6,58.5,85.9,37.1,94.7,26.5,55.57029,40.83821,40.634,14.753,7.9914,16.50034,0.018,0.02449,0.01083,,0.0,0.23588,8.0,strong_buy,0.15862,0.10472,0.93073,0.41662,0.29919,0.039,-0.015,-4.81201,358.949,0.02316,10.005,205.4523,316,650.16549,0.33115,0.515,-0.11354,8092.83907,1.0,60,"Biotech — discovery upside, binary science risk dominates",False
479,ELISA.HE,Elisa Oyj,Helsinki,Communication Services,Telecom Services,Finland,5655.43373,35.22,EUR,59.2,56.2,64.8,74.4,30.4,41.2,59.8,16.53521,13.85185,9.951,3.178,4.23419,2.51565,0.06048,0.07219,0.02367,0.0681,0.831,0.15515,19.0,buy,0.28131,0.08492,0.4466,0.21442,0.15222,-0.003,-0.018,2.06477,-1482.29994,1.19001,1.433,2248.1001,6068,370.48452,0.11388,0.434,-0.22593,10884.10704,1.0,70,"Telecom — network ops and service automation, capital-heavy core",False
480,FLAT-B.ST,Flat Capital AB (publ),Stockholm,Financial Services,Asset Management,Sweden,498.16747,11.04,SEK,59.2,50.3,75.6,52.8,88.9,89.3,2.3,,,,-1.516,1.50184,-1.47498,-1.58786,,,,0.0,,,none,,,0.0,0.9951,0.0,13.122,0.727,,-13.71312,0.08752,45.595,-337.74558,2,-168872.78893,0.82682,,-0.43902,534.79325,0.58,80,Asset management — research and back-office automation,False
481,4C.ST,4C Group AB (publ),Stockholm,Technology,Software - Infrastructure,Sweden,30.13953,8.3,SEK,59.2,45.2,85.2,40.9,84.6,25.6,33.9,,,37.732,1.431,1.1825,0.97432,-0.00361,,0.05031,,0.0,0.05422,2.0,hold,-0.00413,0.00718,0.38373,0.13142,-0.00326,0.262,,13.18298,-15.46309,0.63961,0.913,30.93379,182,169.96588,0.48694,0.29,-0.55733,121.05155,0.92,92,Software economics — AI compounds both the product and dev productivity,False
482,AIFORIA.HE,Aiforia Technologies Oyj,Helsinki,Healthcare,Health Information Services,Finland,65.20224,1.744,EUR,59.2,51.0,74.4,5.1,90.7,76.8,65.3,4.25366,-9.96571,-5.121,15.957,3.43984,18.44476,0.23509,-0.10034,-0.15474,,0.0,0.72018,2.0,none,-0.75333,-0.24292,-0.8215,-2.70047,0.0,0.446,,,2.349,0.42109,3.09,3.535,76,46.51316,0.33404,0.169,-0.46667,64.06758,0.83,80,Health IT — records and diagnostics are data problems,False
483,GPX.ST,Gasporox AB (publ),Stockholm,Technology,Scientific & Technical Instruments,Sweden,5.51049,6.5,SEK,59.1,52.4,71.6,35.2,95.7,49.3,45.1,,65.0,-56.917,1.5,3.33333,1.45365,-0.07692,0.01538,-0.07725,,0.0,,,none,-0.23778,-0.0394,0.80446,-0.1116,-0.11451,0.944,,,-0.17457,0.80938,1.669,3.79079,22,172.30867,0.46735,0.763,-0.17722,2.05555,0.83,68,Instruments — measurement + software attach,False
484,TNOM.HE,Talenom Oyj,Helsinki,Industrials,Specialty Business Services,Finland,53.3176,1.168,EUR,59.1,48.5,78.9,40.9,64.0,20.5,61.1,29.2,8.65185,7.514,1.22,1.3988,0.48948,0.03425,0.11558,,0.1113,2.5,1.44007,2.0,none,0.04365,0.02569,0.32115,0.05866,0.2539,-0.006,10.824,4.50286,-79.605,2.28932,1.053,108.926,1352,80.56657,0.34558,1.265,-0.66629,70.61962,0.92,82,Business services — back-office process automation,False
485,SWKS,"Skyworks Solutions, Inc.",USA,Technology,Semiconductors,United States,7799.16545,59.35,USD,59.0,52.7,70.6,48.9,19.6,78.6,66.3,24.72916,11.55827,9.564,2.15,1.54815,2.2072,0.04044,0.08652,0.07705,0.0479,1.1792,0.22894,16.0,hold,0.06171,0.03537,0.41075,0.07704,0.08931,-0.01,-0.449,-0.25542,202.87309,0.20632,2.376,3533.50504,10000,353.3505,0.00399,1.497,-0.18386,269385.35001,1.0,78,Semis — rides the AI capex cycle and design automation,False
486,SECU-B.ST,Securitas AB (publ),Stockholm,Industrials,Security & Protection Services,Sweden,8969.42602,165.1,SEK,59.0,52.6,70.8,51.3,36.2,40.4,71.3,17.48941,13.16587,9.914,0.843,2.2731,0.65225,0.05718,0.07595,0.08566,0.0321,0.4767,0.01252,12.0,hold,0.13244,0.05843,0.21515,0.06396,0.03565,-0.086,0.224,2.58272,-3020.99467,0.95575,1.372,13751.55334,322000,42.70669,0.05183,0.731,0.14772,16926.40143,1.0,72,"Security services — monitoring scales with AI, guarding less so",False
487,YUBICO.ST,Yubico AB,Stockholm,Technology,Software - Infrastructure,Sweden,500.27579,64.35,SEK,59.0,45.2,84.7,53.9,7.2,95.1,35.4,56.9469,11.03774,30.897,2.205,3.27098,2.661,0.01756,0.0906,0.04108,,0.0,-0.05594,4.0,hold,0.05948,0.03206,0.77461,0.02483,0.04739,-0.231,-0.569,-6.38433,85.67189,0.02086,3.997,188.00322,514,365.76502,0.30025,0.795,-0.51361,2291.63964,1.0,92,Software economics — AI compounds both the product and dev productivity,False
488,OLVAS.HE,Olvi Oyj,Helsinki,Consumer Defensive,Beverages - Brewers,Finland,676.82944,32.8,EUR,59.0,60.6,56.1,62.8,38.8,62.7,71.4,11.27148,9.42529,6.716,1.053,1.82364,0.99475,0.08872,0.1061,0.03402,0.0415,0.677,0.1128,2.0,none,0.17113,0.08028,0.41961,0.07192,0.08838,0.114,-0.4,0.35434,-37.811,0.27479,1.225,680.4,2811,242.04909,0.12887,0.418,-0.03245,231.5352,1.0,55,Consumer staples — demand forecasting and trade-spend optimisation,False
489,SPGR.ST,Spotlight Group AB,Stockholm,Financial Services,Capital Markets,Sweden,17.29972,31.6,SEK,59.0,48.9,77.7,51.4,18.0,53.7,64.2,90.28571,,,,3.63762,1.6679,0.01108,,0.18296,,0.0,,,none,0.0378,0.02165,0.83358,0.03416,-0.03883,0.001,-0.777,,,0.25414,1.063,10.37217,35,296.34778,0.77523,0.517,0.70811,9.174,0.83,80,"Capital markets — research, ops and compliance are text-heavy",False
490,AERW-B.ST,Aerowash AB (publ),Stockholm,Industrials,Aerospace & Defense,Sweden,3.95089,2.1,SEK,59.0,50.9,74.1,38.2,64.8,80.2,41.9,,,-5.593,1.189,0.87573,1.22139,-0.05714,,-0.09239,,0.0,,,none,-0.13286,-0.07133,0.68446,0.03736,-0.16655,0.107,,,0.10541,0.09467,2.206,3.23476,21,154.03603,,-0.605,-0.20455,12.04825,0.83,72,Defence — autonomy and sensor fusion are budget priorities,False
491,VRT,Vertiv Holdings Co,USA,Industrials,Electrical Equipment & Parts,United States,97175.14164,289.56,USD,58.9,59.2,58.2,72.9,86.7,55.8,26.6,72.93703,32.63328,46.994,10.328,26.1903,10.25717,0.01371,0.03064,0.01767,0.0009,0.0503,0.31234,25.0,strong_buy,0.45097,0.1115,0.37151,0.16365,0.14372,0.301,1.357,0.32077,-667.85641,0.76913,1.494,9473.87902,34000,278.6435,0.00229,2.029,1.29427,1561202.64267,1.0,60,"Electrical — electrification tailwind, moderate AI angle",False
492,INTRUM.ST,Intrum AB (publ),Stockholm,Financial Services,Credit Services,Sweden,885.63725,3.072,SEK,58.9,46.0,82.9,68.2,13.7,21.5,53.9,,0.47628,7.07,2.747,0.03127,0.5919,-0.9668,2.09961,0.12088,,0.0,5.55924,2.0,none,-0.10765,0.05076,1.0,0.36548,-0.11516,-0.122,,6.75417,-3927.20246,3.11636,1.321,1496.26703,8267,180.99275,0.04544,1.301,-0.95789,3780.72129,0.92,82,Credit — underwriting and collections are data decisions at scale,False
493,NELLY.ST,Nelly Group AB (publ),Stockholm,Consumer Cyclical,Apparel Retail,Sweden,94.19131,34.54,SEK,58.9,60.9,55.3,71.0,16.1,59.2,79.7,7.65854,13.08333,6.321,0.819,2.51823,0.82535,0.13057,0.07643,0.06136,,0.0,,,none,0.47287,0.10681,0.55008,0.03288,0.12493,-0.018,-0.685,0.38136,-5.63774,0.67371,1.618,114.12345,172,663.50841,0.32155,1.574,-0.4272,1270.05241,1.0,60,Apparel — demand forecasting and design assistance,False
494,ENENTO.HE,Enento Group Oyj,Helsinki,Industrials,Consulting Services,Finland,350.86858,14.82,EUR,58.9,49.9,75.6,50.8,42.7,40.1,58.4,27.44444,12.80345,13.885,3.128,1.37375,2.25215,0.03644,0.0781,0.08049,0.0675,1.8519,0.25506,4.0,strong_buy,0.05019,0.03719,0.57297,0.04338,0.08283,0.033,,3.88797,-136.456,0.60949,1.291,155.79299,349,446.39826,0.2923,1.073,-0.0691,240.94356,0.92,84,Professional services — knowledge work with billable-hour leverage,False
495,DWF.HE,Digital Workforce Services Oyj,Helsinki,Technology,Information Technology Services,Finland,30.6101,2.67,EUR,58.9,46.9,81.2,24.7,42.3,56.1,71.2,,9.2069,-329.053,0.938,2.17781,1.06807,-0.00749,0.10861,0.10123,0.032,1.4257,0.23596,1.0,strong_buy,-0.05876,-0.01212,0.13168,0.02424,-0.0297,0.099,-0.11,,5.5122,0.35751,1.281,28.65936,180,159.21867,0.0,0.716,-0.23714,31.20696,0.92,90,IT services — delivery is labor-hours that AI directly automates,False
496,AKAM,"Akamai Technologies, Inc.",USA,Technology,Software - Infrastructure,United States,15266.92767,120.19,USD,58.8,45.4,83.7,57.5,35.4,39.0,41.3,40.60473,16.74347,19.539,5.253,3.56372,4.09546,0.02463,0.05972,0.0401,,0.0,0.32541,23.0,buy,0.09168,0.03393,0.58284,0.10611,0.102,0.058,-0.134,4.3046,-4313.68405,1.19534,2.057,3727.76873,11419,326.45317,0.021,0.633,0.527,521758.80663,1.0,92,Software economics — AI compounds both the product and dev productivity,False
497,STZ,"Constellation Brands, Inc.",USA,Consumer Defensive,Beverages - Brewers,United States,19828.42352,132.87,USD,58.8,63.2,50.6,78.8,43.0,26.8,76.7,12.65428,10.73736,9.67,3.69,2.75967,2.50585,0.07902,0.09313,0.0974,0.031,0.3895,0.28697,23.0,buy,0.2369,0.08574,0.5272,0.35931,0.20144,-0.033,0.307,3.0202,-9118.98185,1.23205,0.913,7912.83938,9400,841.79142,0.12933,0.382,-0.20887,253632.40936,1.0,55,Consumer staples — demand forecasting and trade-spend optimisation,False
498,PEAB-B.ST,Peab AB (publ),Stockholm,Industrials,Engineering & Construction,Sweden,2325.3497,91.8,SEK,58.8,59.8,57.0,42.8,79.3,40.6,76.3,12.62724,15.27454,10.074,0.623,1.60937,0.42699,0.07919,0.06547,0.10201,0.0359,0.4195,0.11656,4.0,buy,0.13247,0.03368,0.0928,0.05025,0.03452,0.099,7.37,3.15755,-1062.65052,0.87343,1.526,5445.85715,13000,418.91209,0.34921,1.318,0.24138,2166.60607,1.0,66,"Engineering — design, tendering and site planning automate",False
499,CINT.ST,Cint Group AB (publ),Stockholm,Technology,Software - Application,Sweden,192.47877,5.98,SEK,58.8,42.2,89.5,38.5,21.4,71.3,45.7,,66.44444,14.07241,1.28925,0.8871,1.29594,-0.9097,0.01505,0.21315,,0.0,-0.0231,2.0,hold,-0.55548,-0.04644,0.87566,0.02312,-1.18233,-0.053,,-0.74734,10.169,0.23847,1.428,148.52499,759,195.6851,0.14107,1.409,-0.16829,1130.25721,0.92,92,Software economics — AI compounds both the product and dev productivity,False
500,OODA.ST,OODA AI AB (publ),Stockholm,Technology,Software - Application,Sweden,11.26259,33.3,SEK,58.8,44.0,86.3,29.3,99.0,77.5,7.9,,,41.285,3.006,5.20801,3.06069,-1.05976,,-0.08682,,0.0,,,none,-2.08472,-0.19913,1.0,-1.35211,0.0,7.814,,-0.75101,0.20122,0.04673,1.451,3.67976,,,0.43905,2.26,-0.39892,9.02163,0.92,92,Software economics — AI compounds both the product and dev productivity,False
501,RAUTE.HE,Raute Oyj,Helsinki,Industrials,Specialty Industrial Machinery,Finland,91.30173,15.35,EUR,58.8,56.1,63.7,68.9,7.4,85.3,59.1,8.72159,8.87283,3.341,0.381,1.55223,0.58112,0.11466,0.1127,-0.26475,0.0423,0.3125,0.00977,2.0,none,0.19454,0.07415,0.58064,0.08261,0.06968,-0.355,-0.455,-1.77384,31.805,0.03411,1.967,157.114,692,227.04335,0.4983,0.727,-0.09971,42.6423,1.0,62,Machinery — predictive maintenance and embedded software,False
502,LOYAL.ST,Loyal Solutions A/S,Stockholm,Technology,Software - Application,Denmark,6.01026,6.98,SEK,58.8,47.8,79.3,33.9,92.1,16.5,50.2,,,-127.16452,1.17897,-1.60103,0.89367,-0.08739,,0.00322,,0.0,,,none,,-0.03097,0.30738,0.07097,-0.07943,0.526,,,-2.83,,0.728,6.72536,18,373.63113,0.42263,1.027,1.8374,0.92368,0.67,92,Software economics — AI compounds both the product and dev productivity,False
503,OMC,Omnicom Group Inc.,USA,Communication Services,Advertising Agencies,United States,20351.5829,81.73,USD,58.7,50.1,74.7,43.7,59.9,31.5,60.4,,6.66875,9.98,1.589,2.46829,1.17499,-0.00453,0.14995,0.21751,0.0392,0.413,0.25719,12.0,buy,0.02015,0.04467,0.18432,0.11918,0.00318,0.692,-0.069,2.29018,-6315.54083,1.10574,0.912,17320.57912,120000,144.33816,0.00899,0.656,0.16077,306193.23095,1.0,80,"Advertising — targeting, creative and buying are AI-disrupted/enabled",False
504,QAIR.ST,QleanAir AB (publ),Stockholm,Industrials,Pollution & Treatment Controls,Sweden,26.46504,19.65,SEK,58.7,59.8,56.7,63.2,44.9,26.8,82.4,10.12886,5.13055,8.016,0.995,1.33783,0.64582,0.09873,0.19491,0.13209,,0.0,0.78117,1.0,none,0.13757,0.0435,0.68516,0.06862,0.06394,-0.023,0.333,2.81351,-14.31315,0.86937,0.53,40.97885,120,341.49038,0.66012,0.648,-0.01256,18.99851,1.0,55,Environmental services — monitoring automation,False
505,REMEDY.HE,Remedy Entertainment Oyj,Helsinki,Communication Services,Electronic Gaming & Multimedia,Finland,204.12858,15.02,EUR,58.7,44.5,85.1,45.2,24.3,86.3,36.3,,25.45763,67.571,3.176,3.54329,3.44498,-0.06391,0.03928,0.09367,,0.0,0.29827,2.0,strong_buy,-0.20634,-0.00142,0.81952,0.0783,-0.22182,-0.019,-0.124,-5.7246,15.943,0.31384,3.739,59.254,391,151.54476,0.40482,1.051,-0.05296,415.46822,1.0,85,Gaming — content pipelines and live-ops are AI-automatable,False
506,MAR,"Marriott International, Inc.",USA,Consumer Cyclical,Lodging,United States,84376.10962,366.24,USD,58.6,54.1,66.9,89.6,50.9,18.0,33.0,38.30962,27.97938,23.976,15.803,,13.44283,0.0261,0.03574,0.01861,0.008,0.2806,0.04747,24.0,buy,,0.09765,0.79037,0.59006,0.35969,0.126,0.017,3.58015,-14810.96205,,0.46,6276.66098,414000,15.16102,0.17882,1.106,0.34865,476550.7383,0.83,58,Lodging — revenue management and service automation,False
507,NKE,"NIKE, Inc.",USA,Consumer Cyclical,Footwear & Accessories,United States,56718.77202,43.76,USD,58.6,60.7,54.7,67.2,62.1,60.5,52.4,20.83809,18.83722,13.58,1.443,4.36465,1.39915,0.04799,0.05309,0.0291,0.0375,0.7762,0.1682,34.0,buy,0.22138,0.06971,0.43245,0.12687,0.06699,-0.011,4.28,0.40901,-1761.37925,0.74289,1.961,40537.93478,73000,555.31418,0.017,1.128,-0.40881,878471.22879,1.0,60,Apparel — demand forecasting and design assistance,False
508,NDSN,Nordson Corporation,USA,Industrials,Specialty Industrial Machinery,United States,14067.76994,288.98,USD,58.6,57.2,61.3,74.3,47.7,58.5,43.0,30.87393,23.26735,19.723,6.189,5.02819,5.54524,0.03239,0.04298,0.03569,0.0114,0.3462,0.10432,8.0,buy,0.1714,0.07924,0.55218,0.23516,0.18188,0.085,0.061,2.05288,-1634.352,0.61637,2.597,2536.90771,8200,309.37899,0.0559,0.969,0.34848,101460.07721,1.0,62,Machinery — predictive maintenance and embedded software,False
509,WAT,Waters Corporation,USA,Healthcare,Diagnostics & Research,United States,31652.94289,368.98,USD,58.6,50.9,72.9,48.4,95.4,50.1,24.7,46.94402,22.37071,36.447,10.972,2.36864,9.60898,0.0213,0.0447,-0.01387,,0.0,0.11964,24.0,buy,0.05212,0.03313,0.55154,0.02841,0.11926,0.914,,4.52844,-4490.81802,0.36634,1.788,3294.09904,16000,205.88119,0.00103,1.202,0.31002,327938.85302,0.92,74,Diagnostics — imaging and lab interpretation are AI-tractable,False
510,WSM,"Williams-Sonoma, Inc.",USA,Consumer Cyclical,Specialty Retail,United States,23497.72877,228.41,USD,58.6,57.4,60.9,78.4,40.3,52.1,47.0,25.57783,22.24048,16.812,3.519,14.3835,3.41207,0.0391,0.04496,0.03292,0.0133,0.3072,-0.06908,19.0,buy,0.54007,0.17356,0.46062,0.16173,0.1381,0.044,0.043,0.51036,-735.6231,0.79878,1.331,6886.64261,19800,347.81023,0.01151,1.485,0.32642,238234.90843,1.0,64,"Retail — inventory, pricing and service automation",False
511,INSTAL.ST,Instalco AB (publ),Stockholm,Industrials,Engineering & Construction,Sweden,999.05105,41.06,SEK,58.5,54.1,66.8,57.1,61.7,29.5,57.9,28.71329,17.03734,14.738,1.02,3.25125,0.80203,0.03483,0.05869,0.09145,0.0128,0.4892,0.12031,4.0,buy,0.11755,0.04571,0.53052,0.05032,0.0278,0.044,0.687,3.5142,-302.91521,0.9604,0.983,1245.6504,6163,202.11754,0.2001,1.196,0.59891,1588.33357,1.0,66,"Engineering — design, tendering and site planning automate",False
512,FOI-B.ST,Fenix Outdoor International AG,Stockholm,Consumer Cyclical,Specialty Retail,Switzerland,508.25698,417.0,SEK,58.5,54.8,65.5,47.1,73.5,49.7,53.7,94.34389,93.49776,10.63448,0.7455,1.30054,0.72299,0.0106,0.0107,0.0606,0.018,3.4199,,,none,0.02429,0.02723,0.58996,0.04039,0.01361,0.052,23.779,3.54882,-174.9,0.57344,2.053,702.99302,3222,218.1853,0.66291,0.379,-0.21764,78.46537,1.0,64,"Retail — inventory, pricing and service automation",False
513,QSYS.ST,Qualisys Holding Aktiebolag,Stockholm,Technology,Scientific & Technical Instruments,Sweden,47.31351,52.2,SEK,58.5,53.3,68.3,65.0,5.8,87.9,54.1,16.41509,,13.097,1.932,3.18021,2.08497,0.06092,,0.02117,0.0575,0.9434,0.2931,1.0,none,0.1944,0.09106,0.71523,-0.16527,0.12722,-0.307,,-1.03476,3.4644,0.1388,3.374,22.69263,83,273.40516,0.47404,,-0.3012,113.98297,0.92,68,Instruments — measurement + software attach,False
514,ORTHEX.HE,Orthex Oyj,Helsinki,Consumer Cyclical,"Furnishings, Fixtures & Appliances",Finland,76.0079,4.28,EUR,58.5,61.7,52.6,59.2,38.1,62.5,79.8,10.97436,10.19048,6.527,0.989,1.83062,0.86581,0.09112,0.09813,0.07349,0.0514,0.5641,0.16822,2.0,none,0.17035,0.07353,0.28925,0.09628,0.07791,0.027,0.048,0.81039,-10.775,0.57899,2.038,87.788,279,314.65233,0.28554,1.457,-0.08155,39.47444,1.0,55,Furnishings — design tools and logistics,False
515,SPEC.ST,SpectraCure AB (publ),Stockholm,Healthcare,Medical Devices,Sweden,3.43321,0.0515,SEK,58.5,50.0,74.3,37.7,,93.5,42.5,,,-1.001,23.08,0.29261,58.36338,-0.7767,,,,0.0,,,none,-0.40162,,6.18849,-23.37698,0.0,,,,1.30583,0.02178,7.019,0.05882,13,4.52497,0.14826,,-0.70197,13.61626,0.58,66,Devices — embedded intelligence differentiates hardware,False
516,WRT1V.HE,Wärtsilä Oyj Abp,Helsinki,Industrials,Specialty Industrial Machinery,Finland,17615.64058,29.88,EUR,58.4,58.2,58.7,68.2,41.4,69.6,52.1,27.16363,23.46898,18.058,2.323,7.37596,2.54893,0.03681,0.04261,0.06418,0.0181,0.4455,0.10776,16.0,hold,0.27256,0.06317,0.46925,0.11632,0.09405,-0.003,0.181,-1.7649,1569.00006,0.22797,1.175,6911.00006,17938,385.27149,0.01503,1.267,0.29519,22530.1176,1.0,62,Machinery — predictive maintenance and embedded software,False
517,DYVOX.ST,Dynavox Group AB (publ),Stockholm,Healthcare,Medical Instruments & Supplies,Sweden,640.26838,66.6,SEK,58.4,53.2,68.1,76.1,55.4,39.3,32.0,39.40828,31.71429,20.57,3.227,10.73674,2.85527,0.02538,0.03153,0.00446,0.0075,0.0,0.65465,5.0,none,0.32495,0.08569,0.68238,0.09864,0.07264,0.012,0.591,2.22881,-78.40265,1.67119,1.628,224.24063,1056,212.34909,0.041,0.789,-0.47393,2510.31178,1.0,66,Instruments — software layer increasingly the differentiator,False
518,PRCO-B.ST,Precio Fishbone AB (publ),Stockholm,Technology,Information Technology Services,Sweden,14.88703,17.9,SEK,58.4,44.9,83.6,33.6,65.3,81.0,26.4,81.36363,,23.108,0.935,0.92698,0.96145,0.01229,,-0.01251,0.0279,2.0482,,,none,0.01545,0.01805,0.20756,0.04948,0.13111,0.038,1.284,-0.66464,0.41621,0.07108,1.912,15.48394,169,91.62092,0.71046,0.395,-0.20796,2.2633,1.0,90,IT services — delivery is labor-hours that AI directly automates,False
519,BBY,"Best Buy Co., Inc.",USA,Consumer Cyclical,Specialty Retail,United States,15728.01672,85.41,USD,58.3,59.3,56.4,59.1,52.2,41.1,73.5,15.81667,12.07772,7.728,0.483,5.83721,0.43004,0.06322,0.0828,0.06354,0.045,0.7056,-0.07329,20.0,hold,0.39104,0.07771,0.22518,0.0404,0.02731,0.019,0.379,0.85218,-1949.22481,1.3409,1.121,36573.08463,82000,446.01323,0.06468,1.33,0.29038,310030.38471,1.0,64,"Retail — inventory, pricing and service automation",False
520,TECH,Bio-Techne Corporation,USA,Healthcare,Biotechnology,United States,9817.82372,72.12,USD,58.3,57.3,60.3,69.4,57.3,83.2,30.1,103.02858,35.26168,31.056,9.389,5.4132,9.28061,0.00971,0.02836,0.02668,0.0044,0.4571,-0.0294,12.0,hold,0.0534,0.07452,0.66399,0.25191,0.09049,-0.015,1.286,0.20819,-66.58292,0.13922,4.489,1057.88561,3100,341.25342,0.00306,1.289,0.43465,298230.08413,1.0,60,"Biotech — discovery upside, binary science risk dominates",False
521,IEX,IDEX Corporation,USA,Industrials,Specialty Industrial Machinery,United States,14546.18514,224.94,USD,58.3,57.8,59.1,66.0,59.5,69.0,41.5,33.226,24.3175,18.874,5.088,4.12688,4.71628,0.0301,0.04112,0.03154,0.013,0.4201,0.06219,14.0,buy,0.12748,0.06757,0.44435,0.1989,0.14382,0.089,0.278,1.37989,-1147.25548,0.46915,3.393,3084.24843,8700,354.51131,0.00222,0.974,0.24345,136516.0851,1.0,62,Machinery — predictive maintenance and embedded software,False
522,TKO,"TKO Group Holdings, Inc.",USA,Communication Services,Entertainment,United States,30914.31146,185.13,USD,58.3,55.6,63.2,61.8,80.4,44.7,37.3,69.07836,39.71025,16.11,4.583,4.1108,6.98827,0.01448,0.02518,0.02348,0.0168,1.0037,0.25858,19.0,strong_buy,0.06736,0.03852,0.59119,0.21215,0.0447,0.259,0.63,2.89919,-3648.575,0.58229,1.339,4423.74145,4000,1105.93536,0.1768,0.621,0.09739,234534.40076,1.0,72,Entertainment — content pipeline productivity,False
523,BIOA-B.ST,BioArctic AB (publ),Stockholm,Healthcare,Biotechnology,Sweden,2414.17552,300.2,SEK,58.3,58.5,58.0,83.7,2.4,93.7,49.0,126.66668,103.51724,,21.48,12.11705,23.21983,0.00789,0.00966,0.04726,0.0067,0.0,0.004,5.0,hold,0.10322,0.12879,0.94132,0.45919,0.1859,-0.661,-0.793,,180.72563,0.01853,6.538,103.97044,141,737.379,0.42676,-0.672,0.53163,4839.77968,0.83,60,"Biotech — discovery upside, binary science risk dominates",False
524,PDX.ST,Paradox Interactive AB (publ),Stockholm,Communication Services,Electronic Gaming & Multimedia,Sweden,1245.51954,130.1,SEK,58.3,48.3,76.9,59.5,16.6,92.4,34.4,156.747,19.89297,23.653,5.716,5.30349,6.36347,0.00638,0.05027,0.03581,0.0384,3.6145,0.18678,5.0,buy,0.03133,0.08668,0.37709,0.21877,0.04073,-0.07,-0.303,-2.68119,126.80972,0.06003,5.149,195.72963,681,287.41503,0.55727,0.086,-0.25827,1746.59004,1.0,85,Gaming — content pipelines and live-ops are AI-automatable,False
525,LOGIST-B.ST,Logistri Fastighets AB ser. B,Stockholm,Real Estate,Real Estate Services,Sweden,99.14401,14.6,SEK,58.3,68.1,40.0,73.2,59.7,39.5,82.2,16.22222,,,,0.09862,7.63206,0.06164,,0.10413,,0.0,,,none,0.06133,0.03494,0.92595,1.35411,0.45874,0.255,0.047,8.98912,-101.7119,1.11291,2.97,12.99046,4,3247.61438,0.53477,0.462,-0.03846,50.24147,0.92,40,Real estate — asset returns dominate; admin automation marginal,False
526,SENZA.ST,SenzaGen AB,Stockholm,Healthcare,Diagnostics & Research,Sweden,15.73428,5.34,SEK,58.3,49.3,75.0,32.0,61.8,80.7,45.3,,-53.4,-35.172,2.587,1.89295,2.9286,-0.06742,-0.01873,-0.06647,,0.0,,,none,-0.12721,-0.05975,0.63416,-0.14198,-0.18514,0.095,,,1.83789,0.19389,2.946,5.37262,33,162.8067,0.24899,0.571,-0.01111,8.19771,0.83,74,Diagnostics — imaging and lab interpretation are AI-tractable,False
527,YIELD.ST,SaveLend Group AB (publ),Stockholm,Financial Services,Credit Services,Sweden,9.32025,1.795,SEK,58.3,49.3,74.9,41.4,84.9,5.7,56.5,,-8.975,-46.879,2.993,1.32472,0.92581,-0.15599,-0.11142,,,0.0,,,none,0.19804,,0.29278,-0.25064,0.14656,0.14,11.2,,-19.76635,2.73768,,10.06708,43,234.11818,0.41169,-0.299,0.0436,8.05447,0.67,82,Credit — underwriting and collections are data decisions at scale,False
528,IQMX.HE,IQM Quantum Computers Oyj,Helsinki,Technology,Software - Infrastructure,Finland,,9.444,EUR,58.3,42.1,88.4,20.7,,92.1,,,,,,,,,,,,,,,none,-0.50918,-0.18959,0.47819,-1.80704,-1.73584,,,,,,5.09,31.333,380,82.45526,0.0,,-0.44441,4579.87724,0.42,92,Software economics — AI compounds both the product and dev productivity,False
529,AAPL,Apple Inc.,USA,Technology,Consumer Electronics,United States,4282665.89667,333.74,USD,58.2,59.4,56.0,84.7,65.3,49.4,31.1,40.50243,34.62503,30.742,10.894,45.9697,10.858,0.02469,0.02888,0.02062,0.0032,0.1259,-0.04641,43.0,buy,1.41471,0.26229,0.47862,0.32275,0.27152,0.166,0.218,0.10129,-14157.43275,0.79548,1.07,394424.90105,166000,2376.05362,0.01631,1.097,0.57069,15988038.75654,1.0,66,Consumer electronics — on-device AI features,False
530,FOXA,Fox Corporation,USA,Communication Services,Entertainment,United States,21138.88789,57.62,USD,58.2,57.4,59.7,67.5,12.6,62.5,72.8,15.16316,9.93522,7.995,1.751,2.21037,1.49341,0.06595,0.10065,0.05813,0.0097,0.1474,0.22893,18.0,buy,0.152,0.08713,0.36843,0.21357,0.10561,-0.086,-0.493,1.11947,-3471.21037,0.67867,2.896,14154.81405,10400,1361.03981,0.01308,0.55,0.03876,289038.33683,1.0,72,Entertainment — content pipeline productivity,False
531,OTIS,Otis Worldwide Corporation,USA,Industrials,Specialty Industrial Machinery,United States,24624.31186,73.45,USD,58.2,56.4,61.5,63.8,60.8,27.6,59.4,19.53458,15.56085,14.365,2.445,,1.92421,0.05119,0.06426,0.05968,0.0231,0.4468,0.30701,12.0,buy,,0.13346,0.30546,0.15395,0.10111,0.064,0.426,2.96189,-6451.40088,,0.837,12797.08433,72000,177.73728,0.00115,0.891,-0.25431,246533.60505,0.83,62,Machinery — predictive maintenance and embedded software,False
532,TREL-B.ST,Trelleborg AB (publ),Stockholm,Industrials,Specialty Industrial Machinery,Sweden,8421.46042,417.0,SEK,58.2,56.2,61.9,60.4,54.2,57.6,51.8,24.74777,21.39559,13.605,2.961,2.46388,2.67921,0.04041,0.04674,0.03524,0.0192,0.4748,0.06736,11.0,buy,0.10205,0.0634,0.37795,0.17662,0.10935,0.071,0.201,1.28961,-882.27909,0.32172,1.271,3143.26662,15756,199.49649,0.00336,0.872,0.1593,11237.59456,1.0,62,Machinery — predictive maintenance and embedded software,False
533,ALLIGO-B.ST,Alligo AB (publ),Stockholm,Industrials,Industrial Distribution,Sweden,611.07209,134.6,SEK,58.2,56.6,61.3,54.9,79.7,42.1,50.6,19.62099,,12.291,1.085,2.23399,0.80403,0.05097,,0.01415,0.0163,0.3207,0.27043,3.0,strong_buy,0.12823,0.04764,0.38629,0.07315,0.03363,0.593,0.373,3.10405,-208.19756,0.87578,1.617,760.0072,2670,284.64689,0.01148,1.231,0.26981,188.66074,1.0,64,"Distribution — pricing, inventory and sales automation",False
534,VER.ST,Verve Group Media SE,Stockholm,Technology,Software - Application,Sweden,270.2613,14.9,SEK,58.2,47.2,78.7,42.5,84.2,24.6,39.4,,,3.47845,0.50051,0.62179,0.44428,0.0,,-0.14756,,0.0,0.40853,4.0,none,-0.00556,0.03017,0.43507,0.04607,-0.00397,0.256,,4.30644,-376.904,1.20519,0.966,608.30701,1089,558.59229,0.34648,0.92,-0.57233,452.49431,0.92,92,Software economics — AI compounds both the product and dev productivity,False
535,NANOFH.HE,Nanoform Finland Oyj,Helsinki,Healthcare,Biotechnology,Finland,69.56392,0.812,EUR,58.2,52.5,68.8,30.4,90.8,86.3,35.9,,-6.496,-3.315,10.22,1.75,12.83467,-0.23399,-0.15394,-0.15984,,0.0,1.617,2.0,none,-0.33709,-0.19773,0.92288,-2.62559,-2.94594,0.454,,,14.174,0.1601,4.015,5.42,139,38.99281,0.23304,0.772,-0.2147,166.01827,0.83,60,"Biotech — discovery upside, binary science risk dominates",False
536,AMGN,Amgen Inc.,USA,Healthcare,Drug Manufacturers - General,United States,172721.54273,366.29,USD,58.1,58.6,57.1,87.0,42.7,28.5,51.1,25.50766,15.62225,14.362,6.528,21.51104,5.31138,0.0392,0.06401,0.03762,0.0275,0.6722,-0.0264,29.0,buy,1.01318,0.08348,0.71443,0.33801,0.20956,0.058,0.044,2.67673,-39565.50582,6.23754,1.261,32519.11472,31500,1032.35285,0.00216,0.403,0.23801,861757.15246,1.0,62,Pharma — AI aids discovery but cycles are long and regulated,False
537,DLTR,"Dollar Tree, Inc.",USA,Consumer Defensive,Discount Stores,United States,21145.69811,125.94,USD,58.1,55.0,63.9,64.7,48.4,28.7,61.1,20.21509,16.40681,12.8,1.559,6.94496,1.22557,0.04947,0.06095,0.05965,,0.0,0.01,25.0,hold,0.33976,0.06739,0.36991,0.09088,0.06514,0.072,0.095,2.73812,-5754.18837,2.16518,1.161,17253.7402,150000,115.02493,0.00159,0.651,0.12136,422743.51542,1.0,62,Discount retail — supply-chain automation at scale,False
538,SYK,Stryker Corporation,USA,Healthcare,Medical Devices,United States,107137.99475,319.87,USD,58.1,55.1,63.6,73.6,43.5,56.3,40.8,37.02199,19.13282,19.499,5.338,5.33641,4.85262,0.02701,0.05227,0.03555,0.011,0.3981,0.20837,25.0,buy,0.152,0.07716,0.64697,0.17824,0.13205,0.026,0.142,1.77349,-10719.42556,0.66295,2.112,22078.39931,56000,394.25713,0.05366,0.778,-0.17415,765901.56114,1.0,66,Devices — embedded intelligence differentiates hardware,False
539,CLA-B.ST,Cloetta AB (publ),Stockholm,Consumer Defensive,Confectioners,Sweden,1478.84218,56.75,SEK,58.1,60.7,53.3,62.2,58.0,65.4,58.3,19.04362,31.35359,13.228,2.035,2.85119,1.89564,0.05251,0.03189,0.04443,0.0247,0.4698,0.09251,1.0,strong_buy,0.15135,0.06616,0.35715,0.14854,0.09864,0.004,0.882,0.90483,-108.58541,0.30079,1.658,780.129,2447,318.81038,0.36924,0.659,0.7114,2028.39972,1.0,55,Consumer staples — demand forecasting,False
540,SGG.ST,Sensys Gatso Group AB (publ),Stockholm,Technology,Scientific & Technical Instruments,Sweden,44.93926,43.0,SEK,58.1,54.0,65.7,45.3,47.2,60.6,65.3,29.86111,6.95793,7.337,1.008,0.82511,0.68271,0.03349,0.14372,0.06321,,0.0,0.56977,2.0,none,0.02818,0.0365,0.41951,0.05148,0.0228,0.047,,2.36889,-21.42821,0.62874,3.129,65.82505,268,245.61586,0.29171,0.501,0.00585,33.08175,0.92,68,Instruments — measurement + software attach,False
541,CALVIK.ST,Calviks AB (publ),Stockholm,Industrials,Staffing & Employment Services,Sweden,35.36589,71.6,SEK,58.1,48.1,76.6,41.8,52.4,24.2,64.4,90.6329,,9.182,0.329,4.33493,0.23368,0.01103,,0.31558,,0.0,-0.0014,1.0,none,0.06454,0.0613,0.07839,0.03464,0.00261,2.796,-0.601,2.63015,-14.27481,3.02067,0.97,151.34431,856,176.8041,0.8039,0.455,1.2375,38.36089,1.0,85,Staffing — matching and admin are directly AI-automatable,False
542,IQV,IQVIA Holdings Inc.,USA,Healthcare,Diagnostics & Research,United States,30076.9408,206.26,USD,58.0,50.8,71.4,61.6,53.0,14.5,55.0,25.65423,14.5567,16.177,2.919,5.53362,2.06979,0.03898,0.0687,0.06614,,0.0,0.12479,19.0,strong_buy,0.22491,0.05127,0.32991,0.13611,0.08327,0.084,0.15,4.66311,-12226.55849,2.53536,0.747,14531.37927,93000,156.25139,0.01079,1.2,0.29756,294309.46872,1.0,74,Diagnostics — imaging and lab interpretation are AI-tractable,False
543,VICI,VICI Properties Inc.,USA,Real Estate,REIT - Diversified,United States,25849.3121,26.87,USD,58.0,68.6,38.2,81.0,59.2,54.0,67.8,9.20205,9.15503,11.62,11.476,1.019,7.32249,0.10867,0.10923,0.04344,0.067,0.6104,0.24209,24.0,buy,0.11331,0.05381,0.99141,1.07491,0.7683,0.035,0.601,4.31392,-15040.55465,0.61853,11.12,3530.12632,28,126075.94013,0.00284,0.683,-0.17954,217025.05309,1.0,38,REIT — financial asset; minimal AI operating leverage,False
544,ANOD-B.ST,Addnode Group AB (publ),Stockholm,Technology,Information Technology Services,Sweden,456.44696,37.15,SEK,58.0,45.0,82.0,46.4,16.7,27.8,70.7,15.47917,10.9587,10.297,1.278,1.70593,0.85995,0.0646,0.09125,0.06853,0.031,0.4792,1.00808,5.0,strong_buy,0.12331,0.03812,0.26947,0.04003,0.05533,-0.005,-0.811,3.37001,-222.06532,1.10795,0.968,530.78142,2988,177.63769,0.09236,0.728,-0.67974,2328.66204,1.0,90,IT services — delivery is labor-hours that AI directly automates,False
545,PUUILO.HE,Puuilo Oyj,Helsinki,Consumer Cyclical,Department Stores,Finland,1433.16646,17.04,EUR,58.0,59.8,54.8,75.7,60.6,48.4,46.5,25.81818,18.72527,19.596,3.544,14.52685,3.24026,0.03873,0.0534,0.04062,0.0387,0.697,0.0133,3.0,none,0.55805,0.15732,0.38209,0.17303,0.12661,0.156,0.138,1.63,-130.4,1.65217,2.5,442.3,950,465.57895,0.07625,0.589,0.2841,1817.75904,1.0,60,Retail — margin rescue via inventory/labor automation,False
546,PRIC-B.ST,Pricer AB (publ),Stockholm,Industrials,Business Equipment & Supplies,Sweden,61.83505,4.175,SEK,58.0,63.1,48.6,42.1,58.2,74.1,85.4,9.94048,4.48925,4.938,0.321,0.62829,0.31805,0.1006,0.22275,0.13522,,0.0,0.29341,2.0,strong_buy,0.06424,0.03226,0.24629,0.05962,0.03231,0.084,,0.04803,-0.60728,0.30779,2.297,194.42044,181,1074.14608,0.21416,0.757,-0.05114,145.71795,0.92,58,Industrials sector default,False
547,DASH,"DoorDash, Inc.",USA,Consumer Cyclical,Internet Retail,United States,70099.78612,184.14,USD,57.9,49.3,74.0,52.8,57.0,71.0,29.4,86.8585,23.71111,57.777,5.299,7.87192,5.45026,0.01151,0.04217,0.02861,,0.0,0.3316,42.0,buy,0.09922,0.03309,0.51763,0.05253,0.0629,0.331,-0.061,-1.6637,1962.33037,0.32194,1.426,12861.73846,31400,409.60951,0.0065,1.779,-0.23444,775792.41435,1.0,82,"E-commerce — recommendation, logistics and support automation",False
548,STT,State Street Corporation,USA,Financial Services,Asset Management,United States,43801.39321,182.5,USD,57.9,51.3,70.3,45.3,21.2,,78.5,16.10768,12.1021,,,2.09751,3.3371,0.06208,0.08263,,0.0202,0.2966,0.07886,14.0,buy,0.12437,0.00869,0.0,0.27818,0.23005,-0.028,-0.241,,,,,13125.59509,51503,254.85108,0.00366,1.433,0.68841,372073.50182,0.58,80,Asset management — research and back-office automation,False
549,TXT,Textron Inc.,USA,Industrials,Aerospace & Defense,United States,13898.26419,91.48,USD,57.9,55.3,62.7,48.6,55.2,58.3,61.7,17.45802,12.55786,11.053,1.226,1.98757,1.04736,0.05728,0.07963,0.03912,0.0009,0.0153,0.11379,16.0,buy,0.12254,0.04557,0.17836,0.08011,0.0615,0.118,0.106,1.60689,-2364.23238,0.52674,1.845,13269.75576,34000,390.28693,0.00724,0.905,0.07941,116236.73548,1.0,72,Defence — autonomy and sensor fusion are budget priorities,False
550,ZBRA,Zebra Technologies Corporation,USA,Technology,Communication Equipment,United States,11128.46434,267.4,USD,57.9,53.0,66.9,64.2,53.4,34.3,48.9,32.25573,12.90721,15.08,2.771,3.72844,2.28142,0.031,0.07748,0.04389,,0.0,0.24599,17.0,buy,0.11781,0.06361,0.48182,0.14983,0.07487,0.143,0.038,2.66569,-2389.56951,0.82104,0.961,4877.8673,10700,455.87545,0.00847,1.605,-0.1857,225241.09811,1.0,74,"Network equipment — AI traffic drives demand, ops automate",False
551,EPIS-B.ST,Episurf Medical AB (publ),Stockholm,Healthcare,Medical Devices,Sweden,36.24734,0.0577,SEK,57.9,52.0,68.9,23.1,98.1,51.7,55.3,,-0.577,-1.87,5.911,0.29289,15.3222,-1.21317,-1.7331,0.08321,,0.0,,,none,-0.27864,-0.13045,0.50575,-2.96429,0.0,2.36,,,0.71605,0.00776,0.34,2.36568,21,112.65121,0.5637,0.902,0.08255,269.91506,0.83,66,Devices — embedded intelligence differentiates hardware,False
552,APETIT.HE,Apetit Oyj,Helsinki,Consumer Defensive,Packaged Foods,Finland,76.85542,12.3,EUR,57.9,62.1,50.0,41.3,55.3,72.0,85.8,8.54167,11.94175,8.448,0.549,0.68535,0.45856,0.11707,0.08374,1.33009,0.0569,0.5208,0.01626,1.0,none,0.08212,0.02332,0.30012,0.0461,0.0537,0.014,0.546,1.43119,-15.6,0.17294,2.569,167.6,354,473.44633,0.30894,0.138,-0.13074,18.5607,1.0,55,Consumer staples — demand forecasting and trade-spend optimisation,False
553,POLAR.ST,PolarCool AB,Stockholm,Healthcare,Medical Devices,Sweden,2.21183,2.1,SEK,57.9,50.3,71.9,23.7,94.0,68.8,42.9,,,-1.299,7.361,2.625,8.93765,-0.70476,,,,0.0,,,none,-1.38202,-0.69585,0.76525,-4.52611,0.0,0.646,,,0.3901,,1.92,0.24747,3,82.49107,0.27656,0.629,-0.60377,1.99078,0.67,66,Devices — embedded intelligence differentiates hardware,False
554,BDX,"Becton, Dickinson and Company",USA,Healthcare,Medical Instruments & Supplies,United States,38077.79234,158.17,USD,57.8,55.0,63.1,56.9,48.5,35.8,66.7,27.60384,11.78961,9.752,2.701,1.80592,1.96078,0.03623,0.08482,0.10397,0.0266,0.7295,0.13399,11.0,buy,0.06672,0.04383,0.47091,0.14743,0.05124,0.052,,2.67387,-14383.72402,0.71599,0.942,19419.72985,60000,323.66216,0.00421,0.271,0.14751,393871.57263,0.92,66,Instruments — software layer increasingly the differentiator,False
555,DHR,Danaher Corporation,USA,Healthcare,Diagnostics & Research,United States,126044.23658,203.83,USD,57.8,51.5,69.4,63.2,42.8,61.1,38.8,39.50194,22.06366,19.944,6.387,2.72434,5.8223,0.02532,0.04532,0.03167,0.0078,0.2636,0.18982,23.0,strong_buy,0.0708,0.0419,0.58992,0.22937,0.14888,0.037,0.098,1.76219,-12216.94706,0.3717,1.868,21648.53956,58000,373.25068,0.10736,0.823,0.0838,832010.89029,1.0,74,Diagnostics — imaging and lab interpretation are AI-tractable,False
556,SAAB-B.ST,Saab AB (publ),Stockholm,Industrials,Aerospace & Defense,Sweden,27682.4119,567.0,SEK,57.8,53.6,65.7,54.1,76.7,63.7,32.6,43.11787,56.98492,28.396,3.486,6.82886,3.46334,0.02319,0.01755,0.02459,0.0042,0.1674,0.01705,12.0,hold,0.15858,0.04631,0.22017,0.10946,0.08047,0.286,0.399,0.14816,-145.38478,0.28581,1.227,7992.99203,29380,272.05555,0.01812,0.012,0.07366,78368.05428,1.0,72,Defence — autonomy and sensor fusion are budget priorities,False
557,BOL.ST,Boliden AB (publ),Stockholm,Basic Materials,Other Industrial Metals & Mining,Sweden,12981.94957,504.4,SEK,57.8,69.0,37.0,59.0,82.3,68.7,72.0,12.98661,16.55399,6.4,1.561,1.76386,1.42927,0.077,0.06041,0.03988,0.0218,0.0,0.12135,18.0,hold,0.14731,0.06912,0.1765,0.18852,0.11009,0.317,0.683,0.53867,-1193.26122,0.28514,1.757,9082.92446,7500,1211.0566,0.01803,1.127,0.60076,50651.40041,1.0,44,Mining/metals — process optimisation at the margin,False
558,SNX.ST,Premium Snacks Nordic AB (publ),Stockholm,Consumer Defensive,Packaged Foods,Sweden,40.00562,32.45,SEK,57.8,62.3,49.4,66.1,73.0,54.3,54.7,16.55612,,,,4.79959,0.75371,0.0604,,0.00285,0.0139,0.102,,,none,0.32309,0.11268,0.39776,0.04819,0.04522,0.179,0.418,,,0.36344,1.223,53.07814,75,707.70856,0.6216,1.202,0.0745,135.97023,0.83,55,Consumer staples — demand forecasting and trade-spend optimisation,False
559,MEAB-B.ST,Malmbergs Elektriska AB (publ),Stockholm,Technology,Electronics & Computer Distribution,Sweden,24.00118,33.1,SEK,57.8,49.0,74.2,30.8,20.9,82.2,72.4,,3.88498,-38.383,0.607,0.85193,0.58551,-0.04381,0.2574,0.26339,0.0302,0.0,,,none,-0.03671,-0.01672,0.44437,-0.02098,-0.02564,-0.06,,,-0.88735,0.27285,3.744,40.99199,143,286.65726,0.55524,0.532,-0.22118,8.0794,0.83,80,Technology sector default,False
560,ZENI.ST,Zenicor Medical Systems AB,Stockholm,Healthcare,Medical Devices,Sweden,2.16224,0.91,SEK,57.8,50.8,70.8,53.0,62.1,64.4,34.0,13.0,,23.784,2.71,0.41897,0.72616,0.07692,,-0.78676,,0.0,,,none,0.01959,0.0227,0.83772,0.0638,0.02523,0.096,,2.91413,-0.98869,0.20846,2.79,2.97763,19,156.7172,0.2949,0.877,-0.66045,1.8263,0.92,66,Devices — embedded intelligence differentiates hardware,False
561,L,Loews Corporation,USA,Financial Services,Insurance - Property & Casualty,United States,20575.85132,114.45,USD,57.7,52.5,67.4,47.3,31.3,45.1,76.3,14.56107,39.46552,8.443,1.451,1.2591,1.27195,0.06868,0.02534,0.08849,0.0022,0.0318,,,none,0.09217,0.019,0.36041,0.11833,0.08825,0.014,-0.063,0.76273,-2120.46979,0.45603,0.503,16176.55535,13100,1234.85155,0.18906,0.518,0.25329,87426.70038,1.0,82,"Insurance — claims, underwriting and pricing are data workflows",False
562,ATCO-A.ST,Atlas Copco AB (publ),Stockholm,Industrials,Specialty Industrial Machinery,Sweden,86448.69482,195.5,SEK,57.7,56.1,60.6,73.8,50.4,61.3,36.8,35.87156,30.49922,23.092,5.739,7.8294,5.61315,0.02788,0.03279,0.02723,0.0153,0.5495,0.09219,21.0,buy,0.25698,0.10741,0.42188,0.20565,0.15665,0.091,0.08,0.50082,-1916.92232,0.33668,1.272,15401.09102,56473,272.71601,0.00029,1.072,0.27987,76302.81701,1.0,62,Machinery — predictive maintenance and embedded software,False
563,KNOW.ST,Knowit AB (publ),Stockholm,Technology,Information Technology Services,Sweden,221.20364,89.6,SEK,57.7,44.8,81.8,21.0,59.7,54.6,57.6,,8.64865,9.428,0.547,0.65683,0.43602,-0.11975,0.11563,0.21878,0.0279,1.0504,0.24628,3.0,buy,-0.07466,-0.02627,0.14171,-0.01242,-0.05182,-0.038,5.554,1.62644,-47.85734,0.1899,1.03,507.32234,3549,142.94797,0.08189,,-0.26797,689.17703,1.0,90,IT services — delivery is labor-hours that AI directly automates,False
564,BORG.ST,Björn Borg AB (publ),Stockholm,Consumer Cyclical,Apparel Manufacturing,Sweden,152.12956,66.6,SEK,57.7,59.0,55.2,72.5,44.2,59.1,52.9,18.0,15.81948,17.117,1.706,4.13588,1.57678,0.05556,0.06321,0.03718,0.045,0.8108,0.05856,2.0,buy,0.23872,0.0823,0.52868,0.13502,0.08738,0.073,0.027,1.38643,-13.33171,0.40912,1.57,96.48094,147,656.33295,0.42652,1.071,0.16434,104.3116,1.0,60,Apparel — demand forecasting and design assistance,False
565,SINT.ST,SinterCast AB (publ),Stockholm,Industrials,Specialty Industrial Machinery,Sweden,67.02225,105.0,SEK,57.7,55.8,61.1,83.8,15.6,87.0,34.2,33.43949,16.25387,26.812,6.937,9.07284,6.98246,0.0299,0.06152,0.02084,0.0381,1.9108,-0.02381,1.0,none,0.23239,0.14166,0.70444,0.252,0.20869,-0.077,-0.329,-0.17518,0.43507,0.06994,4.276,9.59866,24,399.94416,0.36253,0.533,-0.11017,52.04894,1.0,62,Machinery — predictive maintenance and embedded software,False
566,MEDS.ST,Meds Apotek AB,Stockholm,Consumer Cyclical,Internet Retail,Sweden,34.50892,20.5,SEK,57.7,53.7,65.1,36.0,43.9,76.4,69.5,52.56411,,-477.072,0.303,2.84881,0.36806,0.01902,,,,0.0,1.31707,2.0,none,0.07876,,0.2257,0.01924,0.00732,0.116,-0.129,,6.05613,0.03538,1.607,93.75996,49,1913.4686,0.40712,,-0.64655,84.32232,0.75,82,"E-commerce — recommendation, logistics and support automation",False
567,BF-B,Brown-Forman Corporation,USA,Consumer Defensive,Beverages - Wineries & Distilleries,United States,10255.27025,25.58,USD,57.6,60.5,52.1,76.7,22.2,62.5,66.0,16.71895,14.92442,11.849,3.575,2.91876,2.98822,0.05981,0.067,0.06301,0.0359,0.598,0.08633,17.0,hold,0.17846,0.08636,0.6054,0.23246,0.18203,0.02,-0.627,1.94346,-2012.13121,0.6495,3.239,3431.8937,4900,700.38647,0.02801,0.344,-0.09771,75745.66446,1.0,55,Consumer staples — demand forecasting and trade-spend optimisation,False
568,EMR,Emerson Electric Co.,USA,Industrials,Specialty Industrial Machinery,United States,68285.20449,139.54,USD,57.6,54.6,63.2,69.7,50.4,37.9,48.1,32.22633,19.43497,15.394,4.938,3.84949,4.26711,0.03103,0.05145,0.04187,0.0159,0.5012,0.17358,27.0,buy,0.12328,0.06678,0.5267,0.24244,0.13354,0.029,0.279,2.08783,-10716.8044,0.69182,0.868,16002.68899,71000,225.38999,0.00223,1.244,-0.02358,339351.03031,1.0,62,Machinery — predictive maintenance and embedded software,False
569,HPE,Hewlett Packard Enterprise Company,USA,Technology,Communication Equipment,United States,53011.75469,45.82,USD,57.6,54.0,64.3,43.1,89.9,35.6,52.0,42.82243,11.45898,13.63,1.978,2.39732,1.56403,0.02335,0.08727,0.06322,0.0124,0.5093,0.3996,19.0,buy,0.06315,0.01966,0.33776,0.087,0.04011,0.4,,2.84354,-13989.68503,0.8403,1.088,33894.31733,67000,505.88533,0.00374,1.438,1.21781,1044104.50651,0.92,74,"Network equipment — AI traffic drives demand, ops automate",False
570,LOOMIS.ST,Loomis AB (publ),Stockholm,Industrials,Security & Protection Services,Sweden,3035.91247,500.5,SEK,57.6,50.7,70.5,57.1,47.4,36.6,52.6,19.60439,14.82524,7.961,1.439,2.58247,1.10715,0.05101,0.06745,-0.04032,0.03,0.5484,0.03646,4.0,buy,0.13317,0.06167,0.29204,0.12175,0.05718,-0.023,0.417,1.8341,-908.83636,1.3788,1.166,2742.0988,23500,116.68506,0.00217,0.507,0.24564,4489.75138,1.0,72,"Security services — monitoring scales with AI, guarding less so",False
571,ENGCON-B.ST,engcon AB (publ),Stockholm,Industrials,Farm & Heavy Construction Machinery,Sweden,939.36231,68.1,SEK,57.6,58.5,55.8,75.2,61.9,68.5,31.6,41.52439,,26.924,5.029,15.16028,5.06787,0.02408,,0.01894,0.0147,0.6098,0.13069,3.0,buy,0.38824,0.16838,0.39609,0.17003,0.12176,0.121,0.222,0.34555,-11.96434,0.29838,1.685,185.35655,450,411.90345,0.57988,,-0.14015,982.76841,1.0,60,Heavy equipment — autonomy retrofit is slow but real,False
572,SIVI.ST,Siljansvik AB (publ),Stockholm,Utilities,Utilities - Regulated Electric,Sweden,143.83203,115.4,SEK,57.6,64.0,45.8,40.2,85.7,92.9,62.7,21.48976,,-22.905,11.995,0.76618,25.77089,0.04653,,-0.0127,0.0218,0.4283,0.2565,1.0,none,0.02518,-0.00775,0.48035,0.06246,1.02691,3.996,0.519,,81.87838,0.03212,14.215,5.58118,9,620.13123,0.56831,-0.565,0.14826,38.89973,0.92,48,Utilities — grid optimisation inside a regulated envelope,False
573,BIOVIC-B.ST,Biovica International AB (publ),Stockholm,Healthcare,Biotechnology,Sweden,11.11257,0.42,SEK,57.6,51.5,68.9,27.2,96.1,91.7,30.1,,-0.40385,-0.812,4.189,1.41892,9.09178,-0.71429,-2.47619,-0.31988,,0.0,0.42857,1.0,none,-1.07859,-0.5113,0.99681,-3.68801,0.0,1.084,,,5.9925,0.04978,4.296,1.22227,25,48.89062,0.0,1.111,-0.33754,26.06429,0.83,60,"Biotech — discovery upside, binary science risk dominates",False
574,NXTMH.HE,Nexstim Plc,Helsinki,Healthcare,Medical Devices,Finland,72.92775,10.08,EUR,57.6,52.8,66.6,66.1,83.1,42.8,22.1,126.0,37.33333,85.138,5.975,17.37931,5.87509,0.00794,0.02679,-0.00194,,0.0,0.09127,1.0,none,0.14545,0.02907,0.79784,0.12532,0.04618,0.125,8.217,1.66986,-1.45465,0.98789,1.269,12.41305,40,310.32637,0.41797,0.46,-0.24776,61.75008,1.0,66,Devices — embedded intelligence differentiates hardware,False
575,GLW,Corning Incorporated,USA,Technology,Electronic Components,United States,116257.33262,154.61,USD,57.5,53.0,65.8,61.8,83.5,47.9,24.9,73.97608,36.03828,36.286,8.686,11.87207,8.15288,0.01352,0.02775,0.0046,0.0072,0.5385,0.38456,15.0,buy,0.1674,0.05375,0.36383,0.15661,0.1109,0.2,1.389,2.09086,-7137.25523,0.80363,1.61,14259.65851,67200,212.1973,0.08173,1.086,1.86846,1984738.31619,1.0,68,Components — factory automation and quality inspection,False
576,GD,General Dynamics Corporation,USA,Industrials,Aerospace & Defense,United States,87086.18317,368.58,USD,57.5,55.2,61.9,55.2,53.9,59.5,54.0,23.19572,20.23485,16.295,1.964,3.81628,1.85242,0.04311,0.04942,0.05307,0.0173,0.3833,0.07369,21.0,buy,0.17974,0.06005,0.15241,0.10541,0.08068,0.103,0.12,0.95237,-5397.7182,0.37701,1.384,47012.05186,110000,427.38229,0.00526,0.338,0.2408,424945.71946,1.0,72,Defence — autonomy and sensor fusion are budget priorities,False
577,KVUE,Kenvue Inc.,USA,Consumer Defensive,Household & Personal Products,United States,31839.16999,18.98,USD,57.5,60.3,52.3,73.1,58.7,36.6,58.3,22.59524,15.3104,12.729,2.888,3.43529,2.38306,0.04426,0.06532,0.05099,0.0437,0.9851,0.04057,12.0,hold,0.15701,0.07072,0.58599,0.21617,0.10607,0.045,0.469,2.2268,-6751.07993,0.82975,0.983,13360.62101,21780,613.43531,0.00051,0.437,-0.14234,337714.68388,1.0,55,Staples — marketing and supply-chain optimisation,False
578,EMIL-B.ST,Fastighetsbolaget Emilshus AB (publ),Stockholm,Real Estate,Real Estate Services,Sweden,607.59434,53.1,SEK,57.4,67.2,39.3,75.2,78.3,12.4,78.0,12.40654,20.74219,,15.688,1.57282,6.53359,0.0806,0.04821,0.05227,,0.0,0.14878,4.0,strong_buy,0.11563,0.03752,0.78558,0.75547,0.59064,0.286,0.46,,-649.15581,1.33433,0.301,92.99551,32,2906.10983,0.43722,1.182,0.03914,468.28805,0.83,40,Real estate — asset returns dominate; admin automation marginal,False
579,BERNER-B.ST,Berner Industrier AB,Stockholm,Industrials,Specialty Industrial Machinery,Sweden,137.41013,79.5,SEK,57.4,57.2,57.8,66.0,63.3,49.0,47.0,20.28061,,15.906,1.573,4.5787,1.42491,0.04931,,0.01929,0.0157,0.3189,,,none,0.25607,0.08126,0.41084,0.08476,0.07066,0.167,0.173,1.52159,-14.51129,0.65649,1.286,96.43417,241,400.14179,0.53042,,0.15889,505.19813,1.0,62,Machinery — predictive maintenance and embedded software,False
580,DOV,Dover Corporation,USA,Industrials,Specialty Industrial Machinery,United States,25199.06322,214.18,USD,57.3,56.0,59.6,64.9,49.6,64.2,45.9,26.73907,18.49105,16.341,3.682,3.85077,3.48325,0.0374,0.05408,0.02915,0.0097,0.2594,0.17165,18.0,buy,0.14998,0.07056,0.40041,0.16395,0.13304,0.101,0.053,0.88332,-1440.02975,0.43927,1.865,7234.35431,24000,301.43143,0.01255,1.16,0.14547,183262.61056,1.0,62,Machinery — predictive maintenance and embedded software,False
581,GWW,"W.W. Grainger, Inc.",USA,Industrials,Industrial Distribution,United States,57544.308,1395.01,USD,57.3,58.0,56.0,75.8,57.3,65.5,33.8,37.44993,27.63406,22.159,3.72,16.76393,3.58378,0.0267,0.03619,0.01749,0.0066,0.2431,-0.08132,14.0,hold,0.46129,0.19511,0.3915,0.16723,0.09696,0.101,0.182,0.67618,-1822.5382,0.64034,2.686,16056.8594,22100,726.55472,0.06266,1.035,0.36467,366984.34637,1.0,64,"Distribution — pricing, inventory and sales automation",False
582,AQ.ST,AQ Group AB (publ),Stockholm,Industrials,Electrical Equipment & Parts,Sweden,1701.15892,204.6,SEK,57.3,53.5,64.5,64.4,21.5,80.0,48.7,26.67536,12.44525,,,4.02154,2.00283,0.03749,0.08035,0.01855,0.0088,0.2347,0.06305,2.0,hold,0.14761,0.0795,0.51265,0.06935,0.07502,-0.131,-0.003,,,,2.59,849.37714,7944,106.92059,0.39154,0.715,0.06286,2036.74801,0.75,60,"Electrical — electrification tailwind, moderate AI angle",False
583,GENO.ST,Genovis AB (publ.),Stockholm,Healthcare,Biotechnology,Sweden,119.75718,20.0,SEK,57.3,54.6,62.2,68.4,49.2,87.0,25.9,54.05405,42.55319,39.955,9.332,4.76417,10.07892,0.0185,0.0235,0.00655,,0.0,0.65,3.0,none,0.0953,0.04224,0.89105,0.15782,0.18536,0.035,0.221,-3.19828,8.87581,0.26323,7.647,11.88194,36,330.05401,0.17843,1.747,-0.24386,97.78125,1.0,60,"Biotech — discovery upside, binary science risk dominates",False
584,LYGRD.ST,Lyckegård Group AB (publ),Stockholm,Industrials,Farm & Heavy Construction Machinery,Sweden,17.89044,2.9,SEK,57.3,57.4,57.0,49.4,86.2,59.0,46.7,41.42857,,10.815,0.961,5.48204,0.90526,0.02414,,0.02286,,0.0,,,none,0.20704,0.02763,0.42394,-0.00955,0.03051,0.296,,0.62659,-1.10027,0.405,1.257,19.76278,54,365.97733,0.72467,0.443,0.47959,5.59088,0.92,60,Heavy equipment — autonomy retrofit is slow but real,False
585,CONSTI.HE,Consti Oyj,Helsinki,Industrials,Engineering & Construction,Finland,88.05718,11.0,EUR,57.3,55.8,60.1,50.0,32.9,58.1,76.7,13.25301,9.09091,8.348,0.265,1.9278,0.26183,0.07545,0.11,0.08107,0.0661,0.3933,0.13636,2.0,buy,0.1624,0.05186,0.28716,0.00234,0.02127,0.001,,0.1611,-1.717,0.30488,0.971,336.30899,976,344.57889,0.5599,0.706,0.0,64.9,0.92,66,"Engineering — design, tendering and site planning automate",False
586,GBK.ST,Goodbye Kansas Group AB (publ),Stockholm,Communication Services,Entertainment,Sweden,5.02888,1.48,SEK,57.3,47.7,75.2,41.7,83.8,11.2,48.8,,-2.11429,-2.225,0.277,-1.98658,0.29622,-0.48649,-0.47297,0.03659,,0.0,0.82432,1.0,none,,-0.38371,0.75731,0.02972,-0.14636,0.253,,,0.32005,,0.581,16.97712,120,141.47599,0.9922,1.357,-0.30189,9.1824,0.67,72,Entertainment — content pipeline productivity,False
587,ISAB.ST,Inhalation Sciences Sweden AB,Stockholm,Healthcare,Medical Devices,Sweden,1.05339,0.227,SEK,57.3,50.3,70.3,23.4,98.8,92.1,28.3,,,-0.75,1.045,1.2337,1.82189,-1.01322,,-0.68452,,0.0,,,none,-1.35749,-0.59039,0.64932,-0.33759,-1.45963,4.126,,,0.30727,,3.392,0.57819,5,115.63711,0.1844,-0.206,-0.50437,10.97785,0.75,66,Devices — embedded intelligence differentiates hardware,False
588,BURE.ST,Bure Equity AB (publ),Stockholm,Financial Services,Asset Management,Sweden,1858.35876,275.2,SEK,57.2,47.3,75.6,34.2,,96.0,38.2,,,-5.211,-5.331,1.13191,-5.48939,-0.1875,,-0.11798,0.01,1.7361,,,none,-0.1906,-0.11911,0.0,1.01312,0.0,,,,46.95095,0.00017,31.294,-338.53631,12,-28211.35906,0.28947,1.285,-0.05495,3986.72184,0.75,80,Asset management — research and back-office automation,False
589,SF.ST,Stillfront Group AB (publ),Stockholm,Communication Services,Electronic Gaming & Multimedia,Sweden,178.55317,4.116,SEK,57.2,47.5,75.1,45.8,53.8,21.7,58.1,,2.0078,5.353,0.991,0.48814,0.33559,-1.10787,0.49806,0.42085,,0.0,0.81912,4.0,buy,-0.42051,0.02977,0.50136,0.14535,-0.3925,-0.135,4.205,3.50138,-344.97164,1.07953,0.555,532.05037,1133,469.59433,0.30093,0.469,-0.33773,668.49245,1.0,85,Gaming — content pipelines and live-ops are AI-automatable,False
590,RELAIS.HE,Relais Group Oyj,Helsinki,Consumer Cyclical,Auto Parts,Finland,270.98336,14.6,EUR,57.2,56.2,59.2,57.5,62.0,37.3,60.2,18.48101,10.29982,11.325,1.143,2.10557,0.64581,0.05411,0.09709,0.03834,0.0205,0.3797,0.26199,4.0,none,0.10627,0.04609,0.49328,0.08227,0.03903,0.437,0.032,4.69623,-198.843,1.2356,2.028,419.6,1702,246.53349,0.63805,1.03,-0.10703,61.174,1.0,58,"Auto supply — factory automation, EV/AI transition risk",False
591,PIHLIS.HE,Pihlajalinna Oyj,Helsinki,Healthcare,Medical Care Facilities,Finland,241.53354,10.74,EUR,57.2,49.0,72.3,54.2,11.9,14.4,85.0,6.92903,6.94023,8.292,0.864,1.45884,0.39387,0.14432,0.14409,0.20083,0.0493,0.5873,0.1825,4.0,buy,0.20665,0.04111,0.27116,0.08093,0.05705,-0.217,-0.255,4.47527,-285.8,1.77414,0.54,613.22803,4096,149.71388,0.14019,0.144,-0.30033,180.03462,1.0,76,"Care delivery — scheduling, triage and admin absorb most cost",False
592,ENVI-B.ST,Envirologic AB ser. B,Stockholm,Industrials,Specialty Industrial Machinery,Sweden,17.35088,19.4,SEK,57.2,55.2,60.9,69.4,9.0,91.3,51.4,20.0,,15.248,2.626,4.31495,2.83409,0.05,,,0.0155,0.4218,,,none,0.22953,0.12767,0.44877,0.08611,0.1414,-0.151,-0.576,-1.20925,1.27493,,4.532,6.1222,22,278.28203,,0.608,-0.3193,9.32477,0.83,62,Machinery — predictive maintenance and embedded software,False
593,PTRK.ST,Physitrack PLC,Stockholm,Healthcare,Health Information Services,United Kingdom,11.34871,7.7,SEK,57.2,48.0,74.3,42.8,42.7,46.2,58.5,,3.2906,2.49647,0.85663,1.14413,0.83313,-0.59091,0.3039,0.17924,,0.0,1.58769,1.0,none,-0.42992,0.01758,0.64645,0.07651,-0.61638,0.033,,0.75429,-3.52546,0.39923,0.441,13.62172,36,378.38125,0.76644,0.566,-0.46897,23.19187,0.92,80,Health IT — records and diagnostics are data problems,False
594,GEHC,GE HealthCare Technologies Inc.,USA,Healthcare,Medical Devices,United States,25066.47509,63.07,USD,57.1,54.7,61.6,61.5,34.7,39.0,67.9,15.1247,11.76227,10.572,1.775,2.68932,1.36756,0.06612,0.08502,0.05171,0.0022,0.042,0.25786,18.0,buy,0.19462,0.05174,0.39144,0.11089,0.091,0.074,-0.309,2.36116,-7265.68986,0.97055,1.222,18329.35222,54000,339.43245,0.00355,0.839,-0.14954,304170.88975,1.0,66,Devices — embedded intelligence differentiates hardware,False
595,JNJ,Johnson & Johnson,USA,Healthcare,Drug Manufacturers - General,United States,532190.01499,253.04,USD,57.1,56.3,58.5,80.4,41.5,54.0,39.3,29.32097,19.72797,18.429,6.556,7.50082,6.22004,0.03411,0.05069,,0.0212,0.6079,0.06685,22.0,buy,,,0.68097,0.28605,0.21482,0.066,-0.01,0.94535,-28776.18538,0.6773,,85560.57241,138200,619.10689,0.00047,0.235,0.53955,1821788.3619,0.67,62,Pharma — AI aids discovery but cycles are long and regulated,False
596,MAS,Masco Corporation,USA,Industrials,Building Products & Equipment,United States,13862.48549,78.65,USD,57.1,60.2,51.4,75.4,53.1,37.4,58.6,19.46782,16.69086,13.156,2.481,,2.06621,0.05137,0.05991,0.04654,0.0163,0.3094,0.04035,17.0,buy,84.57143,0.15679,0.35682,0.16528,0.109,0.065,0.2,2.01243,-2545.96199,122.2963,1.751,6709.14255,18000,372.73014,0.00225,1.282,0.20758,189826.5332,1.0,54,Building products — configure-to-order automation,False
597,TDY,Teledyne Technologies Incorporated,USA,Technology,Scientific & Technical Instruments,United States,25724.43065,635.52,USD,57.1,53.6,63.5,59.6,55.4,66.2,39.1,32.16195,24.41215,20.411,5.043,2.75053,4.72936,0.03109,0.04096,0.02583,,0.0,0.16646,13.0,buy,0.09049,0.04893,0.42873,0.19031,0.14987,0.076,0.216,1.27082,-1707.99621,0.23133,1.756,5439.30688,15800,344.25993,0.00856,0.924,0.13634,187275.45994,1.0,68,Instruments — measurement + software attach,False
598,TJX,"The TJX Companies, Inc.",USA,Consumer Cyclical,Apparel Retail,United States,149081.74413,154.46,USD,57.1,54.9,61.1,70.6,60.6,40.6,39.8,30.05059,26.81979,20.287,2.91,16.40748,2.77073,0.03328,0.03729,0.02528,0.0124,0.3307,0.15002,19.0,none,0.6125,0.13872,0.31352,0.11771,0.09402,0.092,0.293,0.9734,-7513.81977,1.36307,1.139,53805.94147,377000,142.72133,0.00154,0.623,0.23627,784737.15242,1.0,60,Apparel — demand forecasting and design assistance,False
599,EPI-A.ST,Epiroc AB (publ),Stockholm,Industrials,Farm & Heavy Construction Machinery,Sweden,25771.88207,235.0,SEK,57.1,56.8,57.7,69.5,56.4,67.0,37.3,32.14774,28.07646,20.161,4.748,6.19366,4.55776,0.03111,0.03562,0.01992,0.0162,0.5198,0.20851,20.0,buy,0.2123,0.09637,0.35712,0.19854,0.14168,0.104,0.158,0.80628,-1073.61782,0.42095,2.133,5654.50801,19398,291.49954,0.00018,1.227,0.14634,33155.56708,1.0,60,Heavy equipment — autonomy retrofit is slow but real,False
600,BEIA-B.ST,Beijer Alma AB (publ),Stockholm,Industrials,Specialty Industrial Machinery,Sweden,1616.7815,296.0,SEK,57.1,54.8,61.3,60.7,52.3,56.0,49.0,23.75602,26.88465,16.239,2.631,3.8196,2.28132,0.04209,0.0372,0.03507,0.0137,0.3861,0.11402,4.0,buy,0.13643,0.07094,0.31168,0.14933,0.07878,0.035,0.306,2.23678,-256.87065,0.70422,2.675,708.70557,3733,189.8488,0.18785,1.031,0.16306,1077.40361,1.0,62,Machinery — predictive maintenance and embedded software,False
601,PAX.ST,Paxman AB (publ),Stockholm,Healthcare,Medical Devices,Sweden,98.93447,46.9,SEK,57.1,51.5,67.5,39.0,87.0,94.9,20.7,,11.43903,34.595,2.87,2.67145,3.16466,-0.01002,0.08742,-0.0139,,0.0,0.97228,2.0,strong_buy,-0.03311,-0.00277,0.64883,0.00187,-0.03285,0.307,,-3.54733,9.20112,0.01121,3.741,31.26227,143,218.61724,0.42638,0.463,-0.4363,111.65583,0.92,66,Devices — embedded intelligence differentiates hardware,False
602,TTALO.HE,Terveystalo Oyj,Helsinki,Healthcare,Medical Care Facilities,Finland,928.24531,7.32,EUR,57.1,48.9,72.2,54.4,11.6,22.2,80.6,13.81132,9.00004,8.428,1.18,1.79017,0.74846,0.0724,0.11111,0.19164,0.0874,1.3115,0.25683,2.0,buy,0.13856,0.05586,0.2827,0.08696,0.0616,-0.112,-0.478,3.08065,-534.8,1.16953,0.536,1240.19994,7795,159.10198,0.3251,0.38,-0.31332,1362.45696,1.0,76,"Care delivery — scheduling, triage and admin absorb most cost",False
603,FLUO.ST,FluoGuide A/S,Stockholm,Healthcare,Biotechnology,Denmark,49.79129,33.6,SEK,57.1,50.3,69.6,26.2,91.5,69.2,41.4,,-5.41063,-8.05971,1463.39102,8.63017,1563.92781,-0.12708,-0.18482,-0.07372,,0.0,1.18316,1.0,none,-1.46894,-0.49951,1.0,-245.90741,0.0,0.5,,,4.72396,0.64745,13.704,0.03184,6,5.30622,0.24942,,-0.19036,23.56582,0.83,60,"Biotech — discovery upside, binary science risk dominates",False
604,RAIVV.HE,Raisio plc,Helsinki,Consumer Defensive,Packaged Foods,Finland,413.76698,2.615,EUR,57.1,61.6,48.7,55.1,47.2,91.5,63.8,16.34375,15.68969,9.057,1.485,1.57246,1.848,0.06119,0.06374,0.03229,0.0574,0.6875,0.15997,3.0,none,0.09355,0.05662,0.30683,0.14261,0.10987,-0.005,0.333,-2.21526,81.3,0.06689,4.531,223.9,350,639.71429,0.07319,0.499,0.046,219.86397,1.0,55,Consumer staples — demand forecasting and trade-spend optimisation,False
605,FREEM.ST,Freemelt Holding AB (publ),Stockholm,Industrials,Specialty Industrial Machinery,Sweden,28.43449,1.662,SEK,57.1,52.6,65.4,23.3,91.8,92.1,41.0,,-2.68065,-8.947,3.835,1.91917,4.20243,-0.27677,-0.37304,-0.05362,,0.0,-0.0373,1.0,none,-0.44693,-0.25419,0.59299,-2.62768,-1.25441,0.516,,,2.48623,,3.063,6.76619,40,169.15485,0.21619,0.113,-0.37519,104.02453,0.75,62,Machinery — predictive maintenance and embedded software,False
606,ITW,Illinois Tool Works Inc.,USA,Industrials,Specialty Industrial Machinery,United States,69388.88942,276.05,USD,57.0,55.7,59.5,81.7,45.3,32.8,43.9,25.63138,22.65665,18.558,5.409,24.59681,4.8961,0.03901,0.04414,0.0279,0.0233,0.5877,0.01448,14.0,hold,0.96848,0.17045,0.44122,0.25672,0.19321,0.046,0.118,1.75994,-7270.05813,2.8322,1.188,14172.28783,43000,329.58809,0.00368,1.011,0.08408,336792.51267,1.0,62,Machinery — predictive maintenance and embedded software,False
607,RUSTA.ST,Rusta AB (publ),Stockholm,Consumer Cyclical,Department Stores,Sweden,1133.33033,81.75,SEK,57.0,54.9,60.8,59.4,47.9,29.1,67.1,22.70833,17.2833,9.061,1.411,5.77005,0.9926,0.04404,0.05786,0.07046,0.0177,0.4028,0.09276,3.0,none,0.28082,0.06281,0.43471,0.0,0.04358,0.049,,2.68756,-477.93893,2.50715,1.207,1141.77828,5337,213.93635,0.68232,0.902,0.06723,1787.36033,0.92,60,Retail — margin rescue via inventory/labor automation,False
608,ONEF.ST,Oneflow AB (publ),Stockholm,Technology,Software - Application,Sweden,43.7481,17.0,SEK,57.0,42.2,84.6,20.0,70.4,48.1,46.2,,,-12.618,2.028,5.38145,2.20231,-0.07824,,-0.02368,,0.0,,,none,-0.34637,-0.09559,0.31224,-0.09749,-0.17206,0.13,,,3.45325,0.14226,0.654,19.8646,123,161.50084,0.7264,0.538,-0.30894,8.90156,0.83,92,Software economics — AI compounds both the product and dev productivity,False
609,ROK,"Rockwell Automation, Inc.",USA,Industrials,Specialty Industrial Machinery,United States,44901.08434,461.85,USD,56.9,54.7,60.9,75.7,67.5,37.0,30.4,47.86011,31.57221,27.972,6.256,14.5915,5.83733,0.02089,0.03167,0.01896,0.012,0.5587,0.02329,25.0,buy,0.27183,0.09337,0.48921,0.20724,0.12358,0.119,0.396,1.84408,-3172.4049,1.13367,1.091,7692.0548,26000,295.84826,0.0017,1.54,0.3169,321460.88128,1.0,62,Machinery — predictive maintenance and embedded software,False
610,ALIV-SDB.ST,"Autoliv, Inc.",Stockholm,Consumer Cyclical,Auto Parts,Sweden,7722.86993,1164.0,SEK,56.9,56.6,57.5,60.5,27.1,42.0,78.9,14.08519,139.7359,5.82477,0.81489,3.4321,0.79784,0.071,0.00716,0.08332,0.0277,0.408,0.09374,7.0,buy,0.25858,0.08219,0.19217,0.09633,0.05804,0.033,-0.375,1.16903,-1583.14439,0.87525,1.029,9679.72264,56515,171.27705,0.0,1.359,0.06789,6226.72188,1.0,58,"Auto supply — factory automation, EV/AI transition risk",False
611,GAD.ST,Aktiebolaget Gotland Art &,Stockholm,Consumer Cyclical,"Furnishings, Fixtures & Appliances",Sweden,1.71308,2.7,SEK,56.9,53.5,63.3,58.8,,80.7,33.8,27.0,,13.51,1.151,1.83299,1.15837,0.03704,,-0.44325,,0.0,,,none,0.11949,0.0587,0.80026,-0.22321,0.04315,,,-0.08705,0.01097,,2.798,1.47886,12,123.2387,,,-0.4375,0.76183,0.75,55,Furnishings — design tools and logistics,False
612,HII,"Huntington Ingalls Industries, Inc.",USA,Industrials,Aerospace & Defense,United States,9265.4194,269.13,USD,56.8,52.3,65.1,45.4,50.8,45.0,65.1,17.48733,13.34088,11.746,1.037,2.05902,0.82534,0.05718,0.07496,0.0598,0.0205,0.3548,0.35251,11.0,buy,0.12198,0.041,0.12445,0.06551,0.04709,0.134,0.0,2.39418,-2372.09562,0.56946,1.191,11226.17202,44000,255.14027,0.00509,0.248,0.06405,124604.09402,1.0,72,Defence — autonomy and sensor fusion are budget priorities,False
613,IVZ,Invesco Ltd.,USA,Financial Services,Asset Management,United States,11475.94387,29.63,USD,56.8,51.5,66.5,44.3,68.4,56.1,46.3,,9.26745,13.417,2.702,1.34792,1.99243,-0.04961,0.1079,0.06562,0.029,0.5646,0.0603,12.0,buy,-0.01535,0.02683,0.28915,0.191,-0.03692,0.141,0.35,0.87361,-1013.31735,0.14829,0.822,5759.77994,7421,776.14606,0.00603,1.597,0.46683,137669.11943,1.0,80,Asset management — research and back-office automation,False
614,MSI,"Motorola Solutions, Inc.",USA,Technology,Communication Equipment,United States,59942.49284,413.31,USD,56.8,51.1,67.3,80.4,38.0,26.3,38.0,33.33145,22.29616,22.132,6.516,27.00137,5.78089,0.03,0.04485,0.02646,0.0117,0.371,0.22668,11.0,buy,0.99289,0.11216,0.51508,0.19823,0.1761,0.074,-0.138,2.49084,-7603.81149,3.74132,1.071,10369.07212,23000,450.82922,0.00389,0.885,-0.01806,407885.92851,1.0,74,"Network equipment — AI traffic drives demand, ops automate",False
615,VO2.ST,Vo2 Cap Holding AB (publ),Stockholm,Financial Services,Asset Management,Sweden,11.17467,2.02,SEK,56.8,50.9,67.7,30.2,35.0,55.1,83.5,10.63158,,7.566,0.458,0.64229,0.39164,0.09406,,0.17009,,0.0,,,none,0.05737,0.01847,0.15811,-0.01978,-0.02928,0.007,,0.73256,-1.26595,0.1547,0.712,28.53267,64,445.82303,0.61222,1.188,-0.17551,2.30383,0.92,80,Asset management — research and back-office automation,False
616,ARVOSK.HE,Pohjanmaan Arvo Sijoitusosuuskunta,Helsinki,Financial Services,Asset Management,Finland,61.90787,76.01,EUR,56.8,50.7,68.2,16.6,,,90.5,11.12884,12.7963,,,,,0.08986,0.07815,,0.0759,0.6589,0.09196,1.0,none,,,0.0,0.0,0.0,,,,,,,,,,,,0.25657,18.39442,0.25,80,Asset management — research and back-office automation,False
617,BEER.HE,Nokian Panimo Oyj,Helsinki,Consumer Defensive,Beverages - Brewers,Finland,26.21217,2.6,EUR,56.8,57.2,56.2,56.1,75.7,85.3,32.0,,17.33333,11.259,1.721,1.60395,2.01239,-0.00385,0.05769,-0.0829,0.0115,0.0,0.0,1.0,none,-0.00603,0.04965,0.5771,0.13297,-0.00526,0.132,0.833,-1.90388,3.79133,0.29262,3.081,13.02537,41,317.69195,0.0,,0.03175,11.2762,1.0,55,Consumer staples — demand forecasting and trade-spend optimisation,False
618,HAS,"Hasbro, Inc.",USA,Consumer Cyclical,Leisure,United States,10081.24553,81.55,USD,56.7,58.3,53.7,65.7,76.9,37.4,47.7,,12.78937,11.087,2.925,17.80957,2.39668,-0.01974,0.07819,0.04749,0.0343,0.9241,0.32784,14.0,strong_buy,-0.23316,0.11936,0.63655,0.27584,-0.04624,0.127,0.986,1.98229,-2199.88943,5.74488,1.654,4206.3414,4520,930.6065,0.00644,0.482,0.04995,142512.51543,1.0,58,Leisure — dynamic pricing and personalisation,False
619,ORLY,"O'Reilly Automotive, Inc.",USA,Consumer Cyclical,Auto Parts,United States,62304.36486,86.05,USD,56.7,54.1,61.5,74.9,56.3,32.5,39.1,28.02932,23.77722,19.532,4.383,,3.91698,0.03568,0.04206,0.01866,,0.0,0.27591,24.0,buy,,0.13809,0.51632,0.18454,0.14303,0.102,0.161,2.07548,-7407.747,,0.755,15906.24012,93973,169.26394,0.00492,0.513,-0.08603,562379.98823,0.83,58,"Auto supply — factory automation, EV/AI transition risk",False
620,FRAM-B.ST,Fram Skandinavien AB (publ),Stockholm,Technology,Information Technology Services,Vietnam,1.45484,4.44,SEK,56.7,41.5,84.8,12.5,71.9,22.3,64.6,,,-3.658,3.059,-19.47368,2.6044,-0.16667,,0.18246,,0.0,,,none,-4.40199,-0.16209,0.25815,-0.68541,-0.41197,0.139,,,-0.25397,,0.851,0.55861,21,26.60036,0.75258,0.403,0.00909,0.88415,0.75,90,IT services — delivery is labor-hours that AI directly automates,False
621,COHR,Coherent Corp.,USA,Technology,Scientific & Technical Instruments,United States,47450.19266,277.6,USD,56.6,51.2,66.5,48.4,80.1,76.3,22.6,131.564,33.6827,42.36,8.429,5.08416,8.22611,0.0076,0.02969,-0.00364,,0.0,0.41013,22.0,buy,0.04718,0.03142,0.3699,0.13572,0.07102,0.205,,0.76224,-874.91006,0.31093,3.05,5768.24082,30216,190.90021,0.04508,2.037,1.77934,1436275.96376,0.92,68,Instruments — measurement + software attach,False
622,FDX,FedEx Corporation,USA,Industrials,Integrated Freight & Logistics,United States,65247.16682,312.98,USD,56.6,56.5,56.9,55.4,48.7,38.0,72.4,16.86315,15.26891,8.846,1.109,2.38343,0.78842,0.0593,0.06549,0.07411,0.0156,0.3127,0.12603,25.0,buy,0.14846,0.0503,0.27318,0.11129,0.0468,0.125,-0.046,2.49491,-25889.48005,1.35694,1.475,82756.8664,,,0.07454,1.337,0.72068,563771.25783,1.0,62,"Logistics — routing, pricing and warehouse automation",False
623,NAVIGO-PREF.ST,Navigo Invest AB (publ),Stockholm,Financial Services,Asset Management,Sweden,1147.16113,146.0,SEK,56.6,47.6,73.4,52.7,72.5,54.6,21.6,189.6104,,190.03,19.338,10.26723,19.04875,0.00527,,0.00092,0.137,12.3377,,,none,0.03683,0.02258,0.61396,0.12676,0.06398,0.07,1.912,2.12091,-12.99753,0.15563,1.097,60.22239,146,412.48212,0.22385,0.415,0.33945,79.66434,1.0,80,Asset management — research and back-office automation,False
624,MNTC.ST,Mentice AB (publ),Stockholm,Healthcare,Medical Devices,Sweden,34.41536,13.5,SEK,56.6,49.8,69.3,35.5,73.1,56.6,47.7,,19.56522,-18.881,1.181,3.07798,1.32315,-0.04889,0.05111,-0.02065,,0.0,0.55556,2.0,hold,-0.17906,-0.04904,0.88751,-0.31089,-0.07421,0.145,,,3.69453,0.1253,0.988,26.01019,118,220.42536,0.50959,0.456,-0.07216,19.10691,0.83,66,Devices — embedded intelligence differentiates hardware,False
625,REKA.HE,Reka Industrial Oyj,Helsinki,Industrials,Electrical Equipment & Parts,Finland,24.39604,4.06,EUR,56.6,52.5,64.2,39.2,43.9,89.1,55.5,20.3,7.12281,2.329,0.126,0.54409,0.77276,0.04926,0.14039,-0.05347,0.0222,0.35,,,none,0.02775,0.00906,0.50149,0.01214,0.03858,0.221,-0.632,-11.94021,20.37,0.21607,4.12,31.57,275,114.8,0.56378,1.133,0.015,8.31894,1.0,60,"Electrical — electrification tailwind, moderate AI angle",False
626,Q,"Qnity Electronics, Inc.",USA,Technology,Semiconductor Equipment & Materials,United States,24938.37104,136.35,USD,56.5,49.3,70.0,61.3,47.1,53.5,34.6,43.84244,27.92507,22.427,6.564,3.9751,5.76518,0.02281,0.03581,0.02461,0.0023,0.0451,0.28163,8.0,strong_buy,0.07481,0.05063,0.46092,0.22814,0.13129,0.176,-0.217,2.53692,-3211.72146,0.60756,2.124,4325.68888,10000,432.56889,0.00073,,0.43074,238810.51721,1.0,78,Semis — rides the AI capex cycle and design automation,False
627,ROL,"Rollins, Inc.",USA,Consumer Cyclical,Personal Services,United States,18975.73792,45.11,USD,56.5,52.7,63.6,78.7,47.6,37.5,33.4,41.38532,32.43644,26.356,5.896,15.71777,5.64863,0.02416,0.03083,0.02401,0.0162,0.6388,0.30531,17.0,buy,0.38671,0.14981,0.52603,0.16051,0.13766,0.102,0.013,1.10517,-830.5366,0.77235,0.646,3359.35037,22000,152.69774,0.38414,0.747,-0.18574,162525.89044,1.0,60,Consumer Cyclical sector default,False
628,ASMDEE-B.ST,Asmodee Group AB (publ),Stockholm,Consumer Cyclical,Leisure,Sweden,3130.45603,145.9,SEK,56.5,58.8,52.1,49.6,78.8,65.3,53.1,111.37405,,11.9511,1.87332,1.65967,1.85942,0.00898,,0.07306,,0.0,0.17383,8.0,strong_buy,0.0147,0.04041,0.42461,0.11493,0.01646,0.192,,0.97579,-257.50202,0.36813,1.882,1683.56198,2382,706.78505,0.39887,,0.16645,3889.73121,0.92,58,Leisure — dynamic pricing and personalisation,False
629,MMGR-B.ST,Momentum Group AB (publ),Stockholm,Industrials,Industrial Distribution,Sweden,638.97381,142.6,SEK,56.5,53.4,62.3,69.3,57.2,42.4,37.7,36.10127,26.90566,21.204,2.48,8.27434,2.22879,0.0277,0.03717,0.02722,0.0098,0.3544,0.03787,4.0,strong_buy,0.24466,0.07426,0.49352,0.10936,0.06165,0.076,0.26,2.03514,-68.25109,0.9151,1.286,286.69086,951,301.46252,0.01755,,-0.08,540.19195,1.0,64,"Distribution — pricing, inventory and sales automation",False
630,NIL-B.ST,Nilörngruppen AB (publ),Stockholm,Consumer Cyclical,Packaging & Containers,Sweden,77.81982,75.3,SEK,56.5,55.8,57.7,60.6,13.8,75.5,68.3,18.2767,11.02489,10.9,0.914,2.38178,0.94688,0.05471,0.0907,0.07487,0.0199,0.3641,,,none,0.13318,0.06843,0.47036,0.06588,0.05118,-0.159,-0.225,-0.40028,2.75995,0.19803,1.781,82.1852,683,120.32972,0.03728,0.615,0.34464,339.65839,1.0,52,Packaging — plant automation and design,False
631,QLINEA.ST,Q-linea AB (publ),Stockholm,Healthcare,Medical Devices,Sweden,29.28327,17.05,SEK,56.5,49.3,70.0,18.3,97.9,92.2,31.6,,-56.83333,-1.074,10.244,1.17619,22.36441,-0.35132,-0.0176,-0.36721,,0.0,,,none,-0.75504,-0.3696,0.50035,-8.20164,0.0,2.093,,,15.87042,0.04251,117.986,1.30937,70,18.70528,0.13956,0.57,-0.69982,16.04582,0.83,66,Devices — embedded intelligence differentiates hardware,False
632,AME,"AMETEK, Inc.",USA,Industrials,Specialty Industrial Machinery,United States,47460.35609,237.0,USD,56.4,54.9,59.2,67.7,56.7,60.3,36.2,35.85476,26.90861,23.26,7.41,4.97481,7.14979,0.02789,0.03716,0.0255,0.0057,0.1918,0.11135,18.0,buy,0.14627,0.0801,0.36681,0.26299,0.20108,0.113,0.145,0.81577,-1725.01929,0.22489,1.138,6638.00743,22500,295.02255,0.00386,0.99,0.33079,250930.92405,1.0,62,Machinery — predictive maintenance and embedded software,False
633,KO,The Coca-Cola Company,USA,Consumer Defensive,Beverages - Non-Alcoholic,United States,306590.46698,81.56,USD,56.4,58.5,52.4,84.4,60.0,40.6,36.4,25.6478,23.41525,22.964,7.788,10.43501,7.12017,0.03899,0.04271,0.0089,0.026,0.6478,0.07098,24.0,buy,0.43372,0.0951,0.61744,0.35055,0.278,0.121,0.182,1.84427,-26933.54872,1.24943,1.358,43059.43362,65900,653.40567,0.09895,0.349,0.16398,1228880.60403,1.0,55,Consumer staples — demand forecasting and trade-spend optimisation,False
634,NCLH,Norwegian Cruise Line Holdings Ltd.,USA,Consumer Cyclical,Travel Services,United States,7805.88351,19.46,USD,56.4,50.6,67.2,63.7,62.1,6.3,49.7,15.69355,9.64154,9.478,2.475,3.67447,0.89064,0.06372,0.10372,-0.16798,,0.0,0.12025,25.0,buy,0.29533,0.04444,0.43047,0.10515,0.05664,0.096,,6.0682,-13889.73892,6.61444,0.21,8764.31181,44500,196.95083,0.00546,1.876,-0.16085,352083.6495,0.92,68,"Travel — booking, pricing and service are digital workflows",False
635,SOBI.ST,Swedish Orphan Biovitrum AB (publ),Stockholm,Healthcare,Drug Manufacturers - Specialty & Generic,Sweden,14595.50206,461.8,SEK,56.4,56.1,56.9,70.0,68.8,42.4,38.3,117.50635,29.69775,15.243,6.141,3.95549,5.56097,0.00851,0.03367,0.02563,,0.0,0.07117,12.0,buy,0.02314,0.07035,0.78679,0.26587,0.03181,0.111,0.496,1.55318,-1642.46758,0.47201,0.705,2624.63069,1969,1332.97648,0.10054,0.288,0.71673,18819.0532,1.0,62,Pharma — AI aids discovery but cycles are long and regulated,False
636,KRONA.ST,Krona Public Real Estate AB,Stockholm,Real Estate,Real Estate Services,Sweden,41.73745,41.2,SEK,56.4,61.7,46.6,71.8,51.9,18.4,78.0,6.00583,,,14.55,0.65826,5.4685,0.1665,,0.04092,,0.0,,,none,0.09218,0.02741,0.83881,0.73836,0.61946,0.16,-0.038,,-69.31266,1.26727,0.697,7.63234,,,0.98712,0.101,0.09574,12.04319,0.83,40,Real estate — asset returns dominate; admin automation marginal,False
637,IZAFE-B.ST,iZafe Group AB (publ),Stockholm,Healthcare,Medical Instruments & Supplies,Sweden,13.78302,0.374,SEK,56.4,49.1,69.9,19.9,94.6,62.9,46.1,,,-8.437,20.465,6.23333,21.44179,-0.16043,,0.00486,,0.0,,,none,-1.04956,-0.32262,0.53271,-2.42786,-2.7383,0.835,,,0.62795,0.01308,0.986,0.64281,11,58.43737,0.0,-0.01,0.26351,15.07985,0.83,66,Instruments — software layer increasingly the differentiator,False
638,VSD-B.ST,VibroSense Dynamics AB ser. B,Stockholm,Healthcare,Medical Devices,Sweden,2.17299,0.722,SEK,56.4,47.5,72.9,48.3,10.6,92.1,48.8,,,-3.172,7.822,3.20889,10.88485,-0.22161,,,,0.0,,,none,,,0.84575,-3.29321,-2.53961,-0.165,,,0.61141,,5.52,0.19963,4,49.90864,,1.393,-0.51706,7.12191,0.5,66,Devices — embedded intelligence differentiates hardware,False
639,AZO,"AutoZone, Inc.",USA,Consumer Cyclical,Auto Parts,United States,43452.78371,3046.44,USD,56.3,54.3,60.1,74.4,48.8,28.5,47.3,20.96366,17.35031,14.669,3.13,,2.4884,0.0477,0.05764,0.01817,,0.0,0.30296,24.0,none,,0.11389,0.51754,0.19082,0.12399,0.084,0.077,3.00564,-11197.35144,,0.89,17462.12109,78000,223.87335,0.00249,0.335,-0.18319,1000922.77291,0.83,58,"Auto supply — factory automation, EV/AI transition risk",False
640,FCX,Freeport-McMoRan Inc.,USA,Basic Materials,Copper,United States,73325.05292,58.38,USD,56.3,64.7,40.6,69.7,73.9,71.1,49.5,30.88889,14.49859,10.487,3.883,4.30119,3.17644,0.03237,0.06897,0.02037,0.0103,0.3175,0.21492,22.0,buy,0.15631,0.07766,0.38636,0.31072,0.10344,0.088,1.531,0.68118,-5822.33742,0.33008,2.386,23084.02854,29000,796.00098,0.00693,1.364,0.29188,762710.82983,1.0,44,Mining — commodity price dominates; autonomy in pits helps,False
641,FIRE.ST,Firefly AB (publ),Stockholm,Industrials,Building Products & Equipment,Sweden,87.30563,160.5,SEK,56.3,57.2,54.5,68.1,14.2,94.2,54.7,22.51052,,14.308,1.766,4.87797,1.95752,0.04442,,0.04466,0.0374,0.7725,,,none,0.22175,0.1131,0.39905,0.10618,0.0869,-0.091,-0.359,-1.55578,8.56211,0.00349,3.155,44.60005,171,260.81901,0.62089,0.265,-0.16406,22.69417,1.0,54,Building products — configure-to-order automation,False
642,ARPL.ST,Arla Plast AB,Stockholm,Basic Materials,Specialty Chemicals,Sweden,72.35604,38.05,SEK,56.3,58.5,52.1,51.4,12.8,80.4,86.4,9.63291,11.15836,5.019,0.557,1.16368,0.58423,0.10381,0.08962,0.17445,0.042,0.3797,,,none,0.12278,0.06427,0.22797,0.0596,0.0606,-0.17,-0.265,-0.2467,3.38989,0.19428,2.701,123.849,400,309.62249,0.50443,0.418,-0.23131,46.74173,1.0,55,Chemicals — formulation R&D and process control,False
643,WITTED.HE,Witted Megacorp Oyj,Helsinki,Technology,Software - Application,Finland,23.54104,1.55,EUR,56.3,42.1,82.7,23.6,61.4,97.9,23.0,,11.07143,19.442,0.355,1.77752,0.43628,-0.04516,0.09032,,0.0129,0.0,0.29032,1.0,none,-0.03398,,0.07881,0.01488,-0.00862,0.094,,-4.87724,4.80776,0.00518,,53.95871,367,147.02645,0.68542,0.511,0.01307,10.3974,0.67,92,Software economics — AI compounds both the product and dev productivity,False
644,MRVL,"Marvell Technology, Inc.",USA,Technology,Semiconductors,United States,147959.94394,188.68,USD,56.2,50.3,67.1,63.4,43.9,77.8,25.5,64.83849,30.4352,61.39,19.099,9.06941,19.42718,0.01542,0.03286,0.0134,0.0013,0.0825,0.34455,40.0,strong_buy,0.16028,0.03808,0.51503,0.1448,0.28986,0.276,-0.804,0.52861,-1252.53636,0.2897,3.278,7616.13052,7480,1018.19927,0.00693,2.197,1.58253,7008844.69324,1.0,78,Semis — rides the AI capex cycle and design automation,False
645,ABB.ST,ABB Ltd,Stockholm,Industrials,Electrical Equipment & Parts,Switzerland,155474.47339,945.2,SEK,56.2,54.8,58.7,71.9,56.5,58.8,31.6,35.58735,35.87097,24.95324,4.98903,11.19365,4.97733,0.0281,0.02788,0.00883,0.0118,0.432,0.16501,5.0,buy,0.32575,0.08951,0.40247,0.16908,0.14086,0.142,0.082,0.46013,-2873.59977,0.55751,1.429,31236.52465,111900,279.14678,0.00028,1.026,0.49747,38406.28045,1.0,60,"Electrical — electrification tailwind, moderate AI angle",False
646,INDT.ST,Indutrade AB (publ),Stockholm,Industrials,Industrial Distribution,Sweden,8196.01983,248.2,SEK,56.2,53.9,60.4,62.2,60.2,51.4,41.1,33.67707,27.70089,19.348,3.017,5.02612,2.72998,0.02969,0.0361,0.03242,0.0125,0.4212,0.10798,8.0,buy,0.15694,0.07213,0.35625,0.12606,0.08094,0.107,0.228,1.84008,-861.43212,0.60751,1.49,3002.23242,10021,299.59409,0.26732,1.184,0.00976,13982.54418,1.0,64,"Distribution — pricing, inventory and sales automation",False
647,VSURE.ST,Verisure plc,Stockholm,Industrials,Security & Protection Services,United Kingdom,11414.94272,11.04,EUR,56.2,47.7,72.0,48.1,65.0,30.4,44.4,,16.36816,12.471,4.328,1.30235,2.96893,,0.06109,,,,0.50074,11.0,none,-0.02044,,0.48824,0.11949,-0.03922,0.108,,3.91697,-5226.8,0.59206,0.734,3844.8,24767,155.23883,0.21421,,,,0.67,72,"Security services — monitoring scales with AI, guarding less so",False
648,DELL,Dell Technologies Inc.,USA,Technology,Computer Hardware,United States,223747.65511,396.34,USD,56.1,54.1,59.7,50.3,93.9,41.7,38.3,31.55573,18.40466,19.71,2.069,,1.91111,0.03169,0.05433,0.02122,0.0064,0.1757,0.23489,23.0,buy,,0.07004,0.19212,0.08857,0.06275,0.875,2.825,1.44636,-17773.68057,,0.946,117077.55069,97000,1206.98506,0.0749,1.376,2.07336,3037651.425,0.83,74,Hardware — AI demand pull plus design productivity,False
649,HUBB,Hubbell Incorporated,USA,Industrials,Electrical Equipment & Parts,United States,22560.84947,488.67,USD,56.1,55.2,57.8,70.2,55.2,51.6,39.6,28.89829,21.77166,19.128,4.679,6.85189,4.3065,0.0346,0.04593,0.02097,0.0116,0.3239,0.1343,10.0,buy,0.25822,0.10195,0.35685,0.17749,0.15105,0.111,0.125,1.51483,-1941.18674,0.72468,1.579,5238.79281,18200,287.84576,0.00343,0.892,0.15725,273065.47252,1.0,60,"Electrical — electrification tailwind, moderate AI angle",False
650,SMCI,"Super Micro Computer, Inc.",USA,Technology,Computer Hardware,United States,13665.88291,24.18,USD,56.1,55.6,57.1,50.4,95.2,40.7,42.6,12.72632,7.73782,14.182,0.664,1.9195,0.46413,0.07858,0.12924,-0.4762,,0.0,0.5457,16.0,hold,0.17877,0.05524,0.08394,0.0611,0.03701,1.227,3.26,4.97015,-6855.15809,1.20798,2.655,29443.87135,6238,4720.08197,0.12874,1.936,-0.53049,1070834.91671,1.0,74,Hardware — AI demand pull plus design productivity,False
651,KINV-B.ST,Kinnevik AB,Stockholm,Financial Services,Asset Management,Sweden,1261.65613,49.43,SEK,56.1,45.6,75.6,33.4,93.3,90.1,5.7,,9.39734,,-0.821,0.46988,-1.72657,-0.52498,0.10641,-0.3802,,0.0,0.5462,7.0,buy,-0.21639,-0.14424,0.0,0.95497,0.0,1.644,1.743,,661.66397,0.06937,6.335,-730.73085,45,-16238.46329,0.02899,1.379,-0.4586,5924.32034,0.83,80,Asset management — research and back-office automation,False
652,CIBUS.ST,Cibus Nordic Real Estate AB (publ),Stockholm,Real Estate,Real Estate - Diversified,Sweden,1057.25096,142.1,SEK,56.1,65.1,39.3,73.1,,18.1,79.3,12.42133,152.7957,2.88839,2.18848,1.18653,5.22874,0.08051,0.00654,0.06241,0.0682,0.8738,0.17989,7.0,buy,0.08643,0.03484,0.83927,0.7282,0.42532,,,3.02037,-462.72,1.443,0.275,202.2,24,8425.0,0.07501,1.204,-0.22918,3352.55733,0.83,40,Real estate — asset returns dominate; admin automation marginal,False
653,GRK.HE,GRK Infra Oyj,Helsinki,Industrials,Infrastructure Operations,Finland,759.5696,18.54,EUR,56.1,59.3,50.3,59.8,21.6,74.3,76.5,17.00917,12.9953,8.261,0.649,4.36235,0.93802,0.05879,0.07695,0.11706,0.0232,0.3942,0.13628,3.0,strong_buy,0.2988,0.07476,0.2764,0.05281,0.054,-0.359,0.071,-3.67796,233.98802,0.20549,1.348,809.75802,1200,674.79835,0.43405,,0.34173,742.00788,1.0,58,Industrials sector default,False
654,SCANFL.HE,Scanfil Oyj,Helsinki,Industrials,Specialty Industrial Machinery,Finland,758.14054,11.54,EUR,56.1,53.3,61.3,53.0,61.4,53.1,48.3,17.75385,13.73809,12.876,1.008,2.35318,0.85154,0.05633,0.07279,-0.01374,0.0217,0.3846,0.04275,3.0,buy,0.14063,0.04774,0.3108,0.06602,0.04818,0.281,0.063,2.00224,-139.6,0.51241,1.516,890.31302,4640,191.87781,0.72599,0.687,0.01764,190.84852,1.0,62,Machinery — predictive maintenance and embedded software,False
655,SOLNA.ST,Solnaberg Property AB (publ),Stockholm,Real Estate,Real Estate Services,Sweden,39.19226,115.0,SEK,56.1,65.5,38.7,69.6,50.4,35.6,85.8,9.09091,,,11.334,0.7035,5.18932,0.11,,0.07319,0.0696,0.5929,,,none,0.07851,0.02821,0.75737,0.73539,0.57087,0.041,0.228,,-46.41138,0.90029,1.128,7.55249,1,7552.4866,0.40963,0.338,-0.04959,56.57862,0.83,40,Real estate — asset returns dominate; admin automation marginal,False
656,ASPO.HE,Aspo Oyj,Helsinki,Industrials,Conglomerates,Finland,189.91266,6.06,EUR,56.1,58.4,51.7,48.1,61.7,38.7,78.2,10.1,9.61905,10.199,0.798,1.16876,0.40651,0.09901,0.10396,0.10776,0.0413,0.3167,0.20462,2.0,none,0.12699,0.02408,0.40187,0.04645,0.07643,-0.016,4.556,4.42054,-161.5,1.15297,1.969,467.184,644,725.44099,0.40147,0.599,0.1434,55.8429,1.0,58,Conglomerate — mixed exposure,False
657,LIGR.ST,Lightning Group AB,Stockholm,Technology,Electronic Components,Sweden,3.95412,0.96,SEK,56.1,50.4,66.6,30.7,87.9,54.3,46.4,,,-58.617,0.79,1.46789,0.63183,-0.14583,,-0.02339,,0.0,,,none,-0.22664,-0.04394,0.49188,0.0067,-0.07333,0.334,,,-0.98697,0.67529,1.752,6.25816,25,250.32652,0.87789,0.196,0.24675,1.61384,0.83,68,Components — factory automation and quality inspection,False
658,TMO,Thermo Fisher Scientific Inc.,USA,Healthcare,Diagnostics & Research,United States,172888.62393,532.48,USD,56.0,49.4,68.4,61.9,47.6,40.2,40.7,29.24108,19.53689,21.062,5.264,3.81023,4.37819,0.0342,0.05119,0.0279,0.0035,0.0968,0.11041,26.0,buy,0.13523,0.04997,0.40932,0.17892,0.15151,0.062,0.113,3.53267,-34865.00125,0.82903,1.526,39488.62066,125000,315.90897,0.00152,0.868,0.31496,1080898.15021,1.0,74,Diagnostics — imaging and lab interpretation are AI-tractable,False
659,BRAV.ST,Bravida Holding AB (publ),Stockholm,Industrials,Engineering & Construction,Sweden,2502.79994,135.4,SEK,56.0,52.6,62.4,48.8,68.3,44.7,50.6,19.76642,20.23916,17.216,1.064,3.02725,0.95151,0.05059,0.04941,0.0352,0.0281,0.5547,0.04136,7.0,buy,0.15975,0.04487,0.15283,0.05414,0.04838,0.094,0.603,1.79822,-292.40111,0.43669,0.859,2630.34099,12984,202.58326,0.01369,0.915,0.50277,7851.18939,1.0,66,"Engineering — design, tendering and site planning automate",False
660,BAHN-B.ST,Bahnhof AB (publ),Stockholm,Communication Services,Telecom Services,Sweden,582.05024,59.7,SEK,56.0,54.7,58.4,65.2,49.2,72.5,37.3,34.31034,,19.894,2.604,10.66833,2.84091,0.02915,,0.02231,0.0335,1.1494,,,none,0.30092,0.1082,0.19784,0.13484,0.08298,0.086,0.078,-1.80103,48.30301,0.25987,1.392,204.88126,291,704.0593,0.0,0.601,-0.06864,1531.73211,1.0,70,"Telecom — network ops and service automation, capital-heavy core",False
661,EQL.ST,EQL Pharma AB,Stockholm,Healthcare,Drug Manufacturers - Specialty & Generic,Sweden,57.27777,21.4,SEK,56.0,49.9,67.3,33.6,81.2,82.5,31.7,50.95238,6.83706,,,2.36621,19.84841,0.01963,0.14626,-0.03484,,0.0,1.33645,1.0,none,-0.0105,-0.00567,0.55214,-0.16725,-0.01881,0.213,,,,,2.84,2.88576,60,48.09602,0.61088,,-0.75515,135.68785,0.67,62,Pharma — AI aids discovery but cycles are long and regulated,False
662,SEAF.ST,Seafire AB (publ),Stockholm,Financial Services,Asset Management,Sweden,46.06088,7.14,SEK,56.0,46.2,74.1,34.2,39.4,47.2,64.4,119.0,25.5,7.469,0.544,0.52838,0.54409,0.0084,0.03922,0.1589,,0.0,,,none,0.00346,0.00683,0.45717,-0.00943,0.00214,0.024,,2.97059,-18.30906,0.36788,1.22,84.65674,289,292.92988,0.13589,0.95,0.15534,18.07135,0.92,80,Asset management — research and back-office automation,False
663,PG,The Procter & Gamble Company,USA,Consumer Defensive,Household & Personal Products,United States,305133.86024,149.98,USD,55.9,58.6,51.0,78.6,46.1,41.5,52.2,21.9269,21.26507,14.973,4.324,6.49799,4.02739,0.04561,0.04703,0.03646,0.029,0.618,0.08913,23.0,buy,0.31112,0.10926,0.50984,0.23047,0.19162,0.074,0.058,0.98714,-21597.86552,0.67651,0.732,75764.64303,109000,695.08847,0.00065,0.38,-0.03257,1183966.93105,1.0,55,Staples — marketing and supply-chain optimisation,False
664,MOMENT.ST,Moment Group AB,Stockholm,Communication Services,Entertainment,Sweden,12.98746,5.66,SEK,55.9,48.1,70.5,51.7,84.1,3.7,42.1,4.25564,566.0,21.253,0.579,1.81352,0.12973,0.23498,0.00177,-0.16154,,0.0,,,none,1.00586,0.0079,0.52247,-0.14851,0.02511,0.255,,16.45393,-44.86626,13.12195,0.429,100.11285,441,227.01326,0.49511,,-0.22888,4.12824,0.92,72,Entertainment — content pipeline productivity,False
665,CITYVA.HE,Cityvarasto Oyj,Helsinki,Real Estate,Real Estate Services,Finland,118.61791,14.85,EUR,55.9,61.1,46.2,71.2,45.5,48.8,65.9,11.25,,13.196,5.66,0.7587,4.18819,0.08889,,,0.0074,0.0,,,none,0.07328,,0.83673,0.21916,0.37233,0.197,-0.375,3.43176,-41.689,0.3304,1.37,28.322,78,363.10256,0.52523,,-0.06955,17.8794,0.83,40,Real estate — asset returns dominate; admin automation marginal,False
666,HEALTH.HE,Nightingale Health Oyj,Helsinki,Healthcare,Health Information Services,Finland,52.03118,0.862,EUR,55.9,41.8,82.0,26.8,45.9,89.5,32.6,,-4.10476,-0.863,2.942,0.89698,10.85113,-0.37123,-0.24362,-0.18377,,0.0,0.62413,1.0,none,-0.28542,-0.16069,0.67362,-3.63776,0.0,0.044,,,37.925,0.08424,8.532,4.795,103,46.5534,0.33663,0.331,-0.6613,274.64872,0.83,80,Health IT — records and diagnostics are data problems,False
667,VAXXA.ST,Vaxxa AB,Stockholm,Technology,Software - Application,Sweden,1.95359,0.497,SEK,55.9,46.8,72.8,14.4,91.5,67.3,44.7,,,-1.46,0.102,1.61889,0.2323,-0.40241,,,,0.0,,,none,-0.49542,-0.21669,0.02081,7e-05,-0.09448,0.505,,,1.09655,0.02254,1.154,8.40984,9,934.42666,0.41026,0.527,-0.31918,2.18575,0.75,92,Software economics — AI compounds both the product and dev productivity,False
668,ABBV,AbbVie Inc.,USA,Healthcare,Drug Manufacturers - General,United States,392842.72576,254.49,USD,55.8,55.0,57.4,84.7,39.3,33.0,41.8,124.75001,15.63166,17.155,8.169,,7.15757,0.00802,0.06397,0.04629,0.0272,3.2598,0.04747,28.0,buy,,0.10032,0.72026,0.32156,0.05786,0.124,-0.462,2.12338,-55498.30239,,0.796,54884.96217,57000,962.89407,0.00107,0.283,0.37674,1589038.97865,0.83,62,Pharma — AI aids discovery but cycles are long and regulated,False
669,RVTY,"Revvity, Inc.",USA,Healthcare,Diagnostics & Research,United States,10736.2961,110.15,USD,55.8,47.0,72.2,50.6,44.1,51.9,42.4,52.95673,18.86569,17.28,5.092,1.71187,4.23383,0.01888,0.05301,0.04142,0.0025,0.1346,0.0634,15.0,buy,0.03227,0.0227,0.54316,0.12355,0.08258,0.07,0.035,2.91132,-2175.38993,0.46642,1.718,2535.83299,11000,230.53027,0.00352,1.091,0.21418,142008.49313,1.0,74,Diagnostics — imaging and lab interpretation are AI-tractable,False
670,HM-B.ST,H & M Hennes & Mauritz AB (publ),Stockholm,Consumer Cyclical,Apparel Manufacturing,Sweden,23809.31538,164.55,SEK,55.8,53.8,59.6,72.0,27.9,27.8,62.7,21.42578,18.59322,13.353,1.454,7.73916,1.19037,0.04667,0.05378,0.08494,0.0431,0.9049,-0.05792,26.0,underperform,0.34669,0.07021,0.54116,0.10996,0.05574,-0.033,0.007,2.41847,-5265.57607,2.26362,1.067,20001.5586,63292,316.02033,0.70359,1.002,0.16868,36027.4259,1.0,60,Apparel — demand forecasting and design assistance,False
671,NOLA-B.ST,Nolato AB (publ),Stockholm,Healthcare,Medical Devices,Sweden,1129.2581,46.25,SEK,55.8,51.4,64.0,54.1,23.9,68.5,57.9,17.45283,15.78498,9.416,1.536,2.13045,1.33022,0.0573,0.06335,0.01718,0.0341,0.5338,0.37658,3.0,strong_buy,0.13305,0.06642,0.18279,0.10607,0.08104,-0.039,-0.093,0.62762,-86.92271,0.24128,1.679,848.92393,5607,151.4043,0.20786,0.743,-0.24056,1159.4286,1.0,66,Devices — embedded intelligence differentiates hardware,False
672,NOTE.ST,NOTE AB (publ),Stockholm,Technology,Electronic Components,Sweden,371.58136,143.6,SEK,55.8,51.5,63.8,52.3,47.6,34.3,61.9,16.41143,12.89048,11.038,1.446,2.36425,1.03316,0.06093,0.07758,0.03622,0.0363,0.0,0.37187,2.0,strong_buy,0.14775,0.05792,0.14239,0.09532,0.0625,0.199,-0.264,3.15385,-148.64781,0.97597,1.186,359.65517,1800,199.80843,0.4372,0.591,-0.24421,1192.15127,1.0,68,Components — factory automation and quality inspection,False
673,ABSO.ST,Absolent Air Care Group AB (publ),Stockholm,Industrials,Pollution & Treatment Controls,Sweden,217.53747,212.0,SEK,55.8,55.6,56.1,56.0,55.5,68.0,48.9,27.24936,13.1677,16.901,1.973,2.58052,1.87793,0.0367,0.07594,0.04288,0.0156,0.4577,0.37264,2.0,strong_buy,0.08557,0.05086,0.42333,0.11376,0.0629,-0.003,0.796,1.04516,-14.13623,0.44333,2.726,115.83897,474,244.386,0.68437,0.645,-0.10924,75.74729,1.0,55,Environmental services — monitoring automation,False
674,KABE-B.ST,KABE Group AB (publ.),Stockholm,Consumer Cyclical,Recreational Vehicles,Sweden,154.17677,189.0,SEK,55.8,57.3,53.0,36.5,51.2,84.4,72.0,17.21312,,9.786,0.494,0.929,0.54051,0.0581,,0.08686,0.0212,0.364,,,none,0.05494,0.02592,0.11058,0.06187,0.03146,-0.068,0.92,-0.91195,13.14264,0.08411,2.493,285.24063,723,394.5237,0.71316,0.516,-0.26886,61.7221,1.0,60,Consumer Cyclical sector default,False
675,SCIB.ST,SciBase Holding AB (publ),Stockholm,Healthcare,Medical Devices,Sweden,32.71639,35.3,SEK,55.8,47.9,70.4,20.6,93.5,77.1,34.7,,-220.625,-3.528,6.835,6.21151,7.86682,-0.45326,-0.00453,-0.14906,,0.0,0.69972,1.0,none,-1.79734,-0.68741,0.60779,-1.71256,-1.98049,0.612,,,4.28976,0.41173,4.146,4.15878,49,84.87316,0.22825,0.041,0.13262,16.89364,0.83,66,Devices — embedded intelligence differentiates hardware,False
676,KDV-B.ST,KDventures AB,Stockholm,,,Sweden,,0.2455,SEK,55.8,52.5,61.9,35.4,8.7,95.9,79.8,,,-0.894,10.835,0.11079,,,,,,,2.66599,1.0,strong_buy,-0.18357,-0.01062,1.0,-12.68765,0.0,-0.201,,,9.55823,0.00078,16.984,0.14167,7,20.23837,0.43209,0.536,-0.1446,29.15219,0.67,50,No sector data — neutral,False
677,ARES,Ares Management Corporation,USA,Financial Services,Asset Management,United States,36219.34331,125.68,USD,55.7,50.0,66.2,56.1,91.0,10.1,35.4,57.91705,17.17236,33.97,7.932,11.04491,7.01546,0.01727,0.05823,0.04239,0.043,2.1705,0.13547,17.0,buy,0.14182,0.02536,0.37561,0.18434,0.10539,0.283,7.705,9.21144,-11104.46496,1.68762,0.488,5162.79203,4297,1201.48756,0.11254,1.536,-0.29745,283248.04091,1.0,80,Asset management — research and back-office automation,False
678,SKF-B.ST,AB SKF (publ),Stockholm,Industrials,Tools & Accessories,Sweden,10286.22689,249.1,SEK,55.7,55.0,57.1,48.6,60.4,69.3,51.8,25.18706,13.88517,11.91,1.384,1.99213,1.26773,0.0397,0.07202,0.02775,0.0311,0.4049,0.06596,17.0,hold,0.08305,0.04247,0.28587,0.09567,0.05032,0.001,1.451,0.7799,-735.17219,0.34361,2.191,8113.90374,37271,217.70019,0.01064,0.849,0.06135,28151.04797,1.0,58,Industrials sector default,False
679,DRIL.ST,Drillcon AB (publ),Stockholm,Industrials,Specialty Business Services,Sweden,15.72531,3.89,SEK,55.7,40.6,83.8,48.6,23.5,43.6,41.2,55.57143,,6.635,0.678,1.01859,0.44434,0.01799,,-0.10354,0.0646,3.5714,,,none,0.01908,0.01674,0.83231,0.02648,0.00832,-0.038,,2.28736,-8.27243,0.74632,1.304,35.3905,295,119.96781,0.22522,0.742,-0.1278,6.65611,0.92,82,Business services — back-office process automation,False
680,IMP-A-SDB.ST,Implantica AG,Stockholm,Healthcare,Medical Devices,Liechtenstein,,61.4,SEK,55.7,51.3,63.9,8.5,73.8,95.5,64.0,,-15.94805,-77.9558,719.6912,19.32371,,-0.00104,-0.0627,,,,0.2084,1.0,none,-0.24288,-0.13866,-0.21556,-4.50175,0.0,0.15,,,45.31,0.00271,16.609,2.185,46,47.5,0.0,0.793,-0.11908,169.87304,0.75,66,Devices — embedded intelligence differentiates hardware,False
681,THULE.ST,Thule Group AB (publ),Stockholm,Consumer Cyclical,Leisure,Sweden,2165.99211,221.6,SEK,55.6,54.8,57.2,67.0,33.4,56.1,54.2,20.965,15.60563,14.663,2.717,3.30618,2.31112,0.0477,0.06408,0.04139,0.0375,0.7845,0.2438,8.0,buy,0.14742,0.0707,0.46006,0.16479,0.11035,-0.033,0.102,2.19102,-380.50212,0.57757,2.145,937.20623,3000,312.40208,0.00132,1.283,-0.20857,5927.89767,1.0,58,Leisure — dynamic pricing and personalisation,False
682,DIOS.ST,Diös Fastigheter AB (publ),Stockholm,Real Estate,Real Estate - Diversified,Sweden,836.05329,66.4,SEK,55.6,64.4,39.2,87.5,66.1,8.8,64.1,8.33124,9.27374,15.359,10.055,0.76049,3.46246,0.12003,0.10783,,0.0361,0.3576,0.15587,4.0,buy,,,0.68769,0.69715,0.42155,0.002,29.11,10.06995,-1591.80047,1.46739,0.161,241.46204,148,1631.50026,0.29591,1.227,0.00378,1025.60551,0.75,40,Real estate — asset returns dominate; admin automation marginal,False
683,BMAX.ST,Byggmax Group AB (publ),Stockholm,Consumer Cyclical,Home Improvement Retail,Sweden,281.62661,53.0,SEK,55.6,56.0,54.8,51.6,49.5,28.6,79.2,13.31658,15.8209,9.959,0.813,1.22907,0.50399,0.07509,0.06321,0.21817,0.0311,0.4146,0.04717,2.0,buy,0.09472,0.0346,0.36577,0.1171,0.03779,0.03,0.245,3.78131,-172.3952,0.76068,0.816,558.78885,1242,449.91051,0.2812,0.809,-0.08935,843.40442,1.0,60,Consumer Cyclical sector default,False
684,HUM.ST,Humana AB (publ),Stockholm,Healthcare,Medical Care Facilities,Sweden,270.06541,62.7,SEK,55.6,47.0,71.5,36.7,42.0,16.0,77.8,17.56303,13.48387,8.956,0.698,0.9435,0.29686,0.05694,0.07416,0.2828,0.0215,0.3782,0.0925,2.0,sell,0.05475,0.02858,0.216,0.01665,0.01724,0.03,,5.14578,-364.73093,1.4106,0.622,909.74269,5583,162.94872,0.06265,,0.82267,998.08728,0.92,76,"Care delivery — scheduling, triage and admin absorb most cost",False
685,MKC,"McCormick & Company, Incorporated",USA,Consumer Defensive,Packaged Foods,United States,12144.10313,51.7,USD,55.5,57.8,51.3,65.9,48.0,31.9,67.8,8.60233,15.64429,13.145,2.583,1.98693,1.88194,0.11625,0.06392,0.05137,0.0371,0.3095,0.17244,13.0,buy,0.24728,0.05136,0.38853,0.17422,0.21912,0.167,-0.142,3.17072,-4021.02954,0.65143,0.781,6452.97382,14100,457.65772,0.00026,0.626,-0.26915,190398.74036,1.0,55,Consumer staples — demand forecasting and trade-spend optimisation,False
686,TELIA.ST,Telia Company AB (publ),Stockholm,Communication Services,Telecom Services,Sweden,16483.59609,46.25,SEK,55.5,51.2,63.5,59.6,46.3,19.9,60.2,37.0,23.71795,9.975,3.242,3.64863,2.2223,0.02703,0.04216,0.0725,0.045,1.608,0.00902,19.0,hold,0.10558,0.03328,0.5027,0.17682,0.06035,0.046,0.132,2.99613,-7221.74545,1.69141,0.661,7417.34403,14598,508.10687,0.42033,,0.31654,26219.49493,1.0,70,"Telecom — network ops and service automation, capital-heavy core",False
687,SHOT.ST,Scandic Hotels Group AB (publ),Stockholm,Consumer Cyclical,Lodging,Sweden,1568.68664,80.45,SEK,55.5,52.7,60.6,66.0,52.3,3.9,61.8,23.8724,14.16373,16.475,2.733,6.46029,0.76461,0.04189,0.0706,0.19444,0.0323,0.7715,0.17775,8.0,buy,0.26154,0.03429,0.51504,0.15055,0.03212,0.035,0.306,11.84474,-4031.3465,15.88994,0.32,2051.61155,10072,203.69455,0.24871,0.891,-0.0177,2668.22279,1.0,58,Lodging — revenue management and service automation,False
688,NEWA-B.ST,New Wave Group AB (publ),Stockholm,Consumer Cyclical,Specialty Retail,Sweden,1118.47494,93.0,SEK,55.5,52.1,61.7,58.7,38.2,62.2,48.6,16.08996,10.46119,12.833,1.511,1.73874,1.2142,0.06215,0.09559,-0.03098,0.0323,0.6055,0.22849,4.0,buy,0.10957,0.05548,0.4907,0.07646,0.07557,0.066,-0.104,2.52381,-273.82013,0.50613,3.954,921.1632,2824,326.19094,0.0,1.356,-0.22886,1546.11542,1.0,64,"Retail — inventory, pricing and service automation",False
689,KEMPOWR.HE,Kempower Oyj,Helsinki,Industrials,Electrical Equipment & Parts,Finland,657.0279,11.85,EUR,55.5,54.1,58.2,30.2,92.3,57.7,54.6,,37.61905,-141.387,2.341,6.63123,2.39271,-0.01519,0.02658,0.01495,,0.0,0.24051,5.0,hold,-0.09638,-0.02797,0.49821,-0.05539,-0.03603,0.536,,,13.9,0.38081,1.402,274.5953,770,356.61727,0.65238,0.495,-0.2121,1035.4767,0.83,60,"Electrical — electrification tailwind, moderate AI angle",False
690,KONT.ST,Kontigo Care AB (publ),Stockholm,Healthcare,Health Information Services,Sweden,4.79273,1.5,SEK,55.5,43.0,78.6,46.1,11.8,63.4,50.1,,15.0,-55.795,1.111,1.04239,1.5024,-0.02,0.06667,-0.01898,,0.0,,,none,-0.0252,-0.01313,1.0,0.0299,-0.03674,-0.145,,,1.24764,,1.719,3.19004,11,290.00329,0.55677,-0.197,-0.34783,4.66623,0.75,80,Health IT — records and diagnostics are data problems,False
691,APTV,Aptiv PLC,USA,Consumer Cyclical,Auto Parts,Switzerland,10625.79287,57.47,USD,55.4,53.6,58.7,45.9,49.1,49.0,67.8,34.20834,8.47135,6.017,0.928,1.32176,0.58869,0.02923,0.11804,0.08972,,0.0,0.35143,18.0,strong_buy,0.0408,0.05698,0.18922,0.0987,0.01767,0.054,,2.10769,-5865.14844,1.03823,2.115,18049.76821,140000,128.92692,0.00821,1.344,-0.1671,171451.32182,0.92,58,"Auto supply — factory automation, EV/AI transition risk",False
692,CL,Colgate-Palmolive Company,USA,Consumer Defensive,Household & Personal Products,United States,65004.68294,92.98,USD,55.4,56.6,53.1,85.0,42.4,30.1,46.3,36.03876,22.92192,16.52,3.909,513.7017,3.57786,0.02775,0.04363,0.04462,0.0228,0.8062,0.04646,20.0,buy,3.63577,0.16098,0.60063,0.20924,0.10041,0.084,-0.059,1.33184,-5726.23008,16.40535,1.025,18168.59275,33600,540.73193,0.00145,0.319,0.07318,425438.4161,1.0,55,Staples — marketing and supply-chain optimisation,False
693,GEV,GE Vernova Inc.,USA,Industrials,Specialty Industrial Machinery,United States,248360.38101,1057.84,USD,55.4,55.8,54.7,51.7,87.0,63.7,35.7,30.95815,42.98347,81.812,7.096,20.41807,7.21937,0.0323,0.02326,0.03277,0.0019,0.0511,0.15469,34.0,buy,0.75708,0.02384,0.20282,0.05461,0.2381,0.163,18.165,-1.76193,5257.05322,0.24925,0.893,34401.93811,78000,441.05049,0.00104,0.935,0.86927,2628198.53959,1.0,62,Machinery — predictive maintenance and embedded software,False
694,MCOV-B.ST,Medicover AB (publ),Stockholm,Healthcare,Medical Care Facilities,Sweden,3044.80723,222.5,SEK,55.4,45.5,73.8,50.9,49.6,14.2,52.0,38.16466,483.69565,11.73139,1.30656,5.56335,1.25601,0.0262,0.00207,0.0449,0.0098,0.2852,0.14328,7.0,buy,0.13862,0.04551,0.23315,0.07498,0.03279,0.08,0.098,4.9437,-1334.79994,2.51149,0.743,2424.19994,49000,49.47347,0.09911,1.501,-0.13086,1455.82665,1.0,76,"Care delivery — scheduling, triage and admin absorb most cost",False
695,PRISMA.ST,Prisma Properties AB (publ),Stockholm,Real Estate,Real Estate - Development,Sweden,371.46715,25.0,SEK,55.4,63.9,39.7,70.9,80.2,32.5,60.7,9.09091,,20.896,14.987,0.79684,6.47444,0.11,,0.05508,,0.0,0.17333,3.0,strong_buy,0.09184,0.0274,0.78989,0.72727,0.71248,0.386,0.462,11.87004,-488.45307,1.12896,1.841,57.37443,26,2206.70868,0.6334,0.583,-0.01575,213.07393,1.0,40,Real estate — asset returns dominate; admin automation marginal,False
696,ALCA.ST,Alcadon Group AB (publ),Stockholm,Technology,Communication Equipment,Sweden,68.87123,31.0,SEK,55.4,51.8,62.0,40.3,38.5,51.7,74.1,18.12865,7.71144,10.669,0.746,0.96315,0.54528,0.05516,0.12968,0.21383,,0.0,,,none,0.05234,0.02945,0.27234,0.05268,-0.00632,-0.104,0.309,2.86756,-25.31545,0.45925,1.656,126.30531,174,725.89261,0.35071,0.638,0.34783,84.03006,1.0,74,"Network equipment — AI traffic drives demand, ops automate",False
697,IMPC.ST,Impact Coatings AB (publ),Stockholm,Industrials,Specialty Industrial Machinery,Sweden,38.14786,4.0,SEK,55.4,48.7,67.9,28.8,59.6,92.1,42.9,,-40.0,-11.848,7.891,2.90065,8.17238,-0.115,-0.025,-0.06475,,0.0,,,strong_buy,-0.27769,-0.12604,0.6835,-0.96774,-0.83495,0.088,,,1.31426,,3.067,4.6679,47,99.3171,0.14025,1.663,0.02564,48.53713,0.75,62,Machinery — predictive maintenance and embedded software,False
698,AVY,Avery Dennison Corporation,USA,Consumer Cyclical,Packaging & Containers,United States,10720.14465,160.41,USD,55.3,56.7,52.6,65.4,44.6,31.4,67.1,18.04387,14.38247,10.92,1.75,5.34558,1.36245,0.05542,0.06953,0.06594,0.0249,0.4234,0.24431,10.0,buy,0.30857,0.08265,0.28755,0.12604,0.0766,0.07,0.043,2.41746,-3047.81514,1.64751,1.15,7868.2804,35000,224.80801,0.00636,0.826,-0.1039,99023.9796,1.0,52,Packaging — plant automation and design,False
699,CI,The Cigna Group,USA,Healthcare,Healthcare Plans,United States,65049.28039,281.45,USD,55.3,57.5,51.3,48.3,53.5,38.1,80.5,11.9309,8.40585,7.299,0.352,1.76431,0.26792,0.08382,0.11896,0.09299,0.0222,0.2582,0.21129,24.0,buy,0.16269,0.04782,0.09149,0.05478,0.02263,0.046,0.291,1.72128,-20137.03863,0.72805,0.818,242794.25259,65669,3697.24303,0.01443,0.303,-0.04528,415206.9996,1.0,66,Healthcare sector default,False
700,HSY,The Hershey Company,USA,Consumer Defensive,Confectioners,United States,30379.78262,171.42,USD,55.3,58.5,49.4,68.9,73.9,37.8,46.6,31.92179,17.33734,17.505,3.3,7.3451,2.89971,0.03133,0.05768,0.04392,0.0339,1.0358,0.24006,21.0,buy,0.23234,0.07837,0.35035,0.21343,0.09125,0.106,0.936,2.12502,-4197.40511,1.20011,1.24,10476.81978,17550,596.96979,0.00308,0.098,-0.03016,310510.39348,1.0,55,Consumer staples — demand forecasting,False
701,PPG,"PPG Industries, Inc.",USA,Basic Materials,Specialty Chemicals,United States,22855.59454,117.36,USD,55.3,55.9,54.1,65.8,44.1,45.1,57.5,16.81375,13.55077,11.951,2.011,3.22799,1.6227,0.05948,0.0738,0.02787,0.0252,0.4026,0.06936,20.0,buy,0.20748,0.06277,0.41691,0.1374,0.09832,0.067,0.042,2.25323,-5340.9282,0.93736,1.609,14084.91805,43500,323.79122,0.00116,1.045,0.0248,194869.01144,1.0,55,Chemicals — formulation R&D and process control,False
702,PRU,"Prudential Financial, Inc.",USA,Financial Services,Insurance - Life,United States,36132.73937,119.07,USD,55.3,49.5,66.1,39.3,47.0,21.3,77.1,12.27526,8.15715,11.975,0.966,1.29338,0.65345,0.08146,0.12259,0.25097,0.047,0.5613,-0.12432,15.0,hold,0.10711,0.00409,0.28956,0.04721,0.05476,0.153,-0.143,3.29986,-14713.10798,1.58972,0.81,55295.60085,36607,1510.51987,0.00174,0.84,0.1661,211325.45472,1.0,82,"Insurance — claims, underwriting and pricing are data workflows",False
703,FODELIA.HE,Fodelia Oyj,Helsinki,Consumer Defensive,Packaged Foods,Finland,35.12013,4.31,EUR,55.3,57.3,51.7,50.6,87.3,60.3,43.5,47.88889,10.775,8.883,0.712,2.84301,0.64469,0.02088,0.09281,-0.01039,0.0162,1.0,0.2761,1.0,none,0.05728,0.0644,0.39002,0.05013,0.01309,1.086,0.73,0.83688,-3.653,0.32853,1.292,54.476,127,428.94488,0.70808,0.358,-0.38429,80.78664,1.0,55,Consumer staples — demand forecasting and trade-spend optimisation,False
704,LAGR-B.ST,Lagercrantz Group AB (publ),Stockholm,Industrials,Conglomerates,Sweden,4260.41924,228.0,SEK,55.2,54.0,57.4,69.7,65.4,40.5,34.9,37.62376,41.98895,24.256,4.668,10.59627,4.25648,0.02658,0.02382,0.02482,0.0096,0.3624,0.21617,7.0,buy,0.28474,0.08444,0.39147,0.14723,0.11337,0.176,0.203,2.13271,-410.77552,1.04107,1.314,1000.92544,3822,261.88525,0.04654,1.212,-0.00956,4242.91002,1.0,58,Conglomerate — mixed exposure,False
705,VITR.ST,Vitrolife AB (publ),Stockholm,Healthcare,Medical Devices,Sweden,1133.1472,92.3,SEK,55.2,49.6,65.6,51.1,43.9,78.8,37.0,,19.18919,13.441,3.917,1.54907,3.68784,-0.3987,0.05211,0.04422,0.0119,0.3385,0.40412,5.0,strong_buy,-0.46528,0.02806,0.59233,0.23104,-1.46991,-0.016,0.287,0.78745,-70.51706,0.19685,3.641,307.26589,1103,278.57289,0.29715,1.722,-0.34399,2318.9969,1.0,66,Devices — embedded intelligence differentiates hardware,False
706,INWI.ST,Inwido AB (publ),Stockholm,Industrials,Building Products & Equipment,Sweden,900.10727,171.3,SEK,55.2,55.2,55.3,52.2,67.1,37.2,59.7,18.82418,13.89294,10.831,1.363,1.79077,1.04887,0.05312,0.07198,0.03446,0.0321,0.6044,0.27846,3.0,strong_buy,0.10564,0.05204,0.2507,0.10638,0.05576,0.163,0.269,2.49396,-269.27006,0.63173,0.891,858.16916,5200,165.03253,0.03568,1.191,-0.05672,2505.93702,1.0,54,Building products — configure-to-order automation,False
707,CRAD-B.ST,C-Rad AB (publ),Stockholm,Healthcare,Medical Devices,Sweden,112.10254,37.5,SEK,55.2,49.7,65.4,63.8,14.0,93.9,34.9,25.33784,16.59292,22.161,2.534,3.5868,2.89106,0.03947,0.06027,-0.00992,0.0028,0.0,-0.04,1.0,none,0.08787,0.06058,0.73923,0.07163,0.06956,-0.119,,-2.57123,11.40237,0.027,3.096,38.7756,113,343.14686,0.50363,0.755,0.09012,93.58014,0.92,66,Devices — embedded intelligence differentiates hardware,False
708,BKR,Baker Hughes Company,USA,Energy,Oil & Gas Equipment & Services,United States,48495.80643,55.95,USD,55.1,60.9,44.2,56.2,63.1,61.9,64.4,17.8754,19.67396,11.598,2.005,2.87306,1.98997,0.05594,0.05083,0.05677,0.0164,0.2939,0.2568,22.0,buy,0.17184,0.05011,0.23644,0.12282,0.11171,0.025,1.325,0.04771,-200.95067,0.82935,2.132,24370.11498,53000,459.81349,0.00151,0.96,0.40402,418244.28682,1.0,48,Oil & gas — commodity price dominates; ops optimisation real but capped,False
709,EXPD,"Expeditors International of Washington, Inc.",USA,Industrials,Integrated Freight & Logistics,United States,20888.96215,182.8,USD,55.1,56.0,53.5,64.2,47.7,75.2,42.2,29.48387,26.04545,20.359,2.07,10.56464,2.13746,0.03392,0.03839,0.03276,0.0089,0.2488,-0.14348,14.0,hold,0.36641,0.14173,0.1362,0.10594,0.07475,0.044,0.163,-0.66064,656.59958,0.24708,1.789,9772.8174,20361,479.97728,0.00623,1.038,0.62431,197344.59055,1.0,62,"Logistics — routing, pricing and warehouse automation",False
710,TSCO,Tractor Supply Company,USA,Consumer Cyclical,Specialty Retail,United States,13980.03692,30.51,USD,55.1,51.7,61.4,65.7,34.3,29.3,58.1,15.02956,13.80762,11.364,1.418,6.37884,1.02248,0.06654,0.07242,0.02192,0.0315,0.4581,0.3074,27.0,buy,0.45504,0.0823,0.36425,0.06499,0.06909,0.036,-0.081,3.16794,-5403.40589,2.54949,1.38,13672.65376,52000,262.93565,0.00249,0.456,-0.46856,346204.27302,1.0,64,"Retail — inventory, pricing and service automation",False
711,VALMT.HE,Valmet Oyj,Helsinki,Industrials,Specialty Industrial Machinery,Finland,4119.55251,22.36,EUR,55.1,53.4,58.4,49.9,29.3,49.0,75.9,16.2029,9.84458,7.538,0.952,1.71223,0.78363,0.06172,0.09615,0.08548,0.0604,0.9783,0.22242,6.0,buy,0.10457,0.04863,0.27677,0.07154,0.04813,0.051,-0.441,1.3253,-879.99994,0.61235,1.168,5256.99994,18370,286.1731,0.22073,1.078,-0.17673,9070.62468,1.0,62,Machinery — predictive maintenance and embedded software,False
712,CRNO-B.ST,Cereno Scientific AB (publ),Stockholm,Healthcare,Drug Manufacturers - Specialty & Generic,Sweden,127.85839,4.52,SEK,55.1,52.2,60.6,32.7,96.8,56.7,42.9,,-21.52381,-19.462,22.669,6.15804,21.11166,-0.08407,-0.04646,-0.09864,,0.0,3.42478,1.0,strong_buy,-0.61288,-0.12038,1.0,-0.562,-1.81609,1.373,,,-9.43282,0.76425,2.199,6.05629,10,605.62914,0.28712,-0.367,-0.50547,327.24185,0.83,62,Pharma — AI aids discovery but cycles are long and regulated,False
713,ADVE.ST,Advenica AB (publ),Stockholm,Technology,Software - Infrastructure,Sweden,65.38407,16.4,SEK,55.1,38.0,86.8,26.4,7.8,76.0,52.6,149.09091,164.0,-58.988,3.748,7.11188,4.23189,0.00671,0.0061,-0.01542,0.0085,0.8182,,,none,-0.11435,-0.03744,0.41969,-0.13446,-0.07287,-0.221,,,6.14867,0.11695,1.888,15.45031,118,130.93481,0.6208,,-0.30508,122.9243,0.83,92,Software economics — AI compounds both the product and dev productivity,False
714,PRESRV.ST,Preservium Property AB,Stockholm,Real Estate,Real Estate Services,Sweden,22.89607,54.5,SEK,55.1,59.7,46.7,79.3,21.9,4.2,89.9,2.85191,,,15.166,0.62137,3.28822,0.35064,,0.08533,,0.0,,,none,0.24453,0.02644,0.85711,0.76036,1.15307,-0.031,-0.179,,-82.70591,2.59708,0.135,6.96306,,,0.68239,0.598,0.35572,19.90748,0.83,40,Real estate — asset returns dominate; admin automation marginal,False
715,SDOS.ST,ScandiDos AB (publ),Stockholm,Healthcare,Medical Devices,Sweden,4.44398,0.86,SEK,55.1,47.6,68.9,40.2,56.6,54.7,46.8,,4.3,-62.48,0.769,1.17647,0.84401,-0.06977,0.23256,-0.05351,,0.0,,,none,-0.07929,-0.02678,0.76242,0.01124,-0.05913,0.077,,,0.39482,,1.481,5.2653,25,210.61218,0.74293,0.534,-0.34351,9.93988,0.75,66,Devices — embedded intelligence differentiates hardware,False
716,HAL,Halliburton Company,USA,Energy,Oil & Gas Equipment & Services,United States,25706.62316,35.22,USD,55.0,60.9,44.0,56.5,59.1,55.7,69.7,19.45857,11.9675,8.621,1.603,2.72812,1.3272,0.05139,0.08356,0.06889,0.0193,0.3757,0.25043,25.0,buy,0.14627,0.07375,0.15283,0.12569,0.06947,-0.003,1.335,1.47417,-5310.34864,0.74651,2.083,19369.05581,46000,421.06643,0.00464,0.725,0.66289,363349.57846,1.0,48,Oil & gas — commodity price dominates; ops optimisation real but capped,False
717,LIFCO-B.ST,Lifco AB (publ),Stockholm,Industrials,Conglomerates,Sweden,13495.41575,327.8,SEK,55.0,54.1,56.6,71.0,57.9,44.2,36.7,38.61013,41.07769,22.468,5.454,7.30181,5.08911,0.0259,0.02434,0.02798,0.0082,0.3184,0.0784,6.0,buy,0.20182,0.0821,0.4413,0.19324,0.13166,0.108,0.178,1.48226,-954.15578,0.57938,0.944,2651.82247,8140,325.77672,0.47623,1.167,-0.06981,15675.42492,1.0,58,Conglomerate — mixed exposure,False
718,TEQ.ST,Teqnion AB (publ),Stockholm,Industrials,Conglomerates,Sweden,256.72107,165.0,SEK,55.0,53.3,58.3,58.3,52.2,50.1,49.7,29.25532,,16.368,1.78,3.08636,1.51406,0.03418,,0.04728,,0.0,,,none,0.10943,0.03497,0.48485,0.14228,0.05175,0.168,-0.044,2.43707,-44.9297,0.73166,1.895,169.5582,614,276.15342,0.33339,0.579,0.06589,190.05346,1.0,58,Conglomerate — mixed exposure,False
719,ABT,Abbott Laboratories,USA,Healthcare,Medical Devices,United States,153217.06091,100.68,USD,54.9,50.1,63.9,65.0,39.7,44.9,42.1,28.20168,16.59562,17.093,4.354,3.36846,3.76443,0.03546,0.06026,,0.025,0.6723,0.17534,24.0,buy,,,0.56767,0.14151,0.11645,0.13,-0.475,2.26182,-23450.98277,0.64773,,40701.31563,122000,333.61734,0.00491,0.607,-0.19081,1185748.92911,0.67,66,Devices — embedded intelligence differentiates hardware,False
720,GE,GE Aerospace,USA,Industrials,Aerospace & Defense,United States,316220.79674,348.83,USD,54.9,51.8,60.7,67.1,66.6,39.7,30.2,41.13561,39.94302,32.434,7.355,20.15543,7.14732,0.02431,0.02504,0.01822,0.0054,0.1958,0.14055,21.0,strong_buy,0.48232,0.05065,0.31051,0.20571,0.17716,0.211,0.194,0.89567,-8986.00538,1.13225,0.982,44243.29519,57000,776.19816,0.00304,1.348,0.32706,1701309.31666,1.0,72,Defence — autonomy and sensor fusion are budget priorities,False
721,DIS,The Walt Disney Company,USA,Communication Services,Entertainment,United States,148183.9547,97.67,USD,54.9,50.3,63.4,57.1,33.6,41.1,58.2,15.6272,13.06531,11.049,2.24,1.56781,1.74378,0.06399,0.07654,0.02212,0.0154,0.2,0.30688,30.0,strong_buy,0.1101,0.04449,0.3716,0.15512,0.1154,0.065,-0.298,2.11339,-36412.32338,0.41069,0.679,84978.68696,175560,484.04356,0.00062,1.398,-0.19174,826625.58992,1.0,72,Entertainment — content pipeline productivity,False
722,BUFAB.ST,Bufab AB (publ),Stockholm,Industrials,Industrial Distribution,Sweden,2389.64954,139.0,SEK,54.9,53.1,58.2,62.4,65.0,49.5,36.1,37.77174,7.80023,24.772,3.572,6.20647,3.16273,0.02647,0.1282,0.0286,0.0094,0.3533,-0.02878,2.0,buy,0.1734,0.06942,0.33133,0.13598,0.08397,0.111,0.341,2.90433,-316.42041,0.88878,2.593,755.5659,1905,396.62252,0.30274,1.352,0.4627,1807.38713,1.0,64,"Distribution — pricing, inventory and sales automation",False
723,BOREO.HE,Boreo Oyj,Helsinki,Industrials,Industrial Distribution,Finland,53.52461,19.85,EUR,54.9,53.8,57.0,39.5,75.4,39.8,63.1,36.09091,9.2757,10.215,0.547,2.57324,0.33706,0.02771,0.10781,0.1107,,0.0,-0.04282,1.0,none,0.07479,0.02596,0.28778,0.02278,0.02204,0.162,,3.75294,-31.9,0.70115,1.378,158.8,361,439.8892,0.84087,0.752,0.28896,15.6815,0.92,64,"Distribution — pricing, inventory and sales automation",False
724,TEKOVA.HE,Tekova Oyj,Helsinki,Industrials,Engineering & Construction,Finland,52.85242,1.21,EUR,54.9,53.4,57.7,16.6,,,96.4,6.36842,6.54054,,,,,0.15702,0.15289,,0.0744,0.2139,0.21901,2.0,none,,,0.0,0.0,0.0,,,,,,,,,,0.0,,0.34146,44.85107,0.25,66,"Engineering — design, tendering and site planning automate",False
725,EXPRS2.ST,ExpreS2ion Biotech Holding AB (publ),Stockholm,Healthcare,Biotechnology,Sweden,1.28101,1.43,SEK,54.9,48.1,67.4,25.4,96.7,79.5,26.5,,-0.06387,0.369,-0.965,0.19107,0.87685,-2.3007,-15.65734,-2.68905,,0.0,3.1958,1.0,none,-0.93408,-0.41551,0.7514,-1.73864,-2.24811,1.323,,,1.86698,0.04713,1.873,1.46092,19,76.89041,0.00107,2.171,-0.9437,10.7114,0.83,60,"Biotech — discovery upside, binary science risk dominates",False
726,NETUM.HE,Netum Group Oyj,Helsinki,Technology,Information Technology Services,Finland,12.88799,1.025,EUR,54.9,39.9,82.7,40.9,6.5,27.1,67.3,14.64286,11.38889,13.388,0.554,0.84362,0.34083,0.06829,0.0878,0.07642,0.0476,0.7143,0.02439,1.0,none,0.05625,0.02977,0.16076,0.09803,0.02269,-0.225,-0.669,5.1477,-8.051,0.54075,0.547,37.814,329,114.93617,0.68195,0.191,-0.45479,2.74085,1.0,90,IT services — delivery is labor-hours that AI directly automates,False
727,HONA,Honeywell Aerospace Inc.,USA,Industrials,Aerospace & Defense,United States,58601.13376,211.625,USD,54.8,49.1,65.3,55.5,53.9,42.5,41.8,44.45903,21.03593,,,,3.79326,0.02249,0.04754,,,0.0,0.24362,11.0,buy,,,0.34894,0.20152,0.14388,0.068,,3.89417,-13245.29255,,1.611,15448.76374,,,0.0,,0.05815,529389.02989,0.5,72,Defence — autonomy and sensor fusion are budget priorities,False
728,JBL,Jabil Inc.,USA,Technology,Electronic Components,United States,27558.21366,301.01,USD,54.8,50.5,62.9,54.2,63.3,31.9,46.9,37.72055,17.97437,14.238,1.016,23.84993,0.93903,0.02651,0.05563,0.03841,0.0011,0.0401,0.46654,9.0,buy,0.65876,0.05011,0.09226,0.05211,0.02566,0.118,0.276,1.0776,-2256.76722,2.97136,0.981,29347.58352,135000,217.38951,0.01192,1.279,0.34861,356512.03196,1.0,68,Components — factory automation and quality inspection,False
729,ASKER.ST,Asker Healthcare Group AB (publ),Stockholm,Healthcare,Medical Distribution,Sweden,2968.38975,85.5,SEK,54.8,50.9,62.1,52.7,80.1,38.2,35.6,54.80769,,22.258,2.187,4.79287,1.89162,0.01825,,0.03115,0.0046,0.0,0.12515,5.0,strong_buy,0.09336,0.04557,0.4105,0.06857,0.03431,0.132,1.72,2.98236,-459.81114,0.87586,1.307,1569.23128,4781,328.2224,0.0236,,-0.14875,3039.86063,1.0,66,Healthcare sector default,False
730,ITAB.ST,ITAB Group AB (publ),Stockholm,Industrials,Business Equipment & Supplies,Sweden,368.35525,15.92,SEK,54.8,53.8,56.7,39.2,60.3,36.5,75.3,20.41026,10.01258,8.224,0.574,0.97364,0.31646,0.04899,0.09987,0.1815,,0.0,0.40939,4.0,strong_buy,0.05142,0.03179,0.23548,0.04311,0.0155,-0.013,2.56,3.43144,-278.98653,0.84782,1.275,1163.98483,5300,219.61978,0.4984,1.347,-0.17769,424.67224,1.0,58,Industrials sector default,False
731,SANOMA.HE,Sanoma Oyj,Helsinki,Consumer Defensive,Education & Training Services,Finland,1434.58483,8.83,EUR,54.8,46.2,70.8,48.9,32.6,21.5,64.4,58.86666,9.57254,8.581,1.629,2.62485,1.10141,0.01699,0.10447,0.16746,0.0634,2.571,0.37486,5.0,strong_buy,0.03771,0.04322,0.70004,-0.13207,0.01881,0.0,,2.77427,-685.8,1.28303,0.391,1302.49997,4500,289.44444,0.59815,0.237,-0.08592,459.47788,0.92,72,Education — content generation and personalised delivery,False
732,LINDEX.HE,Lindex Group Oyj,Helsinki,Consumer Cyclical,Apparel Retail,Finland,381.59219,2.325,EUR,54.8,49.9,63.9,44.7,44.3,16.5,76.3,13.67647,11.07143,11.715,1.004,0.89595,0.39778,0.07312,0.09032,0.23291,,0.0,0.11828,1.0,strong_buy,0.05884,0.0289,0.58428,-0.06839,0.02783,0.038,,7.45499,-612.8,1.60469,0.902,959.29997,5794,165.56782,0.30465,0.726,-0.13408,210.23347,0.92,60,Apparel — demand forecasting and design assistance,False
733,OURLIV.ST,OurLiving AB,Stockholm,Technology,Software - Application,Sweden,3.46933,0.354,SEK,54.8,35.0,91.6,37.1,54.4,19.3,27.6,,,35.744,3.96,35.4,3.72992,-0.0,,0.02511,,0.0,,,none,-0.47051,-0.00501,0.99113,-0.11906,-0.03654,0.07,,2.08004,-0.21436,2.51787,0.255,0.93014,7,132.87663,0.76964,1.558,1.07018,3.5254,0.92,92,Software economics — AI compounds both the product and dev productivity,False
734,JBHT,"J.B. Hunt Transport Services, Inc.",USA,Industrials,Integrated Freight & Logistics,United States,23907.40299,291.41,USD,54.7,54.0,56.0,56.2,74.8,57.9,35.5,41.5114,28.87054,17.222,2.268,7.48337,2.15438,0.02409,0.03464,,0.0062,0.2532,0.0482,22.0,buy,0.18448,0.0738,0.18505,0.07423,0.05311,0.194,0.456,0.86077,-1258.01624,0.39486,1.255,11097.13483,31750,349.51606,0.20435,1.294,0.97432,254374.76154,0.92,62,"Logistics — routing, pricing and warehouse automation",False
735,NOKIA.HE,Nokia Oyj,Helsinki,Technology,Communication Equipment,Finland,49416.59341,8.852,EUR,54.7,46.3,70.4,45.0,39.4,75.8,37.7,63.22857,21.95927,18.563,2.355,2.33747,2.47132,0.01582,0.04554,0.03232,0.0158,1.0,0.22078,22.0,hold,0.03725,0.02756,0.45359,0.05292,0.03981,0.024,,-0.98739,2505.00019,0.1563,1.567,19996.00026,78005,256.34255,0.06678,0.794,1.15692,142849.28278,0.92,74,"Network equipment — AI traffic drives demand, ops automate",False
736,BHOLM.ST,Bergholm Fritidsfordon Ab,Stockholm,Consumer Cyclical,Recreational Vehicles,Sweden,13.20541,10.1,SEK,54.7,58.7,47.4,27.1,57.0,82.2,84.9,4.41048,,6.016,0.233,1.50387,0.24547,0.22673,,,,0.0,,,none,,,0.13071,0.0416,0.05557,0.079,,-0.32208,0.67105,0.0111,1.847,53.79579,23,2338.94752,,,-0.02885,1.74852,0.67,60,Consumer Cyclical sector default,False
737,ALBERT.ST,eEducation Albert AB (publ),Stockholm,Technology,Software - Application,Sweden,10.47722,4.6,SEK,54.7,37.3,87.0,24.4,8.9,52.9,63.5,,,-5.121,0.34,3.67412,0.64358,-0.48043,,0.24277,,0.0,0.34783,1.0,none,-0.93319,-0.22371,0.61668,-0.45258,-0.30998,-0.194,,,4.93891,0.09805,0.806,16.27956,77,211.42288,0.41162,-0.162,0.4375,7.1234,0.83,92,Software economics — AI compounds both the product and dev productivity,False
738,SBI.HE,Sunborn International Plc,Helsinki,Consumer Cyclical,Lodging,Finland,98.65152,0.1735,EUR,54.7,48.3,66.7,60.9,,41.5,37.0,,-8.675,15.466,5.084,1.2305,5.15575,-0.05764,-0.11527,0.0353,,0.0,0.15274,1.0,none,-0.10282,0.01483,0.86646,0.68321,-0.21093,,,-0.21724,1.36644,,0.1,19.13428,287,66.66995,0.90455,1.004,-0.1816,12.60686,0.75,58,Lodging — revenue management and service automation,False
739,DG,Dollar General Corporation,USA,Consumer Defensive,Discount Stores,United States,24235.36354,125.75,USD,54.6,51.1,61.2,54.7,43.8,25.0,64.8,17.78642,15.70375,12.453,0.979,3.13669,0.64396,0.05622,0.06368,0.06787,0.0188,0.3338,0.04093,29.0,buy,0.1891,0.04632,0.30827,0.05919,0.03632,0.034,0.124,4.26426,-12620.84855,1.78649,1.169,37634.93843,194000,193.99453,0.00282,0.247,0.16868,377203.32973,1.0,62,Discount retail — supply-chain automation at scale,False
740,AFRY.ST,Afry AB,Stockholm,Industrials,Engineering & Construction,Sweden,1061.40245,103.4,SEK,54.6,49.2,64.5,41.0,28.6,37.4,78.3,14.81375,7.67632,9.628,0.708,0.91852,0.46523,0.0675,0.13027,0.21231,0.058,0.8596,0.35977,5.0,buy,0.06259,0.0353,0.18203,0.05821,0.03139,-0.024,0.003,3.2973,-552.89731,0.57224,1.026,2281.47177,17301,131.86936,0.11754,0.938,-0.32418,3693.34242,1.0,66,"Engineering — design, tendering and site planning automate",False
741,FMM-B.ST,FM Mattsson AB (publ),Stockholm,Industrials,Building Products & Equipment,Sweden,302.96272,79.0,SEK,54.6,55.6,52.8,57.1,31.1,83.6,56.1,24.53416,19.22141,13.792,1.602,3.00232,1.67922,0.04076,0.05203,0.05494,0.0316,0.6211,0.26582,1.0,none,0.12555,0.06091,0.38025,0.08369,0.0683,0.04,-0.215,-0.66252,13.88588,0.07698,2.41,180.41909,557,323.91219,0.40394,0.545,0.34354,102.05823,1.0,54,Building products — configure-to-order automation,False
742,BACTI-B.ST,Bactiguard Holding AB (publ),Stockholm,Healthcare,Medical Devices,Sweden,49.23326,15.5,SEK,54.6,45.2,72.1,40.9,68.0,47.6,33.9,,172.22221,20.926,3.174,1.78407,2.62479,-0.01548,0.00581,0.03545,,0.0,0.35484,1.0,strong_buy,-0.02855,-0.00088,0.8737,-0.09598,-0.04234,0.119,,3.61851,-10.29359,0.51599,1.649,18.757,164,114.37193,0.53687,0.406,-0.43636,6.71544,0.92,66,Devices — embedded intelligence differentiates hardware,False
743,FORTUM.HE,Fortum Oyj,Helsinki,Utilities,Utilities - Renewable,Finland,17842.10432,19.885,EUR,54.5,60.8,42.7,58.7,65.2,62.7,59.3,21.61413,21.35096,15.116,3.635,2.17751,3.34184,0.04627,0.04684,0.07316,0.0372,0.8043,-0.1096,18.0,underperform,0.09157,0.03642,0.40438,0.26104,0.15415,0.213,0.16,1.1581,-1486.99981,0.48465,2.078,5338.99981,4535,1177.28772,0.5295,0.094,0.24788,15040.73561,1.0,48,Utilities — grid optimisation inside a regulated envelope,False
744,WTG.ST,Wonderful Times Group AB,Stockholm,Consumer Cyclical,Leisure,Sweden,4.07082,10.2,SEK,54.5,56.7,50.3,43.5,51.4,87.9,60.1,11.59091,,10.263,0.631,0.77555,0.51701,0.08627,,0.01059,0.0294,0.1364,,,none,0.06954,0.04748,0.26527,0.02314,0.04525,0.061,,-0.37397,0.18101,,5.292,7.8738,12,656.15013,0.7026,0.271,0.02,0.71188,0.83,58,Leisure — dynamic pricing and personalisation,False
745,DRI,"Darden Restaurants, Inc.",USA,Consumer Cyclical,Restaurants,United States,19866.74397,198.53,USD,54.4,56.1,51.2,66.2,68.6,12.2,57.8,19.01628,16.02776,14.18,2.307,10.27961,1.7212,0.05259,0.06239,0.04729,0.0308,0.5747,0.15012,24.0,buy,0.53718,0.07817,0.21668,0.14335,0.09134,0.137,0.36,3.62046,-6797.386,3.62378,0.314,11542.36408,,,0.00288,0.585,-0.04004,217450.61426,1.0,55,Restaurants — ordering and kitchen workflow automation,False
746,METSO.HE,Metso Oyj,Helsinki,Industrials,Farm & Heavy Construction Machinery,Finland,12628.73088,15.25,EUR,54.4,53.0,57.1,61.2,40.3,55.7,50.5,26.2931,17.69552,16.011,2.61,4.5105,2.39181,0.03803,0.05651,0.04388,0.0262,0.6552,0.11924,19.0,buy,0.1757,0.0626,0.32519,0.13179,0.08125,0.033,0.07,1.32001,-1136.0,0.55153,1.52,5280.0,17572,300.47803,0.16879,1.2,0.29292,17585.385,1.0,60,Heavy equipment — autonomy retrofit is slow but real,False
747,CAPMAN.HE,CapMan Oyj,Helsinki,Financial Services,Asset Management,Finland,309.84454,1.752,EUR,54.4,44.8,72.2,47.1,51.0,53.8,33.4,25.02857,10.61818,29.893,5.317,1.71261,4.6726,0.03995,0.09418,3e-05,0.0742,1.8571,0.11301,2.0,buy,0.07961,0.01573,0.39024,0.12478,0.1873,0.252,-0.186,3.13828,-37.016,0.56714,2.501,66.311,200,331.555,0.35501,0.49,-0.08176,184.18075,1.0,80,Asset management — research and back-office automation,False
748,ODFL,"Old Dominion Freight Line, Inc.",USA,Industrials,Trucking,United States,42489.17171,233.84,USD,54.3,52.3,58.0,74.7,27.0,78.4,29.9,48.81837,36.11479,28.324,8.868,11.06254,8.91299,0.02048,0.02769,0.01772,0.005,0.2359,-0.017,22.0,hold,0.23331,0.15029,0.38946,0.23776,0.18461,-0.029,-0.042,-0.14523,216.75273,0.00909,1.565,4767.10551,20264,235.24998,0.08215,1.184,0.4324,396223.31979,1.0,58,"Trucking — dispatch automation, driver cost exposure",False
749,PH,Parker-Hannifin Corporation,USA,Industrials,Specialty Industrial Machinery,United States,105007.22285,953.21,USD,54.3,51.8,58.9,71.7,46.4,45.7,35.3,35.21278,27.95073,23.599,6.161,8.2269,5.72673,0.0284,0.03578,0.02308,0.0084,0.2657,0.09073,23.0,buy,0.24842,0.09541,0.37442,0.21528,0.16582,0.106,-0.042,1.66198,-7955.91254,0.65554,1.129,18336.34316,57950,316.41662,0.00187,1.11,0.34025,616079.13279,1.0,62,Machinery — predictive maintenance and embedded software,False
750,PM,Philip Morris International Inc.,USA,Consumer Defensive,Tobacco,United States,262783.35863,192.98,USD,54.3,56.8,49.8,86.3,42.5,34.4,43.2,27.18028,21.11409,18.784,8.417,,7.24871,0.03679,0.04736,0.02851,0.0305,0.8109,0.00973,14.0,buy,,0.15456,0.67281,0.36044,0.26742,0.091,-0.093,2.50145,-40637.53558,,0.976,36252.43532,84900,427.00159,0.00163,0.405,0.06926,840009.36315,0.83,48,Tobacco — limited AI surface,False
751,INTEA-B.ST,Intea Fastigheter AB ser. B,Stockholm,Real Estate,Real Estate Services,Sweden,1932.59085,73.7,SEK,54.3,62.0,39.9,75.5,89.7,11.3,53.1,10.77485,,25.637,20.442,1.62873,12.13538,0.09281,,0.03576,0.0136,0.1462,0.17368,4.0,strong_buy,0.13195,0.03079,0.8321,0.80088,0.91064,0.266,3.735,10.18059,-1292.78272,1.09835,0.067,159.25255,71,2242.99362,0.24394,,-0.07003,2239.05165,1.0,40,Real estate — asset returns dominate; admin automation marginal,False
752,CNCJO-B.ST,Concejo AB (publ),Stockholm,Industrials,Building Products & Equipment,Sweden,49.72695,46.9,SEK,54.3,54.6,53.8,44.5,57.3,90.5,46.5,2.84587,24.55498,367.939,0.794,0.7112,1.07574,0.35139,0.04072,0.01969,0.0213,0.0,,,none,0.26085,-0.0008,0.4202,-0.09666,0.37824,-0.098,29.082,-131.72727,13.13358,0.05023,2.604,46.22584,153,302.12968,0.81136,0.683,0.15233,13.80288,1.0,54,Building products — configure-to-order automation,False
753,SIMRIS-B.ST,Simris Group AB (PUBL),Stockholm,Healthcare,Biotechnology,Sweden,14.49774,0.1185,SEK,54.2,45.9,69.5,29.0,97.2,29.8,39.5,,,-10.658,79.357,29.625,85.08006,-0.25316,,-0.08895,,0.0,,,none,-12.23239,-0.12063,1.01543,-13.26887,0.0,1.667,,,0.97518,,0.991,0.1704,5,34.08023,0.07238,0.866,-0.33983,2.38905,0.75,60,"Biotech — discovery upside, binary science risk dominates",False
754,RAKE.ST,Raketech Group Holding PLC,Stockholm,Communication Services,Advertising Agencies,Malta,7.37833,1.8,SEK,54.2,45.1,71.1,39.6,4.9,65.5,68.2,,0.77586,1.07942,0.29793,0.22914,0.30702,-0.01667,1.28889,2.70872,,0.0,,,none,0.0052,0.01997,0.4063,0.05138,-0.51612,-0.36,,-0.36333,2.41,0.1179,0.977,24.03227,59,407.32664,0.3946,0.371,-0.35599,2.10202,0.92,80,"Advertising — targeting, creative and buying are AI-disrupted/enabled",False
755,TGT,Target Corporation,USA,Consumer Defensive,Discount Stores,United States,55397.02051,139.6,USD,54.1,51.0,60.0,55.0,34.9,33.4,66.0,18.44122,15.64466,9.485,0.744,3.86725,0.59604,0.05423,0.06392,0.04954,0.0332,0.5997,-0.0423,34.0,buy,0.22015,0.05675,0.28139,0.0452,0.03243,0.067,-0.247,1.88615,-13750.29044,1.17548,0.932,92941.59023,415000,223.95564,0.00265,0.981,0.37253,623920.83453,1.0,62,Discount retail — supply-chain automation at scale,False
756,XYL,Xylem Inc.,USA,Industrials,Specialty Industrial Machinery,United States,25498.06691,122.78,USD,54.1,51.9,58.1,55.3,43.9,67.2,45.7,30.61845,20.10829,16.053,3.376,2.60513,3.21021,0.03266,0.04973,0.03286,0.014,0.4055,0.22793,17.0,buy,0.08724,0.05006,0.3861,0.12894,0.10791,0.027,0.145,0.65533,-1094.74608,0.18354,1.463,7942.80721,22000,361.03669,0.00324,1.023,-0.06943,222169.66246,1.0,62,Machinery — predictive maintenance and embedded software,False
757,ESSITY-B.ST,Essity AB (publ),Stockholm,Consumer Defensive,Household & Personal Products,Sweden,17382.24135,282.8,SEK,54.1,55.0,52.4,59.7,31.7,49.8,67.7,15.95037,21.39183,9.312,1.658,2.19465,1.394,0.06269,0.04675,0.04682,0.0309,0.4935,-0.03725,15.0,hold,0.13964,0.06621,0.3329,0.12624,0.08808,0.026,-0.103,1.45909,-3239.07189,0.45728,1.088,12469.28382,36000,346.36899,0.07739,0.367,0.15617,37556.67213,1.0,55,Staples — marketing and supply-chain optimisation,False
758,ADDT-B.ST,Addtech AB (publ.),Stockholm,Industrials,Industrial Distribution,Sweden,8401.42219,343.2,SEK,54.1,52.1,57.9,68.2,48.8,53.8,34.8,41.65049,43.77551,25.736,4.285,11.86763,4.02375,0.02401,0.02284,0.02792,0.0105,0.3879,0.1143,7.0,strong_buy,0.26891,0.09626,0.33565,0.14371,0.0965,0.057,0.148,1.41773,-492.80371,0.74526,1.758,2087.95779,4962,420.78956,0.02031,1.136,0.01719,11686.47309,1.0,64,"Distribution — pricing, inventory and sales automation",False
759,NIVI-B.ST,Nivika Fastigheter AB (publ),Stockholm,Real Estate,Real Estate Services,Sweden,312.48252,38.1,SEK,54.1,61.7,40.1,67.4,83.3,17.7,62.8,9.04988,,18.632,12.698,0.61561,4.07031,0.1105,,0.05827,0.0189,0.1568,0.25984,2.0,strong_buy,0.07057,0.02587,0.72255,0.68161,0.47462,0.155,2.683,12.66003,-662.38912,1.29272,0.95,76.77115,60,1279.51918,0.64051,1.126,-0.11601,378.35508,1.0,40,Real estate — asset returns dominate; admin automation marginal,False
760,GOMX.ST,GomSpace Group AB (publ),Stockholm,Industrials,Aerospace & Defense,Denmark,204.77707,13.02,SEK,54.1,45.8,69.4,32.0,94.4,72.7,16.1,,-31.7561,176.277,4.78,10.23585,5.11374,-0.01306,-0.03149,-0.05875,,0.0,-0.07834,1.0,none,-0.20425,0.01194,0.37002,0.03719,-0.05896,0.824,,-7.04992,7.65455,0.60154,2.006,40.04445,208,192.52138,0.51376,1.691,-0.225,768.96287,0.92,72,Defence — autonomy and sensor fusion are budget priorities,False
761,ADTR.ST,Adtraction Group AB,Stockholm,Communication Services,Advertising Agencies,Sweden,55.99542,37.2,SEK,54.1,48.6,64.3,20.5,66.7,69.7,58.7,,-112.72727,8.426,0.396,2.97101,0.50657,-0.02527,-0.00887,0.10419,0.0591,10.6461,,,none,-0.07094,-0.0149,0.08199,-0.00867,-0.0128,0.115,,-2.3298,12.11824,,1.253,110.53776,133,831.11101,0.76807,1.135,0.22772,30.72691,0.83,80,"Advertising — targeting, creative and buying are AI-disrupted/enabled",False
762,REBL.HE,Rebl Group Oyj,Helsinki,Communication Services,Publishing,Finland,14.77048,1.18,EUR,54.1,42.6,75.4,33.9,51.4,37.7,49.3,,-6.94118,13.099,0.28,0.37772,0.13227,-0.18644,-0.14407,0.15681,,0.0,0.01695,1.0,none,-0.06143,-0.029,0.58292,-0.01514,-0.02473,0.061,,6.8062,-16.26,0.67046,1.543,111.668,622,179.53055,0.93176,0.259,-0.18056,1.57176,0.92,76,Publishing — content production economics shift with AI,False
763,FIX,"Comfort Systems USA, Inc.",USA,Industrials,Engineering & Construction,United States,51460.99658,1674.06,USD,54.0,51.4,58.9,67.1,51.2,59.8,29.0,48.31342,30.90429,35.225,6.034,91.20458,5.81116,0.0207,0.03236,0.01867,0.0016,0.065,0.23293,7.0,strong_buy,0.53294,0.17266,0.25128,0.07885,0.12073,0.01,0.388,0.13441,-203.90498,0.45489,1.24,8855.55014,22700,390.11234,0.0116,1.66,2.07195,697704.90592,1.0,66,"Engineering — design, tendering and site planning automate",False
764,FTV,Fortive Corporation,USA,Technology,Scientific & Technical Instruments,United States,16455.53993,61.78,USD,54.0,47.8,65.4,60.3,38.9,34.4,45.8,36.12865,19.17806,18.542,5.211,3.10374,4.44688,0.02768,0.05214,0.05063,0.0039,0.1526,0.03967,13.0,hold,0.06814,0.03251,0.63255,0.17926,0.12837,0.077,-0.124,2.71047,-2818.55625,0.58806,0.708,3700.46903,10000,370.0469,0.00409,0.977,0.23215,166502.35094,1.0,68,Instruments — measurement + software attach,False
765,CATE.ST,Catena AB (publ),Stockholm,Real Estate,Real Estate - Diversified,Sweden,2384.35969,396.2,SEK,54.0,61.8,39.5,71.6,86.5,13.6,57.9,11.64267,15.49472,22.213,17.955,0.96057,9.1851,0.08589,0.06454,0.05179,0.024,0.2717,0.25599,8.0,strong_buy,0.08514,0.02812,0.82786,0.84864,0.75035,0.255,1.644,10.84924,-2276.4866,0.93095,0.114,259.58982,68,3817.49733,0.30274,1.262,-0.15702,2626.64803,1.0,40,Real estate — asset returns dominate; admin automation marginal,False
766,NCAB.ST,NCAB Group AB (publ),Stockholm,Technology,Electronic Components,Sweden,1243.90011,73.4,SEK,54.0,50.9,59.7,59.5,68.9,52.9,27.7,60.16393,31.91304,33.423,3.754,8.6792,3.55651,0.01662,0.03134,0.01592,0.015,0.0,0.15804,3.0,buy,0.15552,0.0644,0.34943,0.10347,0.05923,0.12,0.432,1.76013,-69.14842,0.73346,1.826,349.75296,656,533.15999,0.05395,1.051,0.33455,2403.76432,1.0,68,Components — factory automation and quality inspection,False
767,MODU.HE,Modulight Oyj,Helsinki,Healthcare,Medical Devices,Finland,46.09731,1.085,EUR,54.0,45.0,70.8,36.6,25.3,91.0,44.9,,-21.7,-30.722,3.788,1.05545,4.41926,-0.08295,-0.04608,-0.06398,,0.0,0.47465,2.0,none,-0.08638,-0.0506,0.9048,-0.43553,-0.3783,-0.031,,,6.589,0.05701,4.369,10.431,62,168.24194,0.67084,1.769,-0.1092,21.84213,0.83,66,Devices — embedded intelligence differentiates hardware,False
768,ENERS.ST,Enersize Oyj,Stockholm,Technology,Software - Application,Sweden,1.03486,0.0014,SEK,54.0,38.9,81.9,22.2,95.5,4.0,38.1,,,-1.65099,3.09749,,3.01339,-0.0,,-0.68152,,0.0,,,none,,-1.20306,0.45017,-0.36865,0.0,0.927,,,-0.31863,,0.238,0.34342,1,343.42,0.36307,0.908,-0.36364,7.61702,0.67,92,Software economics — AI compounds both the product and dev productivity,False
769,KMB,Kimberly-Clark Corporation,USA,Consumer Defensive,Household & Personal Products,United States,31423.2635,108.35,USD,53.9,55.0,51.9,75.0,45.8,23.5,53.4,20.95745,14.33586,12.727,2.576,20.02403,2.17237,0.04772,0.06976,0.02932,0.0473,0.9787,0.07122,15.0,hold,1.11727,0.10164,0.37147,0.19649,0.12799,0.027,0.179,1.95882,-5734.96685,3.71264,0.766,14464.97784,36000,401.80494,0.00707,0.279,-0.1449,442285.25816,1.0,55,Staples — marketing and supply-chain optimisation,False
770,LOW,"Lowe's Companies, Inc.",USA,Consumer Cyclical,Home Improvement Retail,United States,102308.11436,208.73,USD,53.9,53.7,54.2,61.9,46.8,32.5,59.4,17.64412,15.48711,12.607,1.796,,1.32412,0.05668,0.06457,0.04113,0.024,0.4057,0.26349,33.0,none,,0.12792,0.33293,0.11067,0.0751,0.103,-0.007,3.31587,-36494.44849,,1.093,77264.78793,167000,462.6634,0.00105,0.85,-0.05514,542760.59804,0.83,60,Consumer Cyclical sector default,False
771,NVR,"NVR, Inc.",USA,Consumer Cyclical,Residential Construction,United States,15305.92628,6490.04,USD,53.9,59.7,43.1,68.3,11.5,81.5,70.9,15.84792,15.63448,10.192,1.711,5.07427,1.76646,0.0631,0.06396,0.07139,,0.0,0.09891,5.0,hold,0.33257,0.17388,0.2249,0.13517,0.12489,-0.214,-0.285,-0.33343,484.84676,0.3122,5.576,8664.74143,6300,1375.35578,0.05472,0.902,-0.12014,159563.59589,1.0,52,"Construction — planning automation, execution stays physical",False
772,AAK.ST,AAK AB (publ.),Stockholm,Consumer Defensive,Packaged Foods,Sweden,5022.9966,212.2,SEK,53.9,57.9,46.6,61.0,43.2,70.3,57.8,15.28818,14.91216,10.56,1.309,2.73944,1.21626,0.06541,0.06706,0.01577,0.0259,0.3965,0.37187,9.0,buy,0.18711,0.09176,0.26207,0.09779,0.07945,-0.009,0.244,0.70032,-358.38623,0.2846,2.067,4129.87082,4000,1032.4677,0.30789,0.458,-0.17432,10871.16292,1.0,55,Consumer staples — demand forecasting and trade-spend optimisation,False
773,FLEXQ.ST,FlexQube AB (publ),Stockholm,Industrials,Specialty Industrial Machinery,Sweden,44.01554,28.2,SEK,53.9,49.7,61.7,29.1,95.2,36.2,50.0,,12.81818,-30.465,3.705,9.31616,3.6868,-0.04965,0.07801,-0.00183,,0.0,,,none,-0.54311,-0.07839,0.50479,0.01214,-0.19262,0.9,,,-0.22288,0.90877,1.149,11.93868,44,271.33374,0.75978,0.574,2.97183,84.23354,0.83,62,Machinery — predictive maintenance and embedded software,False
774,VST,Vistra Corp.,USA,Utilities,Utilities - Independent Power Producers,United States,45792.05282,155.44,USD,53.8,60.6,41.1,72.5,90.4,21.0,46.7,25.99331,14.38346,11.018,3.847,16.83709,2.69538,0.03847,0.06952,-0.00313,0.0059,0.1515,0.43571,18.0,strong_buy,0.42898,0.06022,0.38637,0.26578,0.11525,0.434,,2.93211,-17394.49297,3.66613,0.896,16989.09716,6390,2658.70065,0.00788,1.409,-0.1742,648231.08712,0.92,48,Utilities — grid optimisation inside a regulated envelope,False
775,NYAB.ST,NYAB AB,Stockholm,Industrials,Engineering & Construction,Sweden,396.74392,6.15,SEK,53.8,52.3,56.7,46.9,20.3,74.5,68.7,18.63636,17.57143,11.30267,0.73064,1.87687,0.73418,0.05366,0.05691,0.09146,0.0246,0.3333,0.23577,3.0,none,0.11207,0.0589,0.2165,0.01517,0.04217,-0.062,,-0.60934,21.285,0.06387,1.337,540.392,993,544.20141,0.7441,-0.012,-0.01125,365.25329,0.92,66,"Engineering — design, tendering and site planning automate",False
776,POSTI.HE,Posti Group Oyj,Helsinki,Industrials,Integrated Freight & Logistics,Finland,405.0,10.0,EUR,53.8,48.8,63.2,47.8,28.6,15.9,79.8,13.51351,8.77193,8.118,0.624,1.42898,0.28067,0.074,0.114,0.12914,0.084,0.0,-0.05667,3.0,none,0.11276,0.03708,0.29848,0.05333,0.02079,-0.013,,4.46619,-495.3,1.95695,0.718,1443.00006,13243,108.96323,0.67054,,0.24969,383.37,0.92,62,"Logistics — routing, pricing and warehouse automation",False
777,NYOR.ST,Nyorda AB,Stockholm,Communication Services,Advertising Agencies,Sweden,34.52676,6.32,SEK,53.8,46.6,67.3,27.6,52.2,52.5,62.1,,,-134.356,0.17,1.01201,0.17139,-0.04114,,0.0454,,0.0,0.89873,1.0,none,-0.03539,-0.00137,0.22118,0.01827,-0.00628,-0.006,0.544,,0.22469,0.16329,0.898,201.44588,370,544.44831,0.77781,,-0.16623,17.3862,0.92,80,"Advertising — targeting, creative and buying are AI-disrupted/enabled",False
778,SOSI1.HE,Sotkamo Silver AB,Helsinki,Basic Materials,Silver,Sweden,117.80081,0.346,EUR,53.8,56.6,48.5,55.4,97.4,44.5,37.0,34.6,,,,4.83208,,0.0289,,-0.01774,,0.0,,,none,0.04589,0.11756,0.54897,0.0,0.02634,1.694,,,,0.58604,1.139,,48,,0.0,2.416,2.54145,895.82445,0.75,46,Basic Materials sector default,False
779,ROBIT.HE,Robit Oyj,Helsinki,Industrials,Farm & Heavy Construction Machinery,Finland,25.58756,1.21,EUR,53.8,52.7,55.9,39.5,56.5,54.2,64.9,121.00001,7.5625,8.404,0.543,0.58539,0.32599,0.00826,0.13223,0.27352,,0.0,0.28099,1.0,none,0.00438,0.02038,0.3692,0.06805,0.00167,-0.013,1.03,3.27106,-16.581,0.56082,2.645,78.491,207,379.18357,0.38317,1.181,0.0,39.89491,1.0,60,Heavy equipment — autonomy retrofit is slow but real,False
780,SOUND.ST,Sound Dimension AB,Stockholm,Technology,Consumer Electronics,Sweden,,0.55,SEK,53.8,47.9,64.8,3.0,,70.4,89.0,,,-6.857,137.054,23.91304,,,,,,,,,none,,-1.44076,0.0,-19.80262,0.0,,,,0.30121,0.40653,2.484,0.04723,3,15.74168,0.34151,0.72,-0.30818,71.5383,0.5,66,Consumer electronics — on-device AI features,False
781,BOKUS.ST,Bokusgruppen AB (publ),Stockholm,Consumer Cyclical,Specialty Retail,Sweden,93.98426,64.2,SEK,53.7,51.6,57.5,47.0,29.9,35.6,79.4,12.22857,,9.988,0.634,1.54279,0.48213,0.08178,,0.18231,0.0623,0.7238,0.32399,1.0,strong_buy,0.13748,0.04627,0.26973,0.00498,0.04194,-0.008,,2.39751,-29.68424,0.48832,0.473,194.93709,491,397.02055,0.89741,-0.012,-0.05865,31.6089,0.92,64,"Retail — inventory, pricing and service automation",False
782,PIERCE.ST,Pierce Group AB (publ),Stockholm,Consumer Cyclical,Auto Parts,Sweden,70.03296,9.71,SEK,53.7,54.3,52.7,38.2,48.2,82.4,63.2,28.55882,14.27941,12.764,0.325,1.16246,0.42084,0.03502,0.07003,0.15482,,0.0,0.59629,2.0,none,0.04341,0.02212,0.42266,-0.00713,0.01525,0.05,,-3.72193,15.77117,0.15,1.901,166.41303,280,594.33224,0.2364,0.668,0.08613,236.91161,0.92,58,"Auto supply — factory automation, EV/AI transition risk",False
783,ONCO.ST,Oncopeptides AB (publ),Stockholm,Healthcare,Biotechnology,Sweden,55.51275,1.606,SEK,53.7,46.0,68.1,26.5,95.3,51.7,33.0,,-2.26197,-2.827,6.83,8.27835,7.35821,-0.54172,-0.44209,-0.19611,,0.0,0.55666,3.0,none,-6.23329,-0.57078,0.96569,-1.47853,-2.65635,0.913,,,6.01407,1.80767,4.553,7.54433,77,97.9783,0.09047,-1.314,-0.58123,869.60011,0.83,60,"Biotech — discovery upside, binary science risk dominates",False
784,ALIG.ST,Alimak Group AB (publ),Stockholm,Industrials,Specialty Industrial Machinery,Sweden,1199.07566,125.0,SEK,53.6,49.0,62.1,54.3,26.3,58.9,53.1,24.31907,16.7336,14.446,2.338,1.78268,1.95553,0.04112,0.05976,0.04394,0.0264,0.642,0.144,3.0,buy,0.07528,0.03998,0.4003,0.15096,0.0813,-0.016,-0.092,2.36438,-234.66413,0.44832,2.223,613.1722,3008,203.84714,0.06699,1.105,-0.19974,1459.41097,1.0,62,Machinery — predictive maintenance and embedded software,False
785,BOOZT.ST,Boozt AB (publ),Stockholm,Consumer Cyclical,Apparel Retail,Denmark,840.66439,157.6,SEK,53.6,54.5,51.8,47.1,62.4,64.3,53.1,34.33551,26.71186,17.508,1.184,3.42661,1.11786,0.02912,0.03744,0.09328,,0.0,-0.02284,5.0,strong_buy,0.11045,0.05047,0.29119,0.01264,0.037,0.006,1.777,0.84492,-42.96284,0.26136,1.447,752.03097,1044,720.33618,0.08212,1.786,0.8476,2537.14684,1.0,60,Apparel — demand forecasting and design assistance,False
786,SVED-B.ST,Svedbergs Group AB (publ),Stockholm,Industrials,Building Products & Equipment,Sweden,280.32573,58.0,SEK,53.6,53.9,53.1,62.8,31.3,48.1,61.4,14.42786,15.2231,11.709,1.851,1.83144,1.36763,0.06931,0.06569,0.03332,0.0345,0.4353,0.18621,5.0,strong_buy,0.13489,0.05943,0.48158,0.1159,0.09472,0.038,-0.194,3.06104,-99.16803,0.77391,2.172,204.97254,546,375.40758,0.04511,,0.02113,477.48792,1.0,54,Building products — configure-to-order automation,False
787,IR,Ingersoll Rand Inc.,USA,Industrials,Specialty Industrial Machinery,United States,28118.75946,82.24,USD,53.5,50.2,59.6,57.2,46.8,60.7,39.1,55.56757,21.34679,17.76,4.615,3.16259,4.13601,0.018,0.04685,0.03217,0.001,0.0541,0.13738,13.0,buy,0.05715,0.0512,0.43222,0.17069,0.07544,0.076,0.065,1.81007,-3197.39239,0.48353,2.227,6798.5222,21000,323.73915,0.00209,1.168,-0.01967,292198.35097,1.0,62,Machinery — predictive maintenance and embedded software,False
788,PHM,"PulteGroup, Inc.",USA,Consumer Cyclical,Residential Construction,United States,20983.23341,126.08,USD,53.5,59.3,42.7,62.3,13.5,81.6,75.2,12.19342,11.3672,8.378,1.466,1.85674,1.42719,0.08201,0.08797,0.06176,0.0082,0.0928,0.10858,13.0,buy,0.16178,0.0996,0.261,0.13135,0.1214,-0.124,-0.304,0.21925,-563.85988,0.18942,7.139,14702.5151,6506,2259.83939,0.00657,1.186,0.16042,199759.82419,1.0,52,"Construction — planning automation, execution stays physical",False
789,TURA.ST,Tura Group AB,Stockholm,Industrials,Industrial Distribution,Sweden,20.34774,4.56,SEK,53.5,53.6,53.3,27.7,86.1,49.2,64.5,19.82609,,9.263,0.353,0.81882,0.21822,0.05044,,,0.0219,0.4348,,,none,,,0.20164,0.01601,0.01122,0.288,,3.53736,-12.57098,0.53041,1.821,93.24586,110,847.68962,0.87,0.294,-0.088,1.02254,0.67,64,"Distribution — pricing, inventory and sales automation",False
790,CHOSA.ST,CHOSA Oncology AB,Stockholm,Healthcare,Biotechnology,Sweden,6.73743,0.846,SEK,53.5,46.9,65.7,29.6,,92.1,44.5,,,-7.006,9.01,3.46721,16.13472,-0.0,,-0.1094,,0.0,,,none,-0.34065,-0.2265,1.0,-979.5,-1.23117,,,,0.51093,,3.278,0.41757,2,208.78671,0.13288,,0.39835,3.67445,0.67,60,"Biotech — discovery upside, binary science risk dominates",False
791,COIN,"Coinbase Global, Inc.",USA,Financial Services,Financial Data & Stock Exchanges,United States,36166.77257,157.12,USD,53.4,40.5,77.4,48.6,5.8,72.5,38.3,57.7647,33.10926,38.826,6.192,3.07013,6.5853,0.01731,0.0302,0.05816,,0.0,0.41316,30.0,buy,0.06686,0.01926,0.85475,-0.07097,0.12736,-0.308,,-2.46754,2161.16559,0.59081,2.141,5492.04761,4951,1109.28047,0.01337,3.351,-0.62014,1209645.88699,0.92,88,Financial data — the product is information processing,False
792,CTVA,"Corteva, Inc.",USA,Basic Materials,Agricultural Inputs,United States,51013.58344,87.3,USD,53.4,56.1,48.3,59.2,54.9,70.1,46.4,47.18919,21.17781,14.494,3.355,2.40106,3.2639,0.02119,0.04722,0.04412,0.0082,0.3838,0.03322,20.0,buy,0.05137,0.04327,0.48561,0.2369,0.06496,0.11,0.121,0.33567,-1214.44304,0.1364,1.467,15629.61925,21500,726.95903,0.00126,0.558,0.19589,291147.97279,1.0,52,Agri inputs — precision-ag data services,False
793,J,Jacobs Solutions Inc.,USA,Industrials,Engineering & Construction,United States,13592.28745,131.75,USD,53.4,48.8,62.0,41.1,85.1,34.6,40.7,38.86431,15.99016,18.277,1.422,4.729,1.18085,0.02573,0.06254,0.03294,0.0109,0.3894,0.1871,15.0,buy,0.09381,0.04355,0.2342,-0.00936,0.02896,0.27,,3.10837,-2783.76049,1.38776,1.434,11510.62571,47000,244.90693,0.0053,0.672,-0.03965,148559.55673,0.92,66,"Engineering — design, tendering and site planning automate",False
794,UPS,"United Parcel Service, Inc.",USA,Industrials,Integrated Freight & Logistics,United States,87424.8189,117.72,USD,53.4,49.3,60.9,59.6,21.4,34.5,63.2,19.04854,14.68853,10.39,1.392,6.15916,1.133,0.0525,0.06808,0.04623,0.0557,1.0615,-0.02572,26.0,buy,0.33353,0.07194,0.2245,0.0633,0.05943,-0.016,-0.272,1.93172,-19972.78236,1.81508,1.213,77162.56665,460000,167.74471,0.00017,1.03,0.19029,571502.91997,1.0,62,"Logistics — routing, pricing and warehouse automation",False
795,HKFOODS.HE,HKFoods Oyj,Helsinki,Consumer Defensive,Packaged Foods,Finland,160.13885,1.692,EUR,53.4,53.9,52.5,44.3,44.3,36.0,80.6,16.92,9.4,6.117,0.335,1.0438,0.15931,0.0591,0.10638,0.18749,,0.0,0.00473,1.0,none,0.07806,0.04114,0.31257,0.02227,0.00119,0.038,,2.79492,-154.0,1.00458,1.203,1005.2,3000,335.06667,0.55544,0.725,0.16289,88.58635,0.92,55,Consumer staples — demand forecasting and trade-spend optimisation,False
796,BA,The Boeing Company,USA,Industrials,Aerospace & Defense,United States,147410.97515,214.03,USD,53.3,49.1,61.0,41.3,72.0,21.0,57.0,84.59684,52.34031,-60.805,2.15,28.19523,1.83026,0.01182,0.01911,0.01514,,0.0,0.26186,26.0,buy,1.69947,-0.02069,0.04825,0.01715,0.0246,0.14,,,-25718.23417,8.28696,1.176,80541.16537,182000,442.53388,0.00052,1.205,-0.06668,1186829.66076,0.83,72,Defence — autonomy and sensor fusion are budget priorities,False
797,UNP,Union Pacific Corporation,USA,Industrials,Railroads,United States,156525.94704,301.75,USD,53.3,54.4,51.3,83.3,39.7,26.9,44.3,24.81497,21.75614,16.655,8.487,9.22557,7.25316,0.0403,0.04596,0.02252,0.0183,0.451,0.01629,24.0,buy,0.40686,0.09138,0.56526,0.40357,0.29202,0.032,0.062,2.42094,-26621.64016,1.62246,0.916,21580.39085,28647,753.32115,0.00071,0.965,0.33606,776203.25634,1.0,55,Rail — network optimisation on a fixed asset base,False
798,SKA-B.ST,Skanska AB (publ),Stockholm,Industrials,Engineering & Construction,Sweden,9574.361,255.1,SEK,53.3,52.4,55.0,39.5,59.1,68.8,54.7,15.9737,15.13049,12.119,0.606,1.8127,0.6066,0.0626,0.06609,0.01691,0.0333,0.5319,0.09663,8.0,buy,0.11123,0.02616,0.08881,0.04942,0.03807,0.041,0.524,-0.04194,33.08326,0.25461,1.47,15783.76783,25865,610.23653,0.15485,,0.12677,18522.76718,1.0,66,"Engineering — design, tendering and site planning automate",False
799,VBG-B.ST,VBG Group AB (publ),Stockholm,Consumer Cyclical,Auto Parts,Sweden,729.76131,322.0,SEK,53.3,51.3,57.1,52.7,40.9,66.7,48.8,19.61023,12.57812,11.859,1.629,1.94021,1.454,0.05099,0.0795,-0.00394,0.0225,0.4418,0.35093,1.0,strong_buy,0.1022,0.05399,0.30666,0.09153,0.07411,0.087,-0.105,1.26079,-86.89552,0.47385,2.995,501.89985,2190,229.17802,0.21641,,0.11419,630.67437,1.0,58,"Auto supply — factory automation, EV/AI transition risk",False
800,FLMNG.ST,Fleming Properties AB,Stockholm,Real Estate,Real Estate Services,Sweden,32.03451,5.4,SEK,53.3,61.0,38.9,66.5,52.8,19.2,80.9,12.27273,,,20.89834,0.5218,4.11437,0.08148,,0.06319,0.0599,0.7505,,,none,0.04467,0.02664,0.78551,0.5866,0.34986,-0.054,1.016,,-41.134,0.84795,0.209,7.786,1,7786.0,0.55548,0.151,-0.11475,6.27622,0.83,40,Real estate — asset returns dominate; admin automation marginal,False
801,ILKKA.HE,Ilkka Oyj 2,Helsinki,Communication Services,Publishing,Finland,106.18932,3.98,EUR,53.3,42.6,73.3,27.1,26.4,86.0,49.8,20.94737,18.09091,22.087,2.355,0.52904,2.82531,0.04774,0.05528,0.04806,0.0628,1.1579,0.00503,1.0,none,0.02657,0.00136,0.27516,-0.11553,0.32877,-0.023,,-3.04291,12.196,0.0591,2.103,37.585,326,115.29141,0.44723,0.421,0.1952,81.04076,0.92,76,Publishing — content production economics shift with AI,False
802,QIIWI.ST,Qiiwi Games AB (publ),Stockholm,Communication Services,Electronic Gaming & Multimedia,Sweden,1.82763,2.18,SEK,53.3,36.9,83.8,31.8,4.6,92.1,36.9,,,-2.058,0.546,1.33333,1.50241,-0.29817,,-0.0723,,0.0,,,none,-0.33033,-0.19097,0.83451,-0.26551,-0.44609,-0.378,,,1.1638,,11.733,1.21646,6,202.74412,0.49348,0.89,-0.41867,2.74397,0.75,85,Gaming — content pipelines and live-ops are AI-automatable,False
803,ALFA.ST,Alfa Laval AB (publ),Stockholm,Industrials,Specialty Industrial Machinery,Sweden,20964.54121,559.6,SEK,53.2,49.5,60.1,66.3,26.2,58.7,40.9,28.33417,25.50592,18.03,3.554,4.94403,3.34593,0.03529,0.03921,0.02103,0.0161,0.4297,0.01659,17.0,buy,0.18301,0.07738,0.36625,0.17093,0.11833,-0.033,-0.046,1.0248,-1265.86293,0.40204,1.381,6265.68642,24399,256.80095,0.29624,0.786,0.32859,28882.71597,1.0,62,Machinery — predictive maintenance and embedded software,False
804,SCST.ST,Scandi Standard AB (publ),Stockholm,Consumer Defensive,Packaged Foods,Sweden,828.18617,140.0,SEK,53.2,52.6,54.2,56.4,57.6,37.6,52.4,21.05263,25.97403,9.772,0.8,3.22172,0.62712,0.0475,0.0385,0.00522,0.0236,0.4361,-0.02321,4.0,hold,0.15928,0.0516,0.4022,0.04847,0.02986,0.048,0.401,2.10981,-228.13812,0.9294,1.066,1320.60885,4283,308.33735,0.52432,,0.49413,720.60828,1.0,55,Consumer staples — demand forecasting and trade-spend optimisation,False
805,BUSER.ST,Bambuser AB (publ),Stockholm,Technology,Software - Application,Sweden,14.88833,20.4,SEK,53.2,33.0,90.8,27.7,11.5,79.8,30.1,,-44.34782,-0.367,0.487,1.52558,1.97677,-0.78676,-0.02255,-0.2646,,0.0,,,none,-0.74535,-0.35946,0.85177,-1.53043,-1.36036,-0.149,,,9.34804,,2.571,7.53164,53,142.10641,0.37933,1.789,-0.08356,12.7195,0.75,92,Software economics — AI compounds both the product and dev productivity,False
806,AXON,"Axon Enterprise, Inc.",USA,Industrials,Aerospace & Defense,United States,35934.95672,510.28,USD,53.1,46.1,66.0,45.1,85.3,45.5,21.4,204.112,48.26105,410.583,14.157,11.63349,13.78686,0.0049,0.02072,0.00152,,0.0,0.29513,19.0,buy,0.06765,0.00084,0.59463,0.03748,0.06905,0.337,0.898,10.72696,-964.02842,0.52074,2.271,2606.46374,5100,511.07132,0.04145,1.378,-0.32103,511759.00403,1.0,72,Defence — autonomy and sensor fusion are budget priorities,False
807,LIN,Linde plc,USA,Basic Materials,Specialty Chemicals,United Kingdom,207316.66847,513.22,USD,53.1,53.4,52.5,73.6,52.1,40.1,37.3,34.0106,26.16325,19.227,7.54,6.15608,6.84709,0.0294,0.03822,0.01978,0.0125,0.4045,0.06894,25.0,buy,0.18229,0.07237,0.48766,0.28471,0.20436,0.082,0.134,1.64518,-19534.18573,0.65642,0.828,30278.07309,65034,465.57298,0.00247,0.723,0.09096,1010514.08016,1.0,55,Chemicals — formulation R&D and process control,False
808,NP3.ST,NP3 Fastigheter AB (publ),Stockholm,Real Estate,Real Estate Services,Sweden,1469.2477,263.0,SEK,53.1,60.6,39.2,76.8,71.6,11.8,58.9,11.50985,19.5539,18.617,13.405,1.43186,6.79376,0.08688,0.05114,0.0462,0.0243,0.2407,0.11298,7.0,buy,0.14529,0.03816,0.75943,0.74879,0.6404,0.101,0.815,9.156,-1425.74996,1.41516,0.474,216.26441,78,2772.62066,0.57146,1.623,-0.0223,1076.93075,1.0,40,Real estate — asset returns dominate; admin automation marginal,False
809,HTRO.ST,Hexatronic Group AB (publ),Stockholm,Technology,Communication Equipment,Sweden,911.17231,45.4,SEK,53.1,45.3,67.6,40.5,76.6,48.7,28.4,238.94737,13.51191,24.06,1.567,2.59621,1.30981,0.00419,0.07401,0.01766,,0.0,-0.03084,3.0,buy,0.01062,0.01632,0.38007,0.09087,0.00599,0.178,0.617,3.892,-176.38331,0.59406,2.082,695.65356,2106,330.31983,0.09923,1.285,1.25198,6129.24412,1.0,74,"Network equipment — AI traffic drives demand, ops automate",False
810,BERG-B.ST,Bergman & Beving AB (publ),Stockholm,Industrials,Conglomerates,Sweden,681.5367,281.5,SEK,53.1,50.9,57.1,54.4,37.2,50.6,56.0,32.88551,24.77993,16.496,1.717,3.72793,1.49667,0.03041,0.04036,0.11328,0.0149,0.4678,0.25577,4.0,strong_buy,0.11652,0.03387,0.50378,0.05987,0.04558,0.016,,2.09178,-99.15895,0.71895,1.706,455.36985,1347,338.06225,0.19848,0.738,-0.04576,419.97445,0.92,58,Conglomerate — mixed exposure,False
811,C100.ST,C100 AB (publ),Stockholm,Technology,Information Technology Services,Sweden,191.42936,3.84,SEK,53.1,40.9,75.7,31.5,0.2,92.1,53.3,,,-1.623,-144818.8,52.60274,-27076924.0,-0.03646,,,,0.0,,,none,-0.34962,-0.24762,0.0,86185.73,0.0,,-0.988,,0.12064,,3.192,-1e-05,,,0.01819,-1.478,-0.71419,26.27768,0.67,90,IT services — delivery is labor-hours that AI directly automates,False
812,SEDANA.ST,Sedana Medical AB (publ),Stockholm,Healthcare,Medical Devices,Sweden,77.79277,8.64,SEK,53.1,44.0,70.0,36.7,19.2,90.0,46.2,,-50.82353,-28.625,4.175,0.95586,4.37552,-0.04167,-0.01968,-0.06183,,0.0,1.08333,1.0,buy,-0.04313,-0.02104,0.71284,-0.09891,-0.20148,-0.071,,,6.62734,0.00842,2.885,17.77909,116,153.26803,0.24686,0.778,-0.37391,69.47294,0.83,66,Devices — embedded intelligence differentiates hardware,False
813,FERRO.ST,Ferroamp AB (publ),Stockholm,Industrials,Electrical Equipment & Parts,Sweden,28.36069,2.9,SEK,53.1,50.4,58.2,21.8,92.2,75.9,43.0,,290.00003,-23.455,2.788,1.57438,2.50082,-0.04828,0.00345,-0.1597,,0.0,,,none,-0.11196,-0.03782,0.29594,-0.24004,-0.16156,0.535,,,-3.25792,0.1863,2.162,11.34056,47,241.28847,0.73773,0.592,1.52174,59.06171,0.83,60,"Electrical — electrification tailwind, moderate AI angle",False
814,BINERO.ST,Binero Group AB (publ),Stockholm,Technology,Software - Infrastructure,Sweden,22.78249,1.8,SEK,53.1,39.3,78.7,21.1,81.0,18.5,43.3,,6.0,-16.344,0.686,1.9088,0.47481,-0.16667,0.16667,-0.05074,,0.0,0.94444,1.0,none,-0.28473,-0.04267,0.17309,0.01578,-0.06925,0.212,,,-10.38722,1.05986,0.513,47.98197,143,335.53825,0.66395,,-0.25,1.83789,0.83,92,Software economics — AI compounds both the product and dev productivity,False
815,PEXA-B.ST,PExA AB,Stockholm,Healthcare,Medical Devices,Sweden,6.41338,0.57,SEK,53.1,43.5,71.0,29.2,,77.3,43.4,,,-14.043,13.184,7.30769,13.9359,-0.05263,,-0.10054,,0.0,,,none,-0.63106,-0.32021,0.86444,-0.5228,-0.97515,,,,0.34603,,2.414,0.46021,3,153.40178,0.20672,1.304,1.14286,49.27429,0.67,66,Devices — embedded intelligence differentiates hardware,False
816,CVNA,Carvana Co.,USA,Consumer Cyclical,Auto & Truck Dealerships,United States,64532.28348,67.34,USD,53.0,54.5,50.3,65.4,68.0,58.2,31.0,39.15116,34.20271,22.146,2.303,12.94253,3.2795,0.02554,0.02924,0.00266,,0.0,0.36479,21.0,buy,0.60172,0.1143,0.20131,0.09033,0.06398,0.52,0.119,1.16097,-2375.59042,1.21351,4.087,19677.47141,23100,851.83859,0.02046,3.462,-0.01527,647774.02425,1.0,60,Consumer Cyclical sector default,False
817,NUE,Nucor Corporation,USA,Basic Materials,Steel,United States,47080.0109,236.61,USD,53.0,60.5,39.0,52.5,88.0,72.0,45.9,23.47321,13.59102,12.035,1.745,2.51181,1.57745,0.0426,0.07358,-0.00713,0.0095,0.2202,0.12897,16.0,buy,0.12285,0.06146,0.14063,0.11826,0.06824,0.213,3.821,0.93722,-4056.58905,0.31595,2.901,29845.59376,33000,904.41193,0.02083,1.922,0.66451,332690.6159,1.0,46,Steel — process and energy optimisation,False
818,RTX,RTX Corporation,USA,Industrials,Aerospace & Defense,United States,227683.33907,193.51,USD,53.0,48.1,62.2,50.9,60.7,43.1,38.9,36.37406,25.50312,19.293,3.258,3.93177,2.88357,0.02749,0.03921,0.02776,0.0151,0.5103,0.11293,22.0,buy,0.11571,0.04051,0.20213,0.13182,0.08029,0.087,0.325,2.10424,-28060.62299,0.57229,1.024,78958.88988,180000,438.6605,0.00083,0.298,0.27679,933611.46127,1.0,72,Defence — autonomy and sensor fusion are budget priorities,False
819,DEVP-B.ST,DevPort AB (publ),Stockholm,Technology,Software - Application,Sweden,10.73257,11.75,SEK,53.0,37.1,82.5,18.9,6.6,69.1,62.7,,,-8.479,0.243,1.0357,0.3055,-0.09362,,0.0737,0.0851,5.1724,,,none,-0.08676,-0.02874,0.03649,-0.02181,-0.02852,-0.271,,,2.20914,0.18343,1.604,35.13091,230,152.7431,0.31072,0.446,-0.38482,7.77881,0.83,92,Software economics — AI compounds both the product and dev productivity,False
820,COO,"The Cooper Companies, Inc.",USA,Healthcare,Medical Instruments & Supplies,United States,12219.25889,71.71,USD,52.9,45.4,66.9,44.1,57.0,49.4,37.3,60.77119,14.33094,18.698,3.917,1.69639,3.30552,0.01646,0.06978,0.03034,,0.0,0.1392,13.0,buy,0.02853,0.02519,0.6555,-0.02866,0.05573,0.079,,2.91945,-2260.96087,0.33093,1.274,3696.62486,15000,246.44166,0.00613,0.84,0.00547,182133.41988,0.92,66,Instruments — software layer increasingly the differentiator,False
821,FLEX,Flex Ltd.,USA,Technology,Electronic Components,United States,38173.66147,119.25,USD,52.9,46.7,64.3,48.6,63.3,49.1,32.3,51.40086,17.22243,22.217,1.64,8.47729,1.56523,0.01945,0.05806,0.01922,,0.0,0.36268,10.0,strong_buy,0.17347,0.04655,0.09407,0.05684,0.03153,0.169,0.171,1.00777,-1813.80125,0.868,1.359,24388.46284,149686,162.93082,0.00624,1.626,1.23776,733697.85626,1.0,68,Components — factory automation and quality inspection,False
822,HD,"The Home Depot, Inc.",USA,Consumer Cyclical,Home Improvement Retail,United States,295217.06468,338.87,USD,52.9,50.7,56.9,71.5,37.8,25.4,47.7,24.10171,21.05796,16.036,2.401,24.35111,2.02827,0.04149,0.04749,0.02997,0.0275,0.6555,0.09288,32.0,none,1.2838,0.12519,0.33127,0.11926,0.08411,0.048,-0.043,2.49058,-54282.98202,4.59356,1.045,145551.4382,470000,309.68391,0.00064,0.951,-0.06914,1428038.82862,1.0,60,Consumer Cyclical sector default,False
823,HON,Honeywell International Inc.,USA,Industrials,Conglomerates,United States,62288.0962,225.02,USD,52.9,51.5,55.5,67.4,25.0,30.2,61.2,17.98721,23.02179,11.463,2.595,5.24596,1.89305,0.0556,0.04344,0.04119,0.0423,0.7412,0.09435,16.0,buy,0.24264,0.05953,0.36925,0.21,0.1089,0.024,-0.419,2.97455,-22157.90763,2.57387,1.385,32903.54318,101000,325.77766,0.00048,0.93,-0.03221,926619.93935,1.0,58,Conglomerate — mixed exposure,False
824,MLM,"Martin Marietta Materials, Inc.",USA,Basic Materials,Building Materials,United States,29514.65755,562.59,USD,52.9,56.2,46.7,53.0,87.3,56.8,39.0,35.20589,24.47479,18.577,6.173,2.99081,5.31988,0.0284,0.04086,0.02492,0.0059,0.2056,0.20978,23.0,buy,0.0947,0.04775,0.29748,0.12702,0.39906,0.172,12.208,2.56635,-4731.08564,0.5035,2.279,5547.99527,9600,577.91617,0.00807,1.101,-0.00119,278893.45997,1.0,52,Materials — logistics and process automation,False
825,OXY,Occidental Petroleum Corporation,USA,Energy,Oil & Gas E&P,United States,47674.01732,54.86,USD,52.9,57.1,45.1,57.8,55.6,54.7,58.4,74.13513,14.22961,7.045,3.612,1.77443,2.58372,0.01349,0.07028,0.05559,0.019,1.3243,0.17612,23.0,buy,0.04053,0.02497,0.69757,0.17725,0.22421,-0.083,3.156,1.18223,-11183.36055,0.41989,1.21,18451.67134,10412,1772.15437,0.26937,0.15,0.27581,523046.21082,1.0,48,Oil & gas — commodity price dominates; ops optimisation real but capped,False
826,ACAST.ST,Acast AB (publ),Stockholm,Communication Services,Entertainment,Sweden,616.88421,37.3,SEK,52.9,47.2,63.4,35.7,80.1,82.7,20.9,,-207.22221,87.732,2.411,5.63444,2.59131,-0.00054,-0.00483,-0.00075,,0.0,0.13494,3.0,buy,-0.00233,0.01924,0.39216,0.00722,-0.00105,0.205,,-6.54217,42.80867,0.10698,1.772,238.0591,455,523.20681,0.27663,0.411,1.1686,1178.2602,0.92,72,Entertainment — content pipeline productivity,False
827,CDON.ST,CDON AB,Stockholm,Consumer Cyclical,Internet Retail,Sweden,62.14743,59.8,SEK,52.9,41.0,75.1,35.8,41.5,61.6,36.6,,-157.36842,81.337,1.192,1.34497,1.50035,-0.09047,-0.00635,0.11367,,0.0,0.49247,2.0,strong_buy,-0.12441,-0.05088,0.83545,-0.26886,-0.14201,0.029,,-21.0,12.75289,,0.873,41.42198,74,559.75647,0.19004,0.895,-0.00333,4.21692,0.83,82,"E-commerce — recommendation, logistics and support automation",False
828,ALLEI.ST,Alleima AB (publ),Stockholm,Basic Materials,Steel,Sweden,2369.43015,104.5,SEK,52.8,56.2,46.4,46.0,64.9,83.4,48.8,28.63014,16.22671,12.4,1.42,1.54369,1.43729,0.03493,0.06163,0.02584,0.0239,0.6849,-0.19234,5.0,hold,0.05469,0.03574,0.20503,0.14604,0.05014,0.027,1.704,-0.11954,22.56909,0.06334,2.689,1648.5403,6447,255.70658,0.21165,,0.4276,4509.66851,1.0,46,Steel — process and energy optimisation,False
829,STOR-B.ST,Storskogen Group AB (publ),Stockholm,Industrials,Conglomerates,Sweden,1462.78866,9.614,SEK,52.8,52.2,53.8,42.6,22.7,53.6,82.4,16.02333,8.74,4.981,0.781,0.77451,0.48893,0.06241,0.11442,0.19908,0.0114,0.1667,0.51168,3.0,none,0.05605,0.06019,0.11267,0.05171,0.03075,-0.011,-0.243,1.84958,-868.23008,0.51411,1.512,2991.80901,10407,287.48045,0.0833,1.081,-0.2084,2203.24689,1.0,58,Conglomerate — mixed exposure,False
830,NORB-B.ST,Nordisk Bergteknik AB (publ),Stockholm,Industrials,Engineering & Construction,Sweden,58.10535,11.2,SEK,52.8,48.3,61.1,36.5,41.0,31.4,75.4,22.85714,7.04403,6.677,0.593,0.51338,0.17992,0.04375,0.14196,0.17752,,0.0,0.11607,1.0,hold,0.02224,0.02361,0.2847,0.04142,0.00777,0.135,-0.424,4.64927,-133.24825,1.21302,1.405,322.94642,1080,299.02446,0.36296,,-0.05882,28.72282,1.0,66,"Engineering — design, tendering and site planning automate",False
831,NEXAM.ST,Nexam Chemical Holding AB (publ),Stockholm,Basic Materials,Specialty Chemicals,Sweden,31.35846,3.37,SEK,52.8,51.5,55.3,32.0,64.5,85.4,48.6,,37.44444,-399.875,1.761,1.62175,1.79653,-0.04748,0.02671,-0.0415,,0.0,0.03858,2.0,strong_buy,-0.08005,-0.03397,0.47458,0.00228,-0.08036,0.106,,,0.62332,0.0764,2.921,17.45506,58,300.94929,0.27433,0.541,-0.07418,24.91398,0.83,55,Chemicals — formulation R&D and process control,False
832,SAVOX.HE,Savox Communications Oyj,Helsinki,Technology,Communication Equipment,Finland,,10.74,EUR,52.8,41.4,74.0,44.9,57.6,23.3,35.7,27.53846,,23.397,3.538,0.05201,,0.03631,,,,0.0,,,none,,,0.61136,-0.0818,0.12196,0.081,,4.73342,-40.679,3.94429,1.295,56.837,297,191.37037,0.69046,,-0.02541,315.26196,0.67,74,"Network equipment — AI traffic drives demand, ops automate",False
833,FRAMERY.HE,Framery Group Oyj,Helsinki,Consumer Cyclical,"Furnishings, Fixtures & Appliances",Finland,564.96435,7.138,EUR,52.7,52.5,53.1,68.3,34.3,49.0,47.9,26.43704,13.30054,14.081,2.836,10.13921,2.5444,0.03783,0.07518,,0.0322,0.0,0.3169,3.0,none,,,0.51151,0.22486,0.09504,-0.001,0.056,1.44807,-64.762,1.55382,2.313,222.042,494,449.47773,0.24759,,-0.19798,341.15357,0.75,55,Furnishings — design tools and logistics,False
834,PION-B.ST,PION Group AB (publ),Stockholm,Industrials,Staffing & Employment Services,Sweden,24.54027,5.62,SEK,52.7,38.6,79.0,30.5,32.0,54.6,44.5,35.125,,37.318,0.205,1.98516,0.19167,0.02847,,0.0802,,0.0,,,none,0.0707,0.0083,0.05161,0.01953,0.00651,-0.002,,2.39722,-1.68588,0.19839,1.239,128.03515,2183,58.65101,0.54538,0.844,0.04074,7.1763,0.92,85,Staffing — matching and admin are directly AI-automatable,False
835,GGEO.ST,Guideline Geo AB (publ),Stockholm,Industrials,Specialty Industrial Machinery,Sweden,9.58683,9.7,SEK,52.7,46.3,64.6,40.3,32.6,94.8,38.3,35.92592,,12.515,0.402,0.78289,0.50764,0.02784,,-0.03253,,0.0,,,none,0.02336,0.01323,0.62841,-0.02815,0.015,0.0,,-3.27362,1.98771,0.01249,3.383,18.88507,89,212.19179,0.41965,0.182,-0.0396,4.3573,0.92,62,Machinery — predictive maintenance and embedded software,False
836,SOLIDX.ST,SolidX AB (publ),Stockholm,Technology,Information Technology Services,Sweden,7.36424,2.26,SEK,52.7,36.8,82.1,32.4,11.2,59.3,47.8,,,10.668,0.606,2.48079,0.59016,-0.00442,,0.04154,,0.0,,,none,0.04299,0.02462,0.11754,0.01583,0.01052,-0.153,,0.17512,-0.12418,0.3722,1.128,12.47835,102,122.33676,0.75426,0.503,0.01802,1.30445,0.92,90,IT services — delivery is labor-hours that AI directly automates,False
837,SPRING.HE,Springvest Oyj,Helsinki,Financial Services,Asset Management,Finland,41.11433,7.3,EUR,52.7,42.3,71.9,54.9,7.1,91.9,26.3,45.625,38.42106,32.253,6.656,1.80738,7.02341,0.02192,0.02603,-0.00262,0.0685,2.1875,0.26027,1.0,none,0.04201,0.02646,0.52152,0.20454,0.15952,-0.298,-0.493,-1.41508,1.70939,,3.266,5.8539,13,450.3,0.66378,0.452,0.04885,25.2945,0.92,80,Asset management — research and back-office automation,False
838,ARFA.ST,Arctic Falls AB (publ),Stockholm,,,Sweden,,64.8,SEK,52.7,52.6,53.0,69.7,27.0,43.3,54.3,,,10.574,4.549,3.80259,,,,,,,0.85185,1.0,none,,,0.42753,0.42193,0.21748,-0.001,-0.118,1.98129,-12.23734,0.99518,1.411,14.35794,64,224.34275,0.5038,,-0.28791,27.77531,0.67,50,No sector data — neutral,False
839,CMG,"Chipotle Mexican Grill, Inc.",USA,Consumer Cyclical,Restaurants,United States,38597.75597,34.44,USD,52.6,48.9,59.6,73.4,37.2,28.0,38.5,31.59633,25.41754,21.073,4.0,18.40727,3.63941,0.03165,0.03934,0.02463,,0.0,0.25399,32.0,buy,0.49232,0.13539,0.39649,0.13271,0.11962,0.074,-0.179,1.89864,-3821.96388,2.17885,0.919,10605.48657,135000,78.55916,0.00663,0.964,-0.3435,585575.92406,1.0,55,Restaurants — ordering and kitchen workflow automation,False
840,EPRO-B.ST,Electrolux Professional AB (publ),Stockholm,Industrials,Specialty Industrial Machinery,Sweden,1150.08051,44.15,SEK,52.6,48.6,59.9,52.8,17.1,46.0,66.0,18.2438,11.80481,10.931,1.226,2.19488,1.06726,0.05481,0.08471,0.06021,0.0215,0.3512,0.59683,2.0,strong_buy,0.12367,0.04366,0.34099,0.08127,0.05846,-0.091,-0.203,1.41185,-170.58242,0.45926,0.868,1077.60596,4229,254.81342,0.00186,0.901,-0.37108,2019.82988,1.0,62,Machinery — predictive maintenance and embedded software,False
841,GIG-SDB.ST,GiG Software p.l.c.,Stockholm,Communication Services,Electronic Gaming & Multimedia,Malta,32.95302,2.26,SEK,52.6,35.8,83.7,26.3,29.1,73.2,32.5,,,-2.69243,0.74868,0.6462,0.75512,-0.4823,,-0.27172,,0.0,2.2,2.0,none,-0.30664,-0.14339,0.58039,-0.52222,-0.35625,-0.011,,,2.6,0.0549,1.512,43.63926,348,125.40018,0.0,,-0.68079,30.20526,0.83,85,Gaming — content pipelines and live-ops are AI-automatable,False
842,STW.ST,SeaTwirl AB (publ),Stockholm,Industrials,Specialty Industrial Machinery,Sweden,19.41556,35.8,SEK,52.6,42.8,70.8,33.1,28.6,36.8,66.7,,,-6.413,35.992,2.24142,57.39247,-0.14218,,0.21635,,0.0,,,none,-0.27478,-0.08508,1.0,-5.3487,0.0,-0.013,,,7.23982,,1.11,0.33829,14,24.1639,0.46032,-0.034,-0.284,45.57099,0.75,62,Machinery — predictive maintenance and embedded software,False
843,HEART.ST,Scandinavian Real Heart AB (Publ),Stockholm,Healthcare,Medical Devices,Sweden,14.3263,18.6,SEK,52.6,40.8,74.4,29.1,,83.2,33.3,,,-4.142,953.31,1.48776,1032.4043,-0.38065,,-0.34078,,0.0,,,none,-0.5468,-0.2843,171.90704,-110.78918,0.0,,,,1.09756,0.07131,2.503,0.01388,13,1.06743,0.37543,1.18,0.37778,22.12554,0.75,66,Devices — embedded intelligence differentiates hardware,False
844,DIST.ST,DistIT AB (publ),Stockholm,Technology,Electronics & Computer Distribution,Sweden,14.24793,0.168,SEK,52.6,45.7,65.4,19.3,15.1,44.6,97.4,5.6,-0.50909,-36.282,0.384,0.94382,0.18102,0.17857,-1.96429,0.78358,,0.0,,,none,-0.55688,-0.01623,0.2029,-0.01525,-0.21211,-0.109,,,-16.00683,1.36637,1.996,78.71082,93,846.35294,0.80531,1.345,-0.65145,2.31567,0.83,80,Technology sector default,False
845,GLA1V.HE,Glaston Oyj Abp,Helsinki,Industrials,Specialty Industrial Machinery,Finland,46.24958,1.1,EUR,52.6,47.1,62.8,44.4,50.1,39.7,52.0,27.5,9.40171,8.047,0.372,0.70831,0.23334,0.03636,0.10636,0.00749,0.0545,1.5,0.09091,1.0,none,0.0256,0.01735,0.58682,0.03667,0.00853,-0.21,2.499,3.00055,-27.5,0.55896,1.067,198.20301,757,261.82696,0.28646,0.415,-0.19094,13.6873,1.0,62,Machinery — predictive maintenance and embedded software,False
846,MMM,3M Company,USA,Industrials,Conglomerates,United States,72838.02384,159.84,USD,52.5,51.0,55.2,75.4,23.8,40.7,45.9,30.79769,16.84514,14.539,3.625,25.54987,3.33149,0.03247,0.05936,0.02786,0.0195,0.5723,0.07291,17.0,buy,0.71458,0.08118,0.39714,0.23317,0.11137,0.013,-0.397,1.17131,-6385.87321,3.96497,1.594,21863.46943,60500,361.37966,0.00098,1.081,0.04594,539169.81891,1.0,58,Conglomerate — mixed exposure,False
847,XYZ,"Block, Inc.",USA,Technology,Software - Infrastructure,United States,41569.57383,79.94,USD,52.5,40.3,75.3,37.8,47.9,68.3,24.0,62.45313,15.82325,30.688,1.975,2.16763,1.94368,0.01601,0.0632,-0.0167,,0.0,0.14992,40.0,buy,0.03743,0.02053,0.45078,-0.02632,0.03297,0.049,,0.51557,-709.8137,0.37514,1.986,21387.07081,10205,2095.74432,0.01261,2.541,0.02382,405938.84929,0.92,92,Software economics — AI compounds both the product and dev productivity,False
848,ELV,"Elevance Health, Inc.",USA,Healthcare,Healthcare Plans,United States,70696.40139,373.11,USD,52.5,52.0,53.5,46.2,28.7,62.3,69.3,16.50199,12.58488,8.96,0.371,1.81139,0.40234,0.0606,0.07946,0.05322,0.0184,0.3034,0.20365,21.0,buy,0.11133,0.03832,0.2599,0.04559,0.02468,0.014,-0.131,-0.77727,5652.83793,0.68953,1.518,175713.30097,96129,1827.89066,0.00184,0.683,0.34965,586336.0862,1.0,66,Healthcare sector default,False
849,VTRS,Viatris Inc.,USA,Healthcare,Drug Manufacturers - Specialty & Generic,United States,17592.05206,17.29,USD,52.5,50.0,57.2,40.6,57.6,41.0,60.3,,6.49392,7.841,2.221,1.37353,1.38266,-0.01735,0.15399,0.11117,0.0278,9.6,0.03022,8.0,buy,-0.01957,0.02306,0.39816,0.06784,-0.02036,0.081,,2.95981,-10667.70251,0.99675,1.603,12723.34393,30000,424.11146,0.00312,0.902,0.9427,167897.96614,0.92,62,Pharma — AI aids discovery but cycles are long and regulated,False
850,EG7.ST,Enad Global 7 AB (publ),Stockholm,Communication Services,Electronic Gaming & Multimedia,Sweden,147.60842,18.38,SEK,52.5,37.2,81.0,35.7,8.5,62.0,45.7,,8.27928,14.583,1.043,1.00867,0.97127,-1.16376,0.12078,0.38849,,0.0,0.63221,1.0,none,-0.72456,-0.35527,0.72511,0.0733,-1.13067,-0.203,,1.00083,-10.87667,0.25562,1.345,151.97425,539,281.95594,0.68171,1.326,0.40305,311.88786,0.92,85,Gaming — content pipelines and live-ops are AI-automatable,False
851,ATRAV.HE,Atria Oyj,Helsinki,Consumer Defensive,Packaged Foods,Finland,448.92294,15.9,EUR,52.5,55.1,47.8,41.7,56.1,43.5,75.8,10.5298,8.73626,5.921,0.4,1.00952,0.24351,0.09497,0.11447,0.04641,0.0472,0.457,0.14151,2.0,buy,0.10093,0.04319,0.1083,0.03087,0.02311,0.071,0.25,2.1308,-265.6,0.56792,1.053,1843.53395,3751,491.47799,0.53698,0.262,0.15217,132.3516,1.0,55,Consumer staples — demand forecasting and trade-spend optimisation,False
852,CHARGE.ST,ChargePanel AB (publ),Stockholm,Technology,Software - Application,Sweden,5.82,1.525,SEK,52.5,36.6,82.0,6.4,94.9,23.5,39.5,,,-7.455,4.066,10.59028,4.16602,-0.15738,,-0.11429,,0.0,,,none,-1.27431,-0.31417,-0.01907,-0.27791,-0.58833,0.865,,,-0.27491,1.14344,0.855,1.39702,10,139.70174,0.84749,0.702,-0.28738,15.63372,0.83,92,Software economics — AI compounds both the product and dev productivity,False
853,RAP1V.HE,Rapala VMC Corporation,Helsinki,Consumer Cyclical,Leisure,Finland,47.6623,1.25,EUR,52.5,47.6,61.7,42.0,,44.9,55.5,,25.0,8.719,0.536,0.42779,0.20932,-0.184,0.04,0.1327,,0.0,0.0,1.0,none,-0.00137,0.01731,0.55204,0.03469,-0.02152,,,5.31429,-74.4,0.67889,2.188,227.7,1296,175.69444,0.5459,0.614,0.04167,36.26625,0.83,58,Leisure — dynamic pricing and personalisation,False
854,CAT,Caterpillar Inc.,USA,Industrials,Farm & Heavy Construction Machinery,United States,354241.58794,880.28,USD,52.4,52.0,53.0,69.8,71.5,31.5,28.4,43.86049,28.9237,30.586,6.293,21.72941,5.73034,0.0228,0.03457,0.00931,0.0074,0.2958,0.10234,26.0,buy,0.51331,0.0852,0.28602,0.1818,0.13328,0.222,0.302,2.73065,-34729.57545,2.30793,1.353,61818.64557,118000,523.88683,0.00216,1.565,1.14666,2354593.97446,1.0,60,Heavy equipment — autonomy retrofit is slow but real,False
855,ECL,Ecolab Inc.,USA,Basic Materials,Specialty Chemicals,United States,67086.69897,272.83,USD,52.4,51.0,55.0,70.6,51.3,35.9,35.4,36.91881,29.1562,21.173,5.2,7.67541,4.6671,0.02709,0.0343,0.02066,0.0107,0.3735,0.1708,21.0,buy,0.22427,0.08009,0.44374,0.16933,0.12799,0.1,0.078,2.16454,-7641.99165,0.92369,0.991,14374.37473,48000,299.46614,0.00158,0.895,0.0176,383141.54997,1.0,55,Chemicals — formulation R&D and process control,False
856,ALIF-B.ST,AddLife AB (publ),Stockholm,Healthcare,Medical Instruments & Supplies,Sweden,1782.76379,161.4,SEK,52.4,48.1,60.3,53.3,54.9,31.5,45.9,33.00613,50.75471,16.841,2.308,3.61357,1.86824,0.0303,0.0197,0.03999,0.0093,0.3067,0.22883,3.0,strong_buy,0.10944,0.04175,0.38431,0.08673,0.0568,0.055,0.292,3.20651,-419.38622,0.88134,1.008,954.24637,2360,404.34168,0.05179,1.571,-0.05944,1984.7472,1.0,66,Instruments — software layer increasingly the differentiator,False
857,NLG1V.HE,Nurminen Logistics Oyj,Helsinki,Industrials,Railroads,Finland,56.51569,0.7,EUR,52.4,54.1,49.3,57.1,19.4,46.7,77.4,23.33333,7.77778,4.258,0.716,1.21317,0.55138,0.04286,0.12857,0.197,0.0704,1.0,0.14286,1.0,buy,0.11019,0.07809,0.31953,0.09675,0.01958,-0.212,0.0,1.38837,-23.916,0.95383,1.401,102.499,183,560.10383,0.42067,-0.002,-0.3578,21.133,1.0,55,Rail — network optimisation on a fixed asset base,False
858,NFGAB.ST,Nordic Flanges Group AB (publ),Stockholm,Industrials,Metal Fabrication,Sweden,4.74089,22.8,SEK,52.4,48.2,60.3,45.9,63.8,29.2,50.1,,,5.098,0.35,2.58298,0.23028,-0.01447,,0.02821,,0.0,,,none,-0.03855,0.0305,0.54306,0.05656,-0.00332,-0.018,85.247,1.74261,-2.46193,1.66821,0.866,20.58727,91,226.23371,0.47588,-0.142,1.11111,2.51708,1.0,58,Industrials sector default,False
859,APOTEA.ST,Apotea AB,Stockholm,Healthcare,Pharmaceutical Retailers,Sweden,749.91383,79.5,SEK,52.3,52.0,52.9,59.3,55.3,64.9,34.7,33.68644,,18.446,1.117,8.7613,1.08925,0.02969,,-0.00053,0.0075,0.2542,0.13208,2.0,buy,0.27835,0.09602,0.19928,0.05144,0.03235,0.111,0.126,0.38205,-15.93432,0.29009,1.399,688.46594,700,983.52277,0.42249,,-0.27024,1906.22043,1.0,64,Pharmacy — inventory and advice workflows,False
860,HIAB.HE,Hiab Oyj,Helsinki,Industrials,Farm & Heavy Construction Machinery,Finland,3494.16832,54.1,EUR,52.3,50.9,54.8,55.4,14.7,76.1,57.1,26.00962,14.38157,16.163,2.141,3.59995,2.28721,0.03845,0.06953,0.08625,0.0216,0.5625,0.22736,5.0,strong_buy,0.13576,0.05409,0.29279,0.10499,0.09171,-0.07,-0.445,-1.08251,219.1,0.27145,1.829,1527.69997,3906,391.11622,0.32889,1.233,-0.01904,3944.972,1.0,60,Heavy equipment — autonomy retrofit is slow but real,False
861,AXIC-A.ST,aXichem AB,Stockholm,Basic Materials,Specialty Chemicals,Sweden,15.71557,2.56,SEK,52.3,49.7,57.0,24.3,70.4,92.1,44.2,,,-17.938,8.97,2.91572,9.18118,-0.09766,,-0.05695,,0.0,,,none,-0.23651,-0.13068,0.49743,-0.73863,-0.77522,0.13,,,0.36256,,4.23,1.71172,7,244.53081,0.2138,-0.689,-0.14381,11.96677,0.75,55,Chemicals — formulation R&D and process control,False
862,ALB,Albemarle Corporation,USA,Basic Materials,Specialty Chemicals,United States,12445.11088,120.78,USD,52.2,54.8,47.5,40.9,87.6,71.4,40.7,,9.53369,16.537,3.213,1.86975,2.5924,-0.02832,0.10489,0.05032,0.0134,0.5797,0.62621,20.0,buy,-0.0182,0.01605,0.18531,0.24786,-0.04238,0.327,,0.85824,-800.46825,0.19845,2.068,4800.61712,7800,615.46373,0.0019,1.346,0.56552,234714.11932,0.92,55,Chemicals — formulation R&D and process control,False
863,GNRC,Generac Holdings Inc.,USA,Industrials,Specialty Industrial Machinery,United States,11053.58772,214.91,USD,52.2,49.4,57.3,50.9,73.6,56.8,27.8,67.15938,19.08418,26.123,3.185,4.72091,2.92425,0.01489,0.0524,0.00911,,0.0,0.35064,15.0,buy,0.07388,0.03788,0.38138,0.11072,0.04368,0.124,0.699,2.13822,-985.4777,0.52086,2.028,3779.96774,9400,402.12423,0.01718,1.895,0.43035,173236.34526,1.0,62,Machinery — predictive maintenance and embedded software,False
864,VSSAB-B.ST,Viking Supply Ships AB (publ),Stockholm,Industrials,Marine Shipping,Sweden,170.56378,143.0,SEK,52.2,57.9,41.5,58.9,94.2,37.1,43.1,17.46032,,11.128,3.245,0.98988,1.82997,0.05727,,-0.50105,,0.0,,,none,0.05454,0.03922,0.58619,0.16733,0.10518,0.707,,4.85251,-131.8796,0.77359,1.452,93.20589,6,15534.31494,0.04941,0.074,0.23276,10.47278,0.92,46,Shipping — routing helps at the margin; the ship is the cost,False
865,ACUVI.ST,Acuvi AB,Stockholm,Technology,Electronic Components,Sweden,37.42814,12.38,SEK,52.2,44.9,65.7,33.1,34.1,79.1,48.8,,-5.62727,-162.775,2.205,0.99374,2.02071,-0.06947,-0.17771,-0.0198,,0.0,,,none,-0.06756,-0.02065,0.59787,-0.14716,-0.13648,0.004,,,-3.4102,0.14852,2.305,18.52224,55,336.76802,0.42335,1.145,-0.32717,70.80512,0.83,68,Components — factory automation and quality inspection,False
866,SERT.ST,Serstech AB,Stockholm,Basic Materials,Chemicals,Sweden,11.94052,0.518,SEK,52.2,48.2,59.6,26.6,96.3,59.0,36.0,,,-5.034,3.75,2.75532,3.59055,-0.23166,,-0.21799,,0.0,3.2471,1.0,none,-0.57784,-0.26209,0.6849,-0.40359,-0.78929,1.16,,,-0.52879,0.27764,1.281,3.32554,24,138.56422,0.1254,,-0.15082,15.47414,0.83,52,Chemicals — process optimisation,False
867,TRIBO-B.ST,Tribox Group AB (publ),Stockholm,Basic Materials,Specialty Chemicals,Sweden,6.88041,0.238,SEK,52.2,53.1,50.6,35.8,90.1,57.1,46.5,,,9.627,0.619,1.65278,0.56856,-0.0,,0.02949,,0.0,,,none,0.02388,0.01953,0.30534,0.03667,0.00642,0.374,2.251,0.7821,-0.60837,0.4863,1.322,12.10138,28,432.19219,0.26,0.795,-0.18213,7.89995,1.0,55,Chemicals — formulation R&D and process control,False
868,CASY,"Casey's General Stores, Inc.",USA,Consumer Cyclical,Specialty Retail,United States,27776.37328,859.12,USD,52.1,50.7,54.7,56.7,75.0,41.8,32.0,44.83925,36.50529,22.883,1.946,8.02316,1.81035,0.0223,0.02739,0.01733,0.003,0.119,0.11031,18.0,buy,0.19153,0.07608,0.24606,0.05351,0.04068,0.145,0.66,1.59504,-2081.2268,0.73514,1.01,15343.13377,23490,653.17726,0.0056,0.619,0.6577,399970.2303,1.0,64,"Retail — inventory, pricing and service automation",False
869,LHX,"L3Harris Technologies, Inc.",USA,Industrials,Aerospace & Defense,United States,45901.61396,282.01,USD,52.1,44.0,67.1,43.4,62.0,48.5,30.4,30.58677,20.68549,32.348,5.4,2.7438,4.08658,0.03269,0.04834,,0.0177,0.5266,0.34097,18.0,buy,,,0.30414,0.09727,0.10369,1.9,-0.061,3.22693,-6050.37279,0.34574,,11232.28797,45000,249.6064,0.00422,0.746,0.07191,345903.77137,0.67,72,Defence — autonomy and sensor fusion are budget priorities,False
870,SHW,The Sherwin-Williams Company,USA,Basic Materials,Specialty Chemicals,United States,71394.67252,331.32,USD,52.1,50.5,55.0,75.8,46.5,19.5,39.0,31.85769,24.88993,20.983,3.995,18.33435,3.41398,0.03139,0.04018,0.02619,0.0097,0.3045,0.14572,20.0,buy,0.60723,0.09445,0.49036,0.14163,0.1086,0.068,0.075,3.1563,-12567.73829,3.29521,0.863,20912.44721,64249,325.49063,0.06275,1.1,-0.02924,664712.29131,1.0,55,Chemicals — formulation R&D and process control,False
871,SKOLON.ST,Skolon AB (publ),Stockholm,Technology,Software - Application,Sweden,51.96785,21.6,SEK,52.1,39.0,76.4,14.6,77.7,17.7,52.2,,,-125.305,2.515,102.36968,2.65529,-0.00926,,-0.00323,,0.0,0.50463,2.0,none,-0.71421,-0.04563,0.09437,-0.04223,-0.02544,0.183,,,2.74545,,0.758,19.57147,46,425.46673,0.7268,0.123,-0.36283,5.26453,0.75,92,Software economics — AI compounds both the product and dev productivity,False
872,ARCOMA.ST,Arcoma AB,Stockholm,Healthcare,Medical Devices,Sweden,10.9459,8.44,SEK,52.1,47.3,61.1,43.0,10.5,95.4,52.7,33.76,7.40351,19.384,0.683,1.59879,0.95048,0.02962,0.13507,0.11122,,0.0,,,none,0.05546,0.02952,0.39845,0.03003,0.02988,-0.107,-0.634,-7.57803,3.07647,,3.118,11.51622,31,371.49085,0.22288,0.644,-0.15431,6.34485,0.92,66,Devices — embedded intelligence differentiates hardware,False
873,XPC.ST,XP Chemistries AB (publ),Stockholm,Basic Materials,Chemicals,Sweden,4.58181,0.161,SEK,52.1,48.6,58.5,17.7,86.2,92.1,37.8,,,-3.856,106.516,1.36441,141.29517,-0.18634,,-0.11238,,0.0,,,none,-0.32254,-0.23748,0.41821,-23.0461,0.0,0.295,,,1.12779,,8.458,0.03243,2,16.21362,0.57743,1.741,-0.42705,4.17565,0.75,52,Chemicals — process optimisation,False
874,CEG,Constellation Energy Corporation,USA,Utilities,Utilities - Independent Power Producers,United States,78745.68672,252.39,USD,52.0,58.6,39.8,58.3,95.7,44.3,41.4,21.92789,18.58127,14.214,3.787,2.7314,3.01768,0.0456,0.05382,-0.04969,0.0068,0.1381,0.4177,21.0,buy,0.16105,0.04196,0.23263,0.21858,0.12693,0.638,10.91,2.71484,-18873.66873,0.66428,1.363,26094.79849,15291,1706.54624,0.00323,1.121,-0.20602,810231.68536,1.0,48,Utilities — grid optimisation inside a regulated envelope,False
875,JCI,Johnson Controls International plc,USA,Industrials,Building Products & Equipment,Ireland,74873.331,140.46,USD,52.0,50.7,54.4,59.3,62.3,40.9,37.8,42.95413,24.36947,21.886,3.87,6.33959,3.50742,0.02328,0.04103,0.03349,0.0114,0.4801,0.10876,19.0,buy,0.13449,0.05446,0.36561,0.14018,0.14452,0.082,0.389,2.04282,-7710.403,0.70317,1.036,21347.11311,87000,245.36912,0.0017,1.319,0.29731,497743.71473,1.0,54,Building products — configure-to-order automation,False
876,VIVA.ST,Viva Wine Group AB,Stockholm,Consumer Defensive,Beverages - Wineries & Distilleries,Sweden,309.52956,38.1,SEK,52.0,55.4,45.6,47.2,74.1,37.3,61.7,16.07595,14.88281,11.038,0.825,2.07471,0.57385,0.0622,0.06719,0.0351,0.042,0.654,0.05424,3.0,strong_buy,0.12779,0.04952,0.19694,0.03775,0.03562,0.51,0.238,2.89438,-116.74291,0.73693,1.098,539.39212,466,1157.49382,0.75281,0.237,-0.05693,404.39673,1.0,55,Consumer staples — demand forecasting and trade-spend optimisation,False
877,ZENA-SDR.ST,Zenith Energy Ltd. SDR,Stockholm,Energy,Oil & Gas E&P,Canada,30.38456,0.6,SEK,52.0,52.9,50.3,54.3,97.7,37.1,29.3,30.0,,,,0.61846,22.69275,0.03333,,-0.3666,,0.0,,,none,0.01884,0.04227,0.20773,10.51294,0.50722,1.901,,4.24536,-28.24963,0.73896,1.313,1.33895,8,167.3693,,1.01,0.11111,25.51204,0.83,48,Oil & gas — commodity price dominates; ops optimisation real but capped,False
878,XINT.ST,Xintela AB (publ),Stockholm,Healthcare,Biotechnology,Sweden,14.83221,0.19,SEK,52.0,42.6,69.4,33.3,98.0,8.5,33.6,,,-3.72,67.943,-6.33333,63.30394,-0.36842,,-0.30211,,0.0,,,none,,-2.16275,1.0,-25.29345,0.0,2.164,,,-1.08703,,0.448,0.2343,11,21.30014,0.07364,1.99,-0.5202,5.78377,0.67,60,"Biotech — discovery upside, binary science risk dominates",False
879,COF,Capital One Financial Corporation,USA,Financial Services,Credit Services,United States,111965.11956,208.03,USD,51.9,42.9,68.5,38.3,60.0,,36.9,64.00923,8.57412,,3.067,1.19899,3.52925,0.01562,0.11663,,0.0154,0.8612,0.23824,22.0,buy,0.03259,0.00487,0.0,0.28586,0.08876,0.463,-0.032,,20541.56404,,,31724.92078,77100,411.47757,0.01892,1.022,-0.03636,854136.7398,0.58,82,Credit — underwriting and collections are data decisions at scale,False
880,ETN,Eaton Corporation plc,USA,Industrials,Specialty Industrial Machinery,Ireland,135699.68864,399.99,USD,51.9,47.4,60.2,66.1,50.3,32.4,31.2,39.06152,25.35271,27.817,6.186,7.87568,5.44548,0.0256,0.03944,0.01704,0.011,0.4129,0.13951,25.0,buy,0.20845,0.07022,0.37105,0.16105,0.13986,0.168,-0.094,3.32366,-18419.34477,1.10463,1.193,24919.67246,97303,256.10385,0.00055,1.181,0.07047,910637.56577,1.0,62,Machinery — predictive maintenance and embedded software,False
881,SPG,"Simon Property Group, Inc.",USA,Real Estate,REIT - Retail,United States,75925.69773,228.7,USD,51.9,59.1,38.5,86.9,64.3,7.1,49.3,15.89298,33.92979,21.186,15.662,15.39238,13.07065,0.06292,0.02947,0.02871,0.0385,0.6015,-0.01871,19.0,buy,1.1359,0.05562,0.81582,0.43376,0.70594,0.193,0.164,5.78754,-24853.3529,4.57473,0.196,5808.86997,3100,1873.82902,0.01798,1.327,0.39656,376841.66833,1.0,38,REIT — financial asset; minimal AI operating leverage,False
882,TTWO,"Take-Two Interactive Software, Inc.",USA,Communication Services,Electronic Gaming & Multimedia,United States,38393.51023,236.68,USD,51.9,38.7,76.3,37.0,51.4,46.2,28.4,,23.65875,56.96,6.747,12.49828,6.6017,-0.0068,0.04227,0.03295,,0.0,0.20052,29.0,strong_buy,-0.10558,-0.00535,0.57671,0.02328,-0.0448,0.061,,1.22892,-846.61527,0.8426,1.236,5815.69674,12909,450.51489,0.0135,0.961,0.0218,506438.07421,0.92,85,Gaming — content pipelines and live-ops are AI-automatable,False
883,HUSQ-B.ST,Husqvarna AB (publ),Stockholm,Industrials,Tools & Accessories,Sweden,1891.95158,36.5,SEK,51.9,50.5,54.4,47.4,16.5,52.1,76.1,14.71774,7.22772,6.75,0.696,0.82956,0.4641,0.06795,0.13836,0.06914,0.0411,0.4032,0.24384,5.0,hold,0.05645,0.03122,0.31239,0.13558,0.03164,-0.059,-0.348,2.24941,-945.81694,0.53914,1.597,4076.5754,11655,349.77052,0.15982,1.473,-0.30793,4604.21867,1.0,58,Industrials sector default,False
884,LAMOR.HE,Lamor Corporation Oyj,Helsinki,Industrials,Specialty Business Services,Finland,25.01886,0.928,EUR,51.9,37.4,78.8,41.5,12.2,25.3,55.5,,30.93333,9.614,0.828,0.44788,0.27724,-0.14009,0.03233,0.15286,,0.0,0.18534,1.0,none,-0.05524,0.02122,0.44634,0.06986,-0.04012,-0.14,,6.18896,-48.113,0.99382,1.051,90.243,552,163.4837,0.64589,0.906,-0.29962,15.06422,0.92,82,Business services — back-office process automation,False
885,CRL,"Charles River Laboratories International, Inc.",USA,Healthcare,Diagnostics & Research,United States,9441.5779,224.35,USD,51.8,41.7,70.6,47.4,36.1,36.3,41.5,,18.19611,15.43,3.409,3.67486,2.68346,-0.01649,0.05496,0.0472,,0.0,0.02934,15.0,buy,-0.0587,0.04264,0.34457,0.15924,-0.04585,0.012,,3.22912,-2509.87978,1.02551,1.361,3518.42853,18300,192.26385,0.00636,1.399,0.49776,172058.67627,0.92,74,Diagnostics — imaging and lab interpretation are AI-tractable,False
886,DPZ,"Domino's Pizza, Inc.",USA,Consumer Cyclical,Restaurants,United States,9362.83989,322.18,USD,51.8,53.8,48.1,67.4,35.6,39.2,57.3,18.54807,15.50032,15.287,3.137,,2.1525,0.05391,0.06451,0.04896,0.0247,0.4151,0.21316,28.0,buy,,0.32489,0.28701,0.19345,0.11888,0.035,-0.046,4.79859,-4283.6212,,1.603,4349.74339,6200,701.57152,0.0047,0.975,-0.303,271759.58113,0.83,55,Restaurants — ordering and kitchen workflow automation,False
887,URI,"United Rentals, Inc.",USA,Industrials,Rental & Leasing Services,United States,57208.83224,1045.21,USD,51.8,51.2,53.0,72.8,46.3,21.0,44.5,26.73855,19.3319,17.669,4.909,7.31115,4.00115,0.0374,0.05173,0.02857,0.0075,0.1876,0.11106,21.0,buy,0.28237,0.08865,0.38393,0.23087,0.15319,0.072,0.066,3.26875,-12985.80331,1.67473,0.802,14298.10064,28500,501.68774,0.00433,1.794,0.34342,479993.44624,1.0,58,Rental — utilisation and pricing optimisation,False
888,HPOL-B.ST,HEXPOL AB (publ),Stockholm,Basic Materials,Specialty Chemicals,Sweden,2319.59985,74.3,SEK,51.8,52.2,51.1,56.6,16.8,53.7,69.9,13.86194,10.02699,9.035,1.519,1.70997,1.36773,0.07214,0.09973,0.04755,0.0565,0.7836,0.10363,5.0,buy,0.12311,0.06798,0.21025,0.14702,0.09877,-0.114,-0.158,0.89987,-256.59873,0.32079,0.96,1695.94443,4831,351.05453,0.2168,0.846,-0.15568,3347.10592,1.0,55,Chemicals — formulation R&D and process control,False
889,CLX,The Clorox Company,USA,Consumer Defensive,Household & Personal Products,United States,10176.11085,96.32,USD,51.7,52.7,49.7,77.2,32.9,20.4,53.6,15.66179,15.99484,11.853,2.234,,1.72295,0.06385,0.06252,0.00539,0.0515,0.8033,0.08523,17.0,hold,5.46099,0.11037,0.43846,0.17006,0.11183,0.001,0.027,2.58556,-2877.968,48.76087,0.84,5906.21217,7600,777.13318,0.00721,0.531,-0.239,247686.47133,1.0,55,Staples — marketing and supply-chain optimisation,False
890,CSX,CSX Corporation,USA,Industrials,Railroads,United States,82390.38858,50.75,USD,51.7,51.9,51.4,75.5,48.0,27.6,39.1,31.13497,22.8477,17.0,7.959,6.94539,6.66388,0.03212,0.04377,0.01198,0.011,0.3252,-0.00236,23.0,buy,0.23684,0.07084,0.46816,0.36157,0.21553,0.017,0.265,2.76528,-16006.18379,1.4306,0.966,12363.72911,22200,556.92473,0.00222,1.211,0.47701,555554.8407,1.0,55,Rail — network optimisation on a fixed asset base,False
891,TROAX.ST,Troax Group AB (publ),Stockholm,Industrials,Metal Fabrication,Sweden,759.40414,140.0,SEK,51.7,48.0,58.5,48.3,82.3,37.0,30.3,311.1111,202.89854,17.30831,2.75796,4.25535,2.69828,0.00321,0.00493,0.00034,0.0185,6.0,0.12663,4.0,strong_buy,0.01499,0.05399,0.36043,0.09145,0.00872,0.226,,4.12978,-185.2,1.2615,1.816,281.44,1394,201.89383,0.05954,1.183,-0.04241,943.00352,0.92,58,Industrials sector default,False
892,MIDS.ST,Midsummer AB (publ),Stockholm,Technology,Solar,Sweden,65.29468,1.368,SEK,51.7,49.0,56.7,35.1,99.1,79.1,16.6,,-5.26154,34.592,3.27,2.11765,3.37199,-0.06579,-0.19006,-0.05438,,0.0,,,none,-0.15919,-0.02893,0.30316,0.16892,-0.17042,9.097,,-1.0759,1.96958,0.37587,2.958,19.36382,120,161.36519,0.40181,0.617,-0.20742,140.76384,0.92,55,Solar — manufacturing automation and grid software,False
893,BONAS.ST,Bonäsudden Holding AB (publ),Stockholm,Real Estate,Real Estate Services,Sweden,38.36177,156.0,SEK,51.7,58.7,38.7,64.2,72.2,10.1,67.5,9.25267,,,24.046,0.72244,8.21692,0.10808,,0.02101,,0.0,,,none,0.06334,0.01572,0.72686,0.57931,0.55842,0.054,4.335,,-73.89799,1.50621,0.259,4.66863,1,4668.62862,0.14189,-0.085,0.10638,0.73526,0.83,40,Real estate — asset returns dominate; admin automation marginal,False
894,HELIO.ST,Heliospectra AB (publ),Stockholm,Industrials,Electrical Equipment & Parts,Sweden,5.06325,0.0935,SEK,51.7,48.1,58.4,8.4,97.0,81.4,45.3,,-0.28333,-1.245,1.44,4.06522,1.7397,-0.32086,-3.52941,,,0.0,0.28342,1.0,none,-1.64126,-0.5724,0.18645,-1.63431,-1.31467,1.622,,,0.87358,,2.702,2.91042,15,194.02768,0.86888,0.57,-0.63189,0.27956,0.67,60,"Electrical — electrification tailwind, moderate AI angle",False
895,VINCIT.HE,Vincit Oyj,Helsinki,Technology,Software - Application,Finland,14.75197,0.872,EUR,51.7,34.2,84.1,24.9,11.1,70.6,42.4,,8.72,28.84,0.208,0.53927,0.2327,-0.09174,0.11468,0.31673,0.0902,0.0,0.31881,1.0,buy,-0.0442,0.00659,0.20429,-0.02418,-0.02071,-0.155,,-2.82344,1.291,0.15687,1.075,63.396,460,137.81739,0.39779,0.856,-0.44281,18.15591,0.92,92,Software economics — AI compounds both the product and dev productivity,False
896,CHD,"Church & Dwight Co., Inc.",USA,Consumer Defensive,Household & Personal Products,United States,20302.21865,98.07,USD,51.6,52.9,49.3,70.4,32.8,50.7,47.0,32.25987,24.22612,18.092,4.047,5.54977,3.74465,0.031,0.04128,0.04858,0.0125,0.3923,0.0551,19.0,buy,0.16779,0.0814,0.4547,0.20234,0.11812,0.002,0.022,1.35014,-1637.3139,0.56794,1.217,5421.65819,5550,976.87535,0.00196,0.467,0.01637,171788.57298,1.0,55,Staples — marketing and supply-chain optimisation,False
897,COST,Costco Wholesale Corporation,USA,Consumer Defensive,Discount Stores,United States,364556.50397,940.87,USD,51.6,51.6,51.5,55.9,75.8,54.1,29.2,47.39899,41.54588,30.137,1.416,25.23928,1.42123,0.0211,0.02407,0.01667,0.0062,0.2701,0.14459,35.0,buy,0.29152,0.08666,0.12876,0.03673,0.0301,0.215,0.455,-0.06512,784.58251,0.60257,1.072,256506.96336,341000,752.21983,0.0016,0.872,-0.00706,1933190.38872,1.0,62,Discount retail — supply-chain automation at scale,False
898,CRH,CRH plc,USA,Basic Materials,Building Materials,Ireland,60085.36429,102.92,USD,51.6,52.8,49.5,51.9,60.5,46.0,52.2,19.09462,15.39852,11.53,2.297,2.98111,1.80687,0.05237,0.06494,0.01143,0.0152,0.2783,0.38561,22.0,strong_buy,0.15812,0.0605,0.36089,-0.00041,0.09645,0.091,,2.26665,-15017.15536,0.83227,1.59,33253.89549,83032,400.49494,0.00144,1.189,0.09199,416192.39173,0.92,52,Materials — logistics and process automation,False
899,DHI,"D.R. Horton, Inc.",USA,Consumer Cyclical,Residential Construction,United States,37013.39052,149.39,USD,51.6,56.6,42.4,56.2,23.5,74.9,70.0,14.02723,12.44867,11.166,1.429,1.80172,1.27034,0.07129,0.08033,0.06787,0.012,0.1596,0.12457,13.0,hold,0.13084,0.07298,0.21597,0.11257,0.09513,-0.023,-0.132,1.10704,-4128.66961,0.27453,6.37,29136.49714,14341,2031.69215,0.11606,1.361,0.13847,307655.9964,1.0,52,"Construction — planning automation, execution stays physical",False
900,BHG.ST,BHG Group AB (publ),Stockholm,Consumer Cyclical,Internet Retail,Sweden,309.80232,19.07,SEK,51.6,43.0,67.5,32.7,39.8,40.0,58.7,38.91837,15.63115,11.569,0.502,0.57985,0.31319,0.02569,0.06397,0.08821,,0.0,0.55567,3.0,buy,0.02466,0.01979,0.17532,0.03685,0.00816,0.104,-0.262,3.92131,-168.47052,0.39734,1.039,989.17859,1528,647.36819,0.05154,,-0.23903,680.74782,1.0,82,"E-commerce — recommendation, logistics and support automation",False
901,ELLOS.ST,Ellos Holding AB (publ),Stockholm,Consumer Cyclical,Internet Retail,Sweden,130.09752,58.0,SEK,51.6,41.3,70.8,42.0,43.8,26.5,46.1,52.25225,,10.937,0.682,1.5625,0.41086,0.01914,,,,0.0,,,none,,,0.44168,0.01419,0.00784,0.037,,5.6581,-111.7487,1.72073,1.395,316.647,493,642.286,0.0,,-0.06012,707.16345,0.67,82,"E-commerce — recommendation, logistics and support automation",False
902,EXEL.HE,Exel Composites Plc,Helsinki,Basic Materials,Specialty Chemicals,Finland,82.02702,11.65,EUR,51.6,46.6,60.9,57.4,79.1,23.8,23.6,,13.23864,18.085,0.967,2.93303,0.75885,-0.06438,0.07554,,,0.0,-0.09871,1.0,none,,,0.62968,0.05024,-0.01985,0.194,,3.87944,-22.429,1.22352,,108.094,698,154.86246,0.14722,0.938,1.08781,160.7001,0.58,55,Chemicals — formulation R&D and process control,False
903,CHECK.ST,Checkin.Com Group AB (publ),Stockholm,Technology,Software - Application,Sweden,6.98889,2.58,SEK,51.6,37.4,78.0,15.1,8.9,84.9,58.8,,,3.671,0.76,1.22799,0.90585,-1.63566,,0.57007,,0.0,,,none,-1.01458,-0.55456,0.33931,-0.18433,-1.48227,-0.198,,-0.70689,1.12836,0.04673,2.345,7.71527,16,482.20463,0.58914,0.26,-0.67424,6.43995,0.92,92,Software economics — AI compounds both the product and dev productivity,False
904,SOLV,Solventum Corporation,USA,Healthcare,Medical Instruments & Supplies,United States,12302.42641,81.31,USD,51.5,45.2,63.3,61.0,13.3,28.3,56.4,9.95226,11.47388,16.736,2.277,2.83953,1.70429,0.10048,0.08715,0.02681,,0.0,0.02551,13.0,buy,0.34795,0.02747,0.53655,0.0558,0.17332,-0.03,-0.91,4.20818,-4132.60095,1.0648,1.071,7218.50972,20584,350.68547,0.15067,0.716,0.124,118862.91547,1.0,66,Instruments — software layer increasingly the differentiator,False
905,PUBLI.ST,PPI Public Property Invest AB (publ),Stockholm,Real Estate,Real Estate Services,Sweden,1704.85756,19.89,SEK,51.5,58.1,39.2,67.8,98.5,8.8,44.5,39.0,,,18.734,0.90855,7.85527,0.02564,,,0.0503,0.4863,0.28043,3.0,strong_buy,0.02951,0.02933,0.83023,0.72172,0.16745,2.878,,,-2362.86563,1.47958,0.086,217.03361,28,7751.20032,0.76196,,-0.0055,1804.14907,0.67,40,Real estate — asset returns dominate; admin automation marginal,False
906,BIM.ST,BIMobject AB,Stockholm,Technology,Software - Application,Sweden,68.26115,5.1,SEK,51.5,34.1,83.7,13.1,31.4,64.8,45.0,,-13.42105,-11.349,3.337,5.04451,4.18474,-0.06667,-0.07451,-0.05237,,0.0,,,none,-0.31601,-0.13195,0.09596,-0.28543,-0.28136,-0.003,,,13.83068,,1.764,16.31192,149,109.47598,0.54512,0.846,-0.20063,73.64424,0.75,92,Software economics — AI compounds both the product and dev productivity,False
907,ETTE.HE,Etteplan Oyj,Helsinki,Industrials,Engineering & Construction,Finland,192.90902,7.64,EUR,51.5,44.0,65.5,40.5,14.9,34.8,72.2,20.64865,9.35506,9.976,0.735,1.57396,0.54028,0.04843,0.10689,0.17327,0.0288,0.5946,0.06894,3.0,buy,0.07591,0.03725,0.20452,0.02398,0.02609,-0.046,-0.556,2.6429,-69.524,0.8245,0.985,357.056,3748,95.26574,0.71278,0.582,-0.2893,39.27724,1.0,66,"Engineering — design, tendering and site planning automate",False
908,ELEAV.HE,Elecster Oyj,Helsinki,Industrials,Specialty Industrial Machinery,Finland,10.56969,2.82,EUR,51.5,44.4,64.6,36.1,12.1,67.5,64.1,,,7.466,0.405,0.45742,0.33454,-0.02482,,0.49104,,0.0,,,none,-0.0123,0.01324,0.51654,-0.02624,-0.00915,-0.141,,1.29953,-2.23,0.41106,2.777,31.595,193,163.70466,0.57164,0.478,-0.09615,1.1562,0.92,62,Machinery — predictive maintenance and embedded software,False
909,KR,The Kroger Co.,USA,Consumer Defensive,Grocery Stores,United States,31484.58053,58.82,USD,51.4,48.3,57.1,49.9,42.3,20.8,64.3,34.39766,10.62178,8.444,0.459,6.35754,0.24243,0.02907,0.09415,0.0831,0.0245,0.8012,0.20089,22.0,buy,0.13779,0.05771,0.23979,0.03224,0.00708,0.022,0.132,2.63849,-18626.4109,3.73449,0.791,129871.14312,400000,324.67786,0.08488,0.435,-0.18328,382429.16573,1.0,62,Grocery — thin margins make automation gains material,False
910,LIAB.ST,Lindab International AB (publ),Stockholm,Industrials,Building Products & Equipment,Sweden,835.10129,119.6,SEK,51.4,50.1,53.7,46.7,27.2,46.5,71.3,13.45332,8.74908,10.175,1.065,1.2283,0.7257,0.07433,0.1143,0.06192,0.0468,0.6187,0.40468,3.0,buy,0.09583,0.03679,0.28269,0.06594,0.05403,0.016,-0.216,3.20993,-386.66555,0.65667,1.721,1150.75156,4958,232.09995,0.10633,,-0.42775,1271.00588,1.0,54,Building products — configure-to-order automation,False
911,LOGI-B.ST,Logistea AB (publ),Stockholm,Real Estate,Real Estate Services,Sweden,609.2862,13.16,SEK,51.4,57.6,39.9,75.2,44.6,16.4,66.4,8.17391,12.18518,15.994,13.234,0.80141,5.67268,0.12234,0.08207,0.06174,0.0152,0.0621,0.31079,4.0,strong_buy,0.10277,0.0334,0.90295,0.85047,0.69198,0.235,-0.592,9.1382,-812.12459,1.12983,0.695,107.40709,28,3835.96765,0.27222,1.602,-0.2148,1767.61377,1.0,40,Real estate — asset returns dominate; admin automation marginal,False
912,DUST.ST,Dustin Group AB (publ),Stockholm,Technology,Information Technology Services,Sweden,218.27451,1.774,SEK,51.4,40.5,71.6,20.2,40.6,44.6,62.0,1.62752,1.72233,-1.799,0.188,0.5145,0.11333,0.61443,0.58061,-0.33864,,0.0,0.02875,2.0,hold,-0.16257,-0.10518,0.13351,0.01512,-0.03892,0.027,,,-143.84393,0.62244,1.191,1925.986,1912,1007.31485,0.57416,1.065,0.06355,210.2771,0.83,90,IT services — delivery is labor-hours that AI directly automates,False
913,BICO.ST,BICO Group AB (publ),Stockholm,Healthcare,Medical Devices,Sweden,89.04389,13.92,SEK,51.4,43.7,65.6,25.2,28.4,68.1,63.3,,-26.26415,-6.879,0.622,0.61063,0.65827,-1.50287,-0.03807,0.58591,,0.0,1.22701,3.0,none,-0.69294,-0.04176,0.51541,-0.27645,-0.66088,-0.014,,,4.86731,0.42926,2.24,135.2695,557,242.85368,0.3001,2.561,-0.60477,418.77375,0.83,66,Devices — embedded intelligence differentiates hardware,False
914,NORRH.HE,Norrhydro Group Oyj,Helsinki,Industrials,Specialty Industrial Machinery,Finland,13.28647,1.205,EUR,51.4,45.0,63.4,49.1,12.6,31.4,68.5,30.125,10.95455,8.781,0.733,1.55284,0.46257,0.0332,0.09129,0.13584,0.0166,0.4878,0.16183,1.0,buy,0.0603,0.03952,0.5204,0.01687,0.01696,-0.135,,3.24025,-7.77,0.97479,1.062,28.72323,135,212.7647,0.0,0.706,-0.13929,13.4237,0.92,62,Machinery — predictive maintenance and embedded software,False
915,UAL,"United Airlines Holdings, Inc.",USA,Industrials,Airlines,United States,32727.57256,115.41,USD,51.3,51.8,50.3,53.3,47.0,23.3,67.6,10.80618,7.51079,7.685,0.866,2.35969,0.59551,0.09254,0.13314,0.0243,,0.0,0.37525,23.0,strong_buy,0.23252,0.03381,0.31816,0.05534,0.05558,0.16,-0.172,2.40178,-14879.98519,2.01641,0.78,54957.48045,117500,467.72324,0.0061,1.258,0.2497,597779.80187,1.0,55,"Airlines — pricing/scheduling optimise, fuel and fleet dominate",False
916,WAYS.ST,Waystream Holding AB (publ),Stockholm,Technology,Communication Equipment,Sweden,30.52141,38.4,SEK,51.3,43.1,66.5,38.4,50.7,79.8,25.3,182.85716,16.99115,23.937,2.16,3.55292,2.26318,0.00547,0.05885,-0.00585,,0.0,0.51042,2.0,strong_buy,0.02068,0.01717,0.52084,-0.01861,0.01108,0.059,,-1.14794,1.39675,0.06693,1.64,13.48607,25,539.44284,0.6246,0.832,-0.06341,22.73137,0.92,74,"Network equipment — AI traffic drives demand, ops automate",False
917,RPLAN.ST,Ranplan Group AB,Stockholm,Technology,Software - Application,Sweden,4.89294,0.7,SEK,51.3,28.8,93.0,36.2,15.7,67.9,9.2,,,,2.807,-50.0,2.53535,-0.3,,-0.24595,,0.0,,,none,,-0.70251,0.99812,-0.62065,-0.75507,-0.101,,,-0.52416,,1.884,1.92988,47,41.06135,0.94845,-0.782,-0.62963,0.51652,0.58,92,Software economics — AI compounds both the product and dev productivity,False
918,OPTOMED.HE,Optomed Oyj,Helsinki,Healthcare,Health Information Services,Finland,35.49016,1.656,EUR,51.3,35.9,79.9,28.6,10.5,81.6,38.5,,-15.05454,-5.701,1.842,1.56226,2.16061,-0.1872,-0.06643,-0.11471,,0.0,0.44928,3.0,none,-0.27264,-0.12488,0.63813,-0.40853,-0.37502,-0.167,,,5.236,0.11075,2.507,16.426,110,149.32727,0.05645,1.562,-0.6043,154.3955,0.83,80,Health IT — records and diagnostics are data problems,False
919,IMS.ST,Invent Medic Sweden AB,Stockholm,Healthcare,Medical Devices,Sweden,1.50345,0.0915,SEK,51.3,40.2,71.8,28.0,42.0,72.4,37.1,,,-23.295,13.211,1.66364,2.2225,-0.32787,,-0.27328,,0.0,,,none,-0.75441,-0.28134,0.7809,-0.37737,-0.62065,0.03,,,-0.09898,0.26159,2.089,0.67647,7,96.63805,0.27544,0.861,-0.4521,1.10195,0.83,66,Devices — embedded intelligence differentiates hardware,False
920,NOHO.HE,NoHo Partners Oyj,Helsinki,Consumer Cyclical,Restaurants,Finland,156.7808,7.45,EUR,51.2,47.0,58.9,50.8,26.9,7.4,75.9,17.32558,10.25225,10.461,1.351,1.52821,0.4325,0.05772,0.09754,0.29125,0.0523,1.0698,0.22595,3.0,strong_buy,0.10697,0.0353,0.40497,0.05998,0.08855,0.058,-0.75,6.78419,-317.5,2.72519,0.288,362.5,2800,129.46429,0.46997,0.598,-0.17038,63.21325,1.0,55,Restaurants — ordering and kitchen workflow automation,False
921,SODER.ST,Söder Sportfiske AB,Stockholm,Consumer Cyclical,Leisure,Sweden,12.45834,16.25,SEK,51.2,51.3,51.1,35.7,26.8,87.2,67.8,19.57831,,8.872,0.442,1.54615,0.56657,0.05108,,0.06066,0.0492,0.964,,,none,0.07896,0.02699,0.25763,-0.05519,0.02885,-0.022,,-2.4876,2.72823,,2.546,21.989,41,536.31702,0.40166,0.88,-0.47917,15.91596,0.83,58,Leisure — dynamic pricing and personalisation,False
922,AMT,American Tower Corporation,USA,Real Estate,REIT - Specialty,United States,69223.05361,170.06,USD,51.1,58.2,37.9,81.8,66.5,7.0,50.6,27.38486,24.75033,18.511,11.958,22.49768,7.323,0.03652,0.0404,0.05824,0.041,0.8226,0.26528,23.0,buy,0.29952,0.04911,0.73964,0.45907,0.26807,0.068,0.769,6.22674,-38025.52064,4.4455,0.304,9452.82299,4866,1942.627,0.00077,0.909,-0.24918,473975.34426,1.0,38,REIT — financial asset; minimal AI operating leverage,False
923,TT,Trane Technologies plc,USA,Industrials,Building Products & Equipment,Ireland,90770.1431,469.98,USD,51.1,51.5,50.5,71.7,40.1,51.9,35.5,35.84897,27.50863,25.383,4.974,12.10135,4.80918,0.02789,0.03635,0.02563,0.0089,0.2956,0.11269,21.0,buy,0.3663,0.11342,0.35925,0.15521,0.13415,0.06,-0.021,0.83663,-3094.47069,0.53597,1.095,18874.36657,44000,428.96288,0.00265,1.195,0.06215,558517.97158,1.0,54,Building products — configure-to-order automation,False
924,ABERA.ST,Abera Bioscience AB,Stockholm,Healthcare,Biotechnology,Sweden,16.53622,8.9,SEK,51.1,43.4,65.5,28.5,30.5,92.1,44.9,,,-9.633,13.221,7.76614,15.42186,-0.10337,,-0.02498,,0.0,,,none,-1.01148,-0.48162,1.0,-1.64199,-1.37456,-0.006,,,2.36033,,3.69,1.07226,5,214.45164,0.0,0.653,0.14839,8.08058,0.75,60,"Biotech — discovery upside, binary science risk dominates",False
925,DAL,"Delta Air Lines, Inc.",USA,Industrials,Airlines,United States,48361.15877,84.17,USD,51.0,52.7,47.8,51.8,47.1,27.7,70.0,13.95854,9.50373,9.521,1.047,2.52361,0.81058,0.07164,0.10522,0.0509,0.0092,0.1244,0.25366,24.0,strong_buy,0.20125,0.04019,0.187,0.07921,0.05784,0.187,-0.254,2.18716,-14345.281,0.96649,0.424,59662.35414,103000,579.24616,0.06521,1.288,0.50196,571557.75647,1.0,55,"Airlines — pricing/scheduling optimise, fuel and fleet dominate",False
926,WAB,Westinghouse Air Brake Technologies Corporation,USA,Industrials,Railroads,United States,38852.59701,262.08,USD,51.0,49.9,53.1,60.5,57.8,39.6,37.3,37.01695,21.52675,20.204,4.425,4.01041,3.86452,0.02701,0.04645,0.02526,0.0047,0.1499,0.1555,12.0,strong_buy,0.11305,0.06041,0.35239,0.18983,0.10515,0.13,0.128,2.5381,-5588.18553,0.6203,1.024,10053.66647,31000,324.31182,0.00705,0.937,0.24871,205166.82905,1.0,55,Rail — network optimisation on a fixed asset base,False
927,VOLV-B.ST,AB Volvo (publ),Stockholm,Industrials,Farm & Heavy Construction Machinery,Sweden,62499.47349,339.1,SEK,51.0,50.0,52.9,56.1,54.1,26.3,52.1,19.23426,13.61847,16.076,1.915,3.61645,1.46234,0.05199,0.07343,0.03483,0.0251,0.4824,0.01818,21.0,buy,0.20883,0.04512,0.24358,0.10563,0.07601,0.027,0.401,3.79737,-19332.09954,1.47349,1.103,42739.32546,85330,500.87104,0.01891,0.969,0.28253,90702.04636,1.0,60,Heavy equipment — autonomy retrofit is slow but real,False
928,GRNG.ST,Gränges AB (publ),Stockholm,Basic Materials,Aluminum,Sweden,1738.37241,180.1,SEK,51.0,56.6,40.5,49.8,79.4,50.1,52.6,15.98048,14.69005,9.807,0.786,1.80123,0.59795,0.06258,0.06807,-0.05394,0.0189,0.2926,0.17435,4.0,buy,0.11558,0.0503,0.25877,0.06001,0.03747,0.388,0.426,2.10268,-489.99391,0.55845,1.394,2907.2428,3533,822.8822,0.05431,0.931,0.35109,2257.70001,1.0,46,Metals — process optimisation,False
929,SFAST.ST,Stenhus Fastigheter i Norden AB (publ),Stockholm,Real Estate,Real Estate Services,Sweden,372.00315,12.36,SEK,51.0,57.1,39.7,71.7,60.4,10.7,61.2,8.46575,9.08823,15.936,11.537,0.70223,3.91415,0.11812,0.11003,0.038,0.0243,0.1781,0.05178,1.0,strong_buy,0.08695,0.03258,0.78361,0.74085,0.48471,0.026,0.846,10.52936,-724.46786,1.4049,0.391,95.04069,47,2022.14229,0.65404,1.274,0.09964,356.70363,1.0,40,Real estate — asset returns dominate; admin automation marginal,False
930,MVIR.ST,Medivir AB (publ),Stockholm,Healthcare,Biotechnology,Sweden,92.86352,1.658,SEK,51.0,46.8,58.9,5.8,94.6,92.8,39.9,,-1.34797,-8.443,83.324,4.67042,113.76235,-0.33776,-0.74186,-0.05814,,0.0,2.29825,2.0,none,-0.61649,-0.30057,0.0,-8.72727,0.0,0.833,,,12.93417,0.03351,5.338,0.81629,7,116.61342,0.39126,0.108,-0.171,367.42237,0.83,60,"Biotech — discovery upside, binary science risk dominates",False
931,AFAGR.HE,Afarak Group SE,Helsinki,Basic Materials,Other Industrial Metals & Mining,Finland,65.08868,0.249,EUR,51.0,53.8,45.8,21.2,68.9,78.0,69.6,,,-24.461,0.433,0.67847,0.46071,-0.12048,0.0,0.26198,,0.0,,,none,-0.086,-0.01949,0.21025,-0.16739,-0.06323,0.122,,,3.925,0.03548,1.704,141.27901,626,225.68532,0.28418,0.179,-0.17276,20.01487,0.83,44,Mining/metals — process optimisation at the margin,False
932,NMAN.ST,Nederman Holding AB (publ),Stockholm,Industrials,Specialty Industrial Machinery,Sweden,400.19749,126.0,SEK,50.9,45.1,61.7,51.8,19.1,38.2,58.1,18.02575,10.08,11.505,1.179,1.68043,0.79462,0.05548,0.09921,0.03038,0.0317,0.5722,0.23016,1.0,strong_buy,0.0973,0.04142,0.39331,0.07116,0.04409,-0.054,-0.218,3.74864,-193.43248,1.03075,1.615,503.63506,2353,214.03955,0.12862,0.734,-0.26316,461.83367,1.0,62,Machinery — predictive maintenance and embedded software,False
933,TOKMAN.HE,Tokmanni Group Oyj,Helsinki,Consumer Defensive,Discount Stores,Finland,417.32806,7.18,EUR,50.9,46.3,59.5,41.0,52.5,7.1,68.1,11.58065,9.06188,12.015,0.748,1.46981,0.23833,0.08635,0.11035,,0.0474,0.5484,-0.05641,4.0,none,0.13149,,0.35079,-0.03548,0.02056,0.064,,8.16015,-889.77898,3.35426,,1751.056,6301,277.90129,0.04279,0.908,-0.19326,1232.56906,0.67,62,Discount retail — supply-chain automation at scale,False
934,ACUC.ST,AcuCort AB,Stockholm,Healthcare,Drug Manufacturers - Specialty & Generic,Sweden,13.51487,0.636,SEK,50.9,46.3,59.4,6.2,92.4,92.1,39.5,,,-6.894,17.205,2.61728,20.04931,-0.18868,,-0.08869,,0.0,,,none,-0.39371,-0.23399,-1.81216,-3.17907,0.0,0.54,,,1.91728,,4.31,0.67408,5,134.8163,0.62073,1.375,-0.07153,15.52428,0.75,62,Pharma — AI aids discovery but cycles are long and regulated,False
935,BIBB.ST,BibbInstruments AB,Stockholm,Healthcare,Medical Devices,Sweden,8.46297,0.58,SEK,50.9,42.9,65.7,9.0,97.8,67.9,33.4,,,-1.381,43.926,0.7196,196.15593,-0.5,,-0.13022,,0.0,,,none,-0.40987,-0.24189,0.13235,-42.0614,0.0,1.923,,,0.24654,,1.886,0.04314,4,10.78603,0.0,1.3,-0.85166,28.22871,0.75,66,Devices — embedded intelligence differentiates hardware,False
936,COMPDM.ST,Compodium International AB (publ),Stockholm,Technology,Software - Application,Sweden,4.60131,5.9,SEK,50.9,34.3,81.8,25.9,12.3,54.6,48.5,,,-4.164,0.98,1.33273,1.10304,-0.3,,,,0.0,,,none,,,0.33446,-0.2484,-0.33031,-0.139,,,0.51184,0.00554,0.586,4.17147,15,278.09828,0.17821,0.721,-0.056,2.75567,0.58,92,Software economics — AI compounds both the product and dev productivity,False
937,ALISA.HE,Alisa Pankki Oyj,Helsinki,Financial Services,Banks - Regional,Finland,18.60217,0.124,EUR,50.9,37.1,76.4,46.3,3.3,17.5,58.6,,,10.315,2.35,0.5368,0.88141,-0.08065,0.0,4.54586,,0.0,0.29032,1.0,underperform,-0.05902,0.00743,0.47633,0.21083,-0.09974,-0.455,,6.44572,-30.99101,7.62561,1.138,21.105,79,267.1519,0.58585,0.658,-0.27059,6.24005,0.92,82,"Banking — document-heavy processes, fraud/KYC, service automation",False
938,MET,"MetLife, Inc.",USA,Financial Services,Insurance - Life,United States,52844.0508,94.0,USD,50.8,42.9,65.6,42.9,52.9,36.6,39.4,18.18182,8.53366,13.935,1.067,2.22243,0.77958,0.055,0.11718,-0.28818,0.0252,0.4391,0.02128,16.0,buy,0.13014,0.00453,0.23755,0.09919,0.04665,0.027,0.359,3.6776,-19095.58954,1.78019,2.086,67785.14187,46000,1473.59004,0.16416,0.778,0.23149,287805.54982,1.0,82,"Insurance — claims, underwriting and pricing are data workflows",False
939,UNH,UnitedHealth Group Incorporated,USA,Healthcare,Healthcare Plans,United States,338079.31687,426.09,USD,50.8,48.9,54.3,49.7,54.9,37.9,49.6,32.06095,19.24061,17.696,0.954,3.95267,0.85965,0.03119,0.05197,0.05882,0.0218,0.6657,0.10693,26.0,buy,0.14153,0.04382,0.19514,0.07133,0.03137,0.004,0.615,1.7254,-36573.08463,0.69211,0.777,393277.7209,390000,1008.40441,0.00235,0.633,0.51021,2724200.09182,1.0,66,Healthcare sector default,False
940,SCC-B.ST,SCC-B.ST,Stockholm,Technology,Consumer Electronics,Sweden,2.57652,8.9,SEK,50.8,46.3,59.3,22.4,92.9,17.1,57.8,,,-25.543,0.71,97.80219,0.66544,-0.08315,,,,0.0,,,none,-1.60189,-0.0691,0.43876,-0.06496,-0.05502,0.564,,,-0.17357,8.35605,1.052,3.87189,7,553.12717,,0.768,0.2642,6.68178,0.75,66,Consumer electronics — on-device AI features,False
941,MONI.ST,Monivent AB,Stockholm,Healthcare,Medical Devices,Sweden,1.35788,0.183,SEK,50.8,39.2,72.3,26.5,86.4,6.1,39.0,,,-1.89,3.266,182.99998,3.14138,-0.54645,,-0.0085,,0.0,,,none,-1.98158,-0.37981,0.89977,-2.47707,-1.93982,0.299,,,-0.05402,38.58537,0.606,0.43226,4,108.06423,0.21413,0.19,-0.20435,8.3587,0.83,66,Devices — embedded intelligence differentiates hardware,False
942,COP,ConocoPhillips,USA,Energy,Oil & Gas E&P,United States,122100.02107,114.71,USD,50.7,55.5,41.7,65.1,19.6,60.0,65.9,19.44237,12.8007,6.712,2.639,2.16528,2.35357,0.05143,0.07812,0.03785,0.0293,0.5492,0.22605,25.0,buy,0.11284,0.05865,0.45591,0.22051,0.12331,-0.053,-0.202,0.7266,-14821.4479,0.36143,1.289,51878.55999,9700,5348.30515,0.00123,0.122,0.26055,764722.31207,1.0,48,Oil & gas — commodity price dominates; ops optimisation real but capped,False
943,HST,"Host Hotels & Resorts, Inc.",USA,Real Estate,REIT - Hotel & Motel,United States,14511.07834,23.94,USD,50.7,60.9,31.7,58.1,63.0,52.6,67.0,16.28571,23.89222,12.298,3.323,2.40169,2.68881,0.0614,0.04185,0.0717,0.0334,0.5442,0.02351,20.0,buy,0.1487,0.04214,0.28978,0.19163,0.16367,0.028,1.053,2.36189,-3444.12561,0.80482,2.471,5396.845,162,33313.85803,0.01488,1.119,0.48881,185988.25033,1.0,38,REIT — financial asset; minimal AI operating leverage,False
944,LMT,Lockheed Martin Corporation,USA,Industrials,Aerospace & Defense,United States,102488.37223,508.77,USD,50.7,45.6,60.2,61.2,27.8,29.0,47.5,24.62585,15.85838,17.024,1.812,15.62513,1.56184,0.04061,0.06306,0.03399,0.0271,0.6538,0.19587,19.0,hold,0.6764,0.07226,0.09906,0.11004,0.06382,0.003,-0.115,2.35184,-16428.18152,2.76365,1.135,65620.11489,123000,533.49687,0.001,0.113,0.10475,610914.67556,1.0,72,Defence — autonomy and sensor fusion are budget priorities,False
945,STLD,"Steel Dynamics, Inc.",USA,Basic Materials,Steel,United States,29673.95691,235.51,USD,50.7,57.4,38.3,54.3,80.9,67.3,40.3,25.26931,12.47744,16.31,1.987,3.7118,1.7864,0.03957,0.08014,-0.00094,0.009,0.2176,0.15211,12.0,buy,0.15247,0.06657,0.14038,0.10337,0.07216,0.191,0.931,1.65765,-3353.8854,0.48123,3.13,16610.99759,14400,1153.5415,0.06526,1.542,0.75061,252363.89052,1.0,46,Steel — process and energy optimisation,False
946,FING-B.ST,Fingerprint Cards AB (publ),Stockholm,Technology,Scientific & Technical Instruments,Sweden,9.96973,14.5,SEK,50.7,40.4,69.7,26.0,44.3,81.1,34.3,,,-2.21,1.252,0.55581,1.39409,-1.25241,0.0,-0.07137,,0.0,,,none,-0.52574,-0.12825,0.62104,-1.21164,-1.52091,0.038,,,1.01516,0.03537,1.921,7.15141,39,183.36947,0.08107,0.695,-0.2602,57.09426,0.83,68,Instruments — measurement + software attach,False
947,FRAG.ST,Fragbite Group AB (publ),Stockholm,Communication Services,Electronic Gaming & Multimedia,Sweden,3.68976,5.04,SEK,50.7,35.8,78.5,35.3,0.5,33.9,60.8,2.0241,50.4,-2.016,0.227,0.67299,0.36465,0.49405,0.01984,-1.11662,,0.0,,,none,0.28811,-0.3978,0.37743,-1.55818,0.16511,-0.917,,,1.38841,,1.066,10.11875,46,219.97274,0.47037,0.681,-0.49499,1.84281,0.75,85,Gaming — content pipelines and live-ops are AI-automatable,False
948,KMI,"Kinder Morgan, Inc.",USA,Energy,Oil & Gas Midstream,United States,62785.71816,32.3,USD,50.5,54.3,43.4,65.1,68.6,20.6,48.9,21.67785,21.45851,14.152,6.006,2.2942,4.10077,0.04613,0.0466,0.02292,0.0364,0.7852,0.09391,21.0,buy,0.10597,0.04319,0.49446,0.29909,0.18917,0.138,0.36,4.32016,-28071.10873,0.9884,0.522,15310.71992,11028,1388.34965,0.12685,0.533,0.19144,289787.16927,1.0,48,Oil & gas — commodity price dominates; ops optimisation real but capped,False
949,EWRK.ST,Ework Group AB (publ),Stockholm,Industrials,Staffing & Employment Services,Sweden,93.23053,59.5,SEK,50.5,42.5,65.3,40.3,9.5,36.9,70.0,15.45455,5.67748,12.392,0.095,3.97674,0.07762,0.06471,0.17613,0.09681,0.0672,1.8182,,,none,0.23269,0.01984,0.02123,0.00462,0.00503,-0.139,-0.57,2.27187,-20.92988,0.92878,1.073,1201.13419,275,4367.76069,0.63322,0.247,-0.45212,68.21624,1.0,85,Staffing — matching and admin are directly AI-automatable,False
950,AGTIRA-B.ST,Agtira AB,Stockholm,Consumer Defensive,Farm Products,Sweden,26.95198,2.25,SEK,50.5,48.1,55.1,22.2,93.3,48.3,48.0,,,-22.373,3.784,1.77445,3.47614,-0.12,,0.00212,,0.0,,,none,-0.33465,-0.13977,0.41047,-0.14495,-0.52361,0.6,,,-2.38353,0.18433,0.769,7.75343,58,133.67988,0.06703,1.195,-0.25743,6.32859,0.83,50,Agriculture — precision farming at the margin,False
951,LASTIK.HE,Lassila & Tikanoja Plc,Helsinki,Industrials,Waste Management,Finland,257.4883,6.76,EUR,50.5,48.8,53.6,28.0,51.0,29.7,81.0,10.4,8.11048,6.735,0.97,1.50523,0.59604,0.09615,0.1233,,0.0621,0.0,0.2574,2.0,none,,,0.30116,-0.00949,0.04907,0.06,,2.59646,-161.5,1.11696,0.898,432.0,2249,192.08537,0.26528,,-0.17561,246.56424,0.67,52,Waste — route and sorting automation,False
952,MIR.ST,Miris Holding AB (publ),Stockholm,Technology,Scientific & Technical Instruments,Sweden,2.97116,24.6,SEK,50.5,39.3,71.4,30.4,9.8,72.9,52.4,5.32468,,,1.775,1.86054,1.82163,0.1878,,-0.23947,,0.0,,,none,-0.58217,-0.12085,0.80822,-0.61764,-0.29814,-0.174,,,0.07532,0.1718,1.811,1.63105,9,181.22745,0.41269,0.786,-0.30704,0.81608,0.75,68,Instruments — measurement + software attach,False
953,ARENIT-SDB.ST,Arenit Industrie SE,Stockholm,Industrials,Specialty Industrial Machinery,Germany,,107.5,SEK,50.5,48.2,54.7,33.0,76.3,46.0,,,,,,2.74007,,,,,,,-0.06955,1.0,none,,,0.0,0.1227,0.0,0.624,0.278,,-2.957,0.65508,,,399,,0.0,,0.4606,76.6438,0.42,62,Machinery — predictive maintenance and embedded software,False
954,PSA,Public Storage,USA,Real Estate,REIT - Industrial,United States,48788.59217,318.04,USD,50.4,55.8,40.4,82.9,52.6,21.7,43.4,32.88935,30.28649,20.418,14.405,11.45388,11.46291,0.0304,0.03302,0.04188,0.0377,1.2397,0.04665,16.0,buy,0.20175,0.07212,0.74768,0.46252,0.39061,0.032,0.328,2.87984,-8647.58339,1.07646,0.188,4256.21472,5770,737.64553,0.10172,0.952,0.11758,266549.40164,1.0,38,REIT — financial asset; minimal AI operating leverage,False
955,HUH1V.HE,Huhtamäki Oyj,Helsinki,Consumer Cyclical,Packaging & Containers,Finland,2826.22771,26.92,EUR,50.4,49.8,51.4,45.7,20.7,47.9,74.9,15.29546,10.26991,8.632,1.051,1.46679,0.72367,0.06538,0.09737,0.08243,0.0423,0.625,0.27043,10.0,strong_buy,0.09283,0.03971,0.17355,0.08798,0.04709,-0.055,-0.136,2.51608,-1196.89997,0.73648,1.719,3905.40006,17343,225.18596,0.03582,0.416,-0.13329,6559.97328,1.0,52,Packaging — plant automation and design,False
956,PRO.ST,Promimic AB (publ),Stockholm,Healthcare,Medical Devices,Sweden,17.80875,10.4,SEK,50.4,40.7,68.4,35.2,14.2,77.9,46.1,,,-34.515,3.502,3.54586,3.94095,-0.09423,,-0.03936,,0.0,,,none,-0.12886,-0.07432,0.85538,-0.41183,-0.15577,-0.115,,,1.98227,,2.457,4.51889,18,251.04962,0.85242,-0.318,-0.41076,7.58546,0.75,66,Devices — embedded intelligence differentiates hardware,False
957,KKR,KKR & Co. Inc.,USA,Financial Services,Asset Management,United States,82233.21316,100.94,USD,50.3,41.3,67.0,51.2,19.8,33.0,48.4,34.33333,13.6636,,6.073,3.21179,3.7122,0.02913,0.07319,,0.0074,0.2517,0.22771,19.0,buy,0.07663,0.01463,0.55542,0.11012,0.11681,-0.066,,,-9156.83165,0.69029,0.857,22152.17728,5043,4392.65859,0.2305,1.794,-0.30039,405280.38407,0.67,80,Asset management — research and back-office automation,False
958,PKG,Packaging Corporation of America,USA,Consumer Cyclical,Packaging & Containers,United States,18143.44898,233.07,USD,50.3,52.2,46.8,60.5,41.9,57.6,46.7,28.31957,18.46202,12.459,2.654,4.49838,2.25325,0.03531,0.05417,0.01885,0.0257,0.6075,0.05634,10.0,buy,0.16313,0.08369,0.21753,0.13447,0.08042,0.106,-0.155,1.94733,-3340.33016,0.95185,3.071,8052.10711,16800,479.29209,0.01624,0.818,0.15731,145439.765,1.0,52,Packaging — plant automation and design,False
959,SLB,SLB N.V.,USA,Energy,Oil & Gas Equipment & Services,United States,61379.84272,46.99,USD,50.3,52.2,46.9,55.2,30.4,57.2,60.9,20.70044,14.24945,10.6,2.215,2.68376,1.95478,0.04831,0.07018,0.04332,0.0251,0.5066,0.29741,29.0,buy,0.14066,0.06467,0.17802,0.12269,0.09263,0.027,-0.138,1.08881,-7144.24483,0.42515,1.341,31399.90549,109000,288.07253,0.00218,0.733,0.40101,582922.7341,1.0,48,Oil & gas — commodity price dominates; ops optimisation real but capped,False
960,SYY,Sysco Corporation,USA,Consumer Defensive,Food Distribution,United States,34129.11422,81.69,USD,50.3,49.8,51.3,59.8,33.8,28.1,59.5,22.69167,16.49323,11.514,0.629,17.00458,0.46744,0.04407,0.06063,0.04783,0.0269,0.6,0.07112,14.0,buy,0.81895,0.08294,0.18537,0.03748,0.02079,0.047,-0.135,2.95685,-11793.20249,6.7044,1.329,73012.49142,75000,973.49989,0.00141,0.641,0.03773,263143.68741,1.0,62,Food distribution — logistics optimisation,False
961,NETI-B.ST,Net Insight AB (publ),Stockholm,Technology,Communication Equipment,Sweden,73.88888,2.395,SEK,50.3,38.8,71.6,41.8,26.4,89.5,18.2,,26.61111,38.515,1.394,1.30163,1.5721,-0.0167,0.03758,-0.0482,,0.0,0.77453,2.0,strong_buy,0.00992,0.01105,0.52418,0.04987,0.01192,-0.023,,-3.29743,5.6081,0.05946,2.857,47.00017,191,246.07419,0.32654,0.228,-0.40423,246.59939,0.92,74,"Network equipment — AI traffic drives demand, ops automate",False
962,QBEN.ST,Qben Infra AB (publ),Stockholm,Industrials,Engineering & Construction,Sweden,56.00267,7.74,SEK,50.3,40.6,68.4,25.1,96.7,15.4,33.9,,,-12.146,1.482,1.43466,0.59849,-0.52842,,-0.6086,,0.0,0.87339,2.0,none,-0.63284,-0.04123,0.49274,-0.20913,-0.36499,1.365,,,-72.19089,2.64281,0.903,93.57397,737,126.96604,0.79173,,-0.20206,18.94312,0.83,66,"Engineering — design, tendering and site planning automate",False
963,XMR.ST,XMReality AB (publ),Stockholm,Technology,Software - Application,Sweden,3.7612,0.034,SEK,50.3,32.8,82.9,27.4,9.2,46.9,47.9,,-3.4,-19.046,2.304,4.25,2.27866,-0.0,-0.29412,-0.05998,,0.0,,,none,-0.26472,-0.06129,0.51365,-0.11749,-0.13141,-0.184,,,-0.04142,0.09732,0.444,1.65062,5,330.12364,0.42708,0.804,1.46377,54.96239,0.83,92,Software economics — AI compounds both the product and dev productivity,False
964,PNA1V.HE,Panostaja Oyj,Helsinki,Industrials,Specialty Business Services,Finland,15.26364,0.287,EUR,50.3,32.8,82.9,52.2,17.9,29.8,21.7,,28.7,,0.586,0.58691,0.11723,-0.06969,0.03484,,,0.0,0.01045,1.0,none,,,0.75415,-0.04918,-0.02806,-0.079,,,-40.062,0.99163,,130.20468,992,131.25472,0.545,0.436,-0.24074,5.60023,0.42,82,Business services — back-office process automation,False
965,PWR,"Quanta Services, Inc.",USA,Industrials,Engineering & Construction,United States,82405.03252,628.53,USD,50.2,46.0,58.1,46.6,78.6,42.0,25.6,86.21811,38.1578,37.746,3.332,10.42788,3.13127,0.0116,0.02621,0.011,0.0007,0.0576,0.20839,26.0,buy,0.13534,0.04709,0.151,0.04244,0.03668,0.263,0.51,2.23943,-5202.80663,0.69121,1.135,26316.84992,69500,378.65971,0.00648,1.215,0.57661,691527.7799,1.0,66,"Engineering — design, tendering and site planning automate",False
966,SAGA-B.ST,AB Sagax (publ),Stockholm,Real Estate,Real Estate Services,Sweden,7645.19852,170.5,SEK,50.2,56.1,39.3,74.5,68.3,13.9,47.5,11.31387,,29.654,23.166,1.86573,15.40319,0.08839,,0.02302,0.0217,0.2454,0.06012,4.0,buy,0.12469,0.02982,0.81209,0.78545,0.9832,0.046,1.764,9.89645,-3837.37934,0.93339,0.107,496.33861,107,4638.6786,0.3175,1.447,-0.20992,7835.40673,1.0,40,Real estate — asset returns dominate; admin automation marginal,False
967,TRIAN-B.ST,Fastighets AB Trianon (publ),Stockholm,Real Estate,Real Estate - Diversified,Sweden,302.47847,18.1,SEK,50.2,55.3,40.6,63.7,42.8,9.2,76.8,11.3125,17.2381,,13.417,0.62108,4.10629,0.0884,0.05801,0.04648,0.0138,0.1563,0.27072,3.0,strong_buy,0.05686,0.02148,0.67319,0.61074,0.36902,0.086,-0.056,,-685.81925,1.43803,0.09,73.66224,82,898.31999,0.64309,1.416,-0.05236,95.0264,0.83,40,Real estate — asset returns dominate; admin automation marginal,False
968,AAC.ST,AAC Clyde Space AB (publ),Stockholm,Industrials,Aerospace & Defense,Sweden,80.81189,115.0,SEK,50.2,36.8,75.1,34.9,15.7,56.3,43.5,,28.96726,-27.692,2.81,1.15685,2.94398,-0.07391,0.03452,-0.10663,,0.0,0.13478,2.0,strong_buy,-0.08067,-0.03341,0.73741,-0.29971,-0.17979,-0.101,,,-2.92691,0.08441,0.916,27.4499,198,138.63586,0.24929,0.845,-0.03035,588.01943,0.83,72,Defence — autonomy and sensor fusion are budget priorities,False
969,TALLINK.HE,AS Tallink Grupp,Helsinki,Industrials,Marine Shipping,Estonia,461.01283,0.62,EUR,50.2,51.0,48.7,30.8,59.6,27.3,80.7,15.5,,7.632,1.156,0.63265,0.59303,0.06452,,0.1963,0.0968,1.5789,,,none,0.03858,0.02633,0.19813,-0.11539,0.03666,0.088,,3.71695,-437.67499,0.61701,0.438,777.37901,4636,167.68313,0.75782,0.279,-0.00322,37.22728,0.92,46,Shipping — routing helps at the margin; the ship is the cost,False
970,LOVI.ST,Lovisagruvan AB (publ),Stockholm,Basic Materials,Other Industrial Metals & Mining,Sweden,3.46067,9.74,SEK,50.2,52.4,46.2,15.3,99.6,51.7,64.4,,,-9.26,4.716,0.86778,1.41936,-0.48871,,0.2187,,0.0,,,none,-0.03575,-0.17401,0.04461,-0.30263,-0.05948,14.2,,,-1.12392,0.28409,1.027,2.43819,15,162.54577,0.60675,0.529,-0.32361,5.68715,0.83,44,Mining/metals — process optimisation at the margin,False
971,ADMIN.HE,Administer Oyj,Helsinki,Industrials,Consulting Services,Finland,37.46069,2.22,EUR,50.2,34.6,79.2,25.7,23.0,41.7,49.3,,21.14286,8.987,0.558,1.36447,0.51101,-0.04955,0.0473,0.04533,0.0225,0.0,0.08108,2.0,none,-0.06464,-0.0001,0.20097,0.0051,-0.02243,-0.043,,1.68839,-7.67941,0.43136,0.604,73.30735,934,78.48753,0.0,0.793,-0.16541,8.1918,0.92,84,Professional services — knowledge work with billable-hour leverage,False
972,FRT,Federal Realty Investment Trust,USA,Real Estate,REIT - Retail,United States,9570.03534,126.02,USD,50.1,57.2,36.9,71.1,75.8,16.0,49.1,21.84055,40.58798,19.272,12.274,3.45459,8.34353,0.04579,0.02464,0.04098,0.0359,0.7782,0.0299,20.0,buy,0.14783,0.03321,0.67989,0.34121,0.38574,0.103,1.525,5.75691,-4205.35325,1.38432,0.659,1147.00122,314,3652.87013,0.01036,0.932,0.33538,99843.88624,1.0,38,REIT — financial asset; minimal AI operating leverage,False
973,HSIC,"Henry Schein, Inc.",USA,Healthcare,Medical Distribution,United States,8740.64335,87.82,USD,50.1,45.7,58.4,47.8,43.7,38.9,48.0,26.53172,14.86575,14.476,1.134,3.07676,0.74747,0.03769,0.06727,0.029,,0.0,0.00774,16.0,buy,0.08762,0.04355,0.31194,0.05849,0.02951,0.063,0.045,3.44561,-3154.93074,0.77748,1.364,11693.60069,25000,467.74403,0.00818,0.806,0.27146,114586.40424,1.0,66,Healthcare sector default,False
974,VLO,Valero Energy Corporation,USA,Energy,Oil & Gas Refining & Marketing,United States,80332.55008,309.65,USD,50.1,56.7,37.9,52.0,53.3,62.9,61.4,22.6187,13.89032,10.949,0.855,3.85194,0.78025,0.04421,0.07199,0.05206,0.0155,0.3353,-0.10759,18.0,buy,0.1585,0.06487,0.14563,0.06051,0.03569,0.066,,0.62567,-5030.76486,0.42664,1.576,102957.68687,9785,10521.9915,0.00406,0.545,1.11683,826059.17659,0.92,48,Oil & gas — commodity price dominates; ops optimisation real but capped,False
975,FAG.ST,Fagerhult Group AB,Stockholm,Industrials,Electrical Equipment & Parts,Sweden,283.53088,17.74,SEK,50.1,44.2,61.1,38.2,20.6,31.2,73.4,14.42276,5.18713,8.08,0.809,0.43703,0.40248,0.06933,0.19278,0.05942,0.062,1.1382,0.18377,2.0,hold,0.03009,0.0225,0.38461,0.0128,0.0278,-0.061,,4.06052,-286.44611,0.60589,0.827,704.46368,4100,171.82041,0.05256,0.736,-0.52567,510.97413,0.92,60,"Electrical — electrification tailwind, moderate AI angle",False
976,ALPCOT-B.ST,Alpcot Holding AB (publ),Stockholm,Technology,Software - Infrastructure,Sweden,23.08179,1.275,SEK,50.1,31.8,84.2,33.1,10.4,91.9,14.5,,,,,2.13568,1.90881,-0.08627,,-0.20241,,0.0,,,none,-0.08217,-0.03293,0.55212,-0.00017,-0.06398,-0.062,-0.971,,,0.04637,4.515,12.09223,41,294.93236,0.58322,1.726,0.1087,3.04016,0.83,92,Software economics — AI compounds both the product and dev productivity,False
977,HUM,Humana Inc.,USA,Healthcare,Healthcare Plans,United States,41959.09474,400.0,USD,50.0,48.7,52.3,39.3,55.3,66.0,46.5,42.73504,24.95234,12.045,0.295,2.58475,0.35003,0.0234,0.04008,0.02981,0.0089,0.3778,-0.13323,24.0,buy,0.0628,0.03643,0.14006,0.04671,0.00824,0.235,-0.046,-2.25877,6634.87833,0.77073,1.771,119871.64437,67060,1787.52825,0.00208,0.717,0.79027,569538.83553,1.0,66,Healthcare sector default,False
978,LII,Lennox International Inc.,USA,Industrials,Building Products & Equipment,United States,16538.04629,543.93,USD,50.0,51.6,47.1,73.4,37.8,41.6,40.5,24.1532,20.32987,18.056,3.962,15.5979,3.60013,0.0414,0.04919,0.00989,0.01,0.231,0.0533,13.0,buy,0.76791,0.16741,0.33193,0.14316,0.1509,0.058,-0.077,1.65081,-1664.13641,1.61043,1.572,4593.74016,5400,850.69262,0.09556,1.163,-0.095,204984.04582,1.0,54,Building products — configure-to-order automation,False
979,JOMA.ST,John Mattson Fastighetsföretagen AB (publ),Stockholm,Real Estate,Real Estate - Diversified,Sweden,393.52118,58.6,SEK,50.0,55.3,40.2,66.5,69.5,9.1,55.9,8.1958,22.45211,27.452,17.991,0.67405,6.32154,0.12201,0.04454,0.04413,0.0043,0.035,0.14334,1.0,strong_buy,0.08312,0.01782,0.72612,0.68584,0.78174,0.041,3.324,17.61142,-718.48551,1.19485,0.118,62.2508,50,1245.01597,0.56128,0.874,-0.06984,233.93174,1.0,40,Real estate — asset returns dominate; admin automation marginal,False
980,FLEXM.ST,Flexion Mobile Plc,Stockholm,Communication Services,Electronic Gaming & Multimedia,United Kingdom,17.01055,3.3,SEK,50.0,40.0,68.7,15.2,22.5,71.1,65.2,,,-68.51229,0.18456,2.05085,0.19943,-0.88182,0.0,0.18483,,0.0,,,none,-0.95416,-0.04698,0.13206,-0.02337,-0.17871,-0.047,,,16.43632,0.0291,1.325,85.29526,110,775.4115,0.33059,0.551,-0.51471,10.57797,0.83,85,Gaming — content pipelines and live-ops are AI-automatable,False
981,ANOT.ST,Anoto Group AB (publ),Stockholm,Technology,Software - Infrastructure,Sweden,12.54957,0.1256,SEK,50.0,28.7,89.7,20.3,51.8,4.8,34.9,,,-3.06,7.37,-5.23333,6.07933,-0.79618,0.0,-0.08034,,0.0,,,none,-5.13076,-0.35321,0.569,-1.30874,0.0,0.062,,,-2.66533,,0.287,2.0643,31,66.59036,0.37351,-0.473,0.90303,126.19033,0.75,92,Software economics — AI compounds both the product and dev productivity,False
982,WMT,Walmart Inc.,USA,Consumer Defensive,Discount Stores,United States,794307.71138,114.24,USD,49.9,45.7,57.7,56.2,54.0,38.1,31.7,40.22535,34.7681,21.87,1.352,9.64213,1.25345,0.02486,0.02876,0.00755,0.0087,0.3354,0.21311,41.0,buy,0.24132,0.06835,0.24976,0.04215,0.03135,0.073,0.194,1.44556,-56629.74263,0.74816,0.771,633698.99684,2100000,301.76143,0.44851,0.603,0.1941,2199873.40622,1.0,62,Discount retail — supply-chain automation at scale,False
983,SLP-B.ST,Swedish Logistic Property AB,Stockholm,Real Estate,Real Estate Services,Sweden,941.0041,36.8,SEK,49.9,55.5,39.5,74.0,56.6,11.3,55.3,13.38182,19.26702,20.737,17.754,1.16729,9.1632,0.07473,0.0519,0.04353,,0.0,0.19792,6.0,buy,0.09259,0.03293,0.87908,0.86817,0.66108,0.229,0.001,10.03402,-882.18843,1.10659,0.07,102.69387,16,6418.36696,0.19791,1.134,-0.09248,1122.61981,1.0,40,Real estate — asset returns dominate; admin automation marginal,False
984,DOM.ST,Dometic Group AB (publ),Stockholm,Consumer Cyclical,Leisure,Sweden,659.68898,22.78,SEK,49.9,46.5,56.2,39.7,17.8,43.1,75.3,23.72917,5.28538,7.39,0.907,0.317,0.36117,0.04214,0.1892,0.22818,0.0432,0.0,0.75593,7.0,strong_buy,0.01378,0.02066,0.2955,0.10186,0.01533,-0.048,-0.31,4.44786,-997.39044,0.63689,1.646,1826.55522,7036,259.60137,0.00741,1.343,-0.53998,1885.75447,1.0,58,Leisure — dynamic pricing and personalisation,False
985,QLIRO.ST,Qliro AB (publ),Stockholm,Financial Services,Credit Services,Sweden,59.28344,19.1,SEK,49.9,36.5,74.7,20.8,89.9,,19.1,,17.85047,,1.935,1.03742,1.85234,-0.10157,0.05602,,,0.0,0.3438,3.0,buy,-0.07941,-0.0141,0.0,0.00833,-0.15718,0.397,,,-5.674,,,32.0046,218,146.81008,0.33043,,-0.18376,106.14525,0.5,82,Credit — underwriting and collections are data decisions at scale,False
986,B3.ST,B3 Consulting Group AB (publ),Stockholm,Technology,Information Technology Services,Sweden,18.90062,22.0,SEK,49.9,32.5,82.2,35.3,25.0,20.6,40.3,45.83334,2.50855,10.034,0.424,0.95139,0.17657,0.02182,0.39864,-0.03866,,0.0,0.09091,1.0,hold,0.02958,0.03234,0.13243,0.03927,0.00373,-0.032,,4.58317,-20.72912,1.11091,0.713,107.04454,868,123.3232,0.32261,,-0.59781,30.56489,0.92,90,IT services — delivery is labor-hours that AI directly automates,False
987,LEVEL.ST,Nordic LEVEL Group AB (publ.),Stockholm,Industrials,Security & Protection Services,Sweden,6.51642,0.334,SEK,49.9,39.3,69.6,30.4,6.0,43.5,69.7,,,-138.61,0.422,0.37152,0.20169,-0.17964,,0.21933,,0.0,,,none,-0.05921,-0.01317,0.48718,-0.15353,-0.03185,-0.304,,,-7.26824,0.44934,0.958,32.30923,132,244.76692,0.61085,0.164,-0.50149,7.17225,0.83,72,"Security services — monitoring scales with AI, guarding less so",False
988,FIRST-B.ST,First Venture Sweden AB (publ),Stockholm,Financial Services,Asset Management,Sweden,6.27025,1.31,SEK,49.9,35.1,77.3,33.9,,92.1,8.0,,,,3534.385,0.46719,3640.9639,-0.48855,,-0.19681,,0.0,,,none,-0.22157,-0.02855,1.0,-84.47368,0.0,,,,0.18354,,11.564,0.00172,,,0.37449,0.704,-0.28997,4.88175,0.58,80,Asset management — research and back-office automation,False
989,FOAMIT.HE,Foamit Oyj,Helsinki,Industrials,Waste Management,Finland,31.56997,0.83,EUR,49.9,49.0,51.7,43.1,60.7,65.1,40.0,41.5,16.6,7.851,0.992,0.66882,0.79469,0.0241,0.06024,-0.15742,0.012,5.5,0.08434,1.0,none,0.01361,0.01139,0.48945,0.08126,0.01895,-0.033,8.698,1.56304,-7.848,0.42337,2.573,39.726,106,374.77358,0.62616,0.306,0.06138,6.01833,1.0,52,Waste — route and sorting automation,False
990,HOODIN.ST,Hoodin AB,Stockholm,Technology,Software - Application,Sweden,1.46609,0.1895,SEK,49.9,31.9,83.4,2.7,37.5,84.1,36.2,,,-7.969,17.316,4.11957,8.23407,-0.31662,,-0.21076,,0.0,,,none,-1.51192,-0.77551,-1.16045,-2.35528,-2.71338,0.017,,,0.13525,,2.998,0.17805,4,44.51308,0.63921,-0.126,-0.21042,4.25408,0.75,92,Software economics — AI compounds both the product and dev productivity,False
991,ANNX-BTA.ST,Annexin Pharmaceuticals AB BTA,Stockholm,,,Sweden,,12.4,SEK,49.9,52.1,45.7,9.5,,92.1,81.8,,,-1.809,,6.07248,,,,,,,,,none,-1.37651,-0.71964,0.0,0.0,0.0,,,,1.54702,,3.314,,4,,,0.296,-0.29545,1.13966,0.5,50,No sector data — neutral,False
992,MANTA.HE,Mandatum Oyj,Helsinki,Financial Services,Financial Conglomerates,Finland,2772.69709,5.51,EUR,49.8,48.5,52.3,33.5,1.5,87.8,77.8,29.0,17.21875,-3.201,-1.324,1.96365,6.63007,0.03448,0.05808,0.2056,0.1543,1.7368,0.00877,6.0,underperform,0.06083,0.00582,0.42013,-0.31195,0.22286,-0.714,,-19.24118,3326.8001,0.27563,174.596,418.2,634,659.62145,0.02239,0.009,-0.06388,7316.13943,0.92,58,Conglomerate — mixed exposure,False
993,MANG.ST,Mangold Fondkommission AB,Stockholm,Financial Services,Capital Markets,Sweden,72.96833,1680.0,SEK,49.8,34.6,78.1,48.0,9.6,27.5,39.3,53.46913,,,-0.009,3.32938,3.88938,0.0187,,,,0.0,,,none,0.06567,0.01149,0.82712,-0.00349,0.07128,-0.178,,,73.13653,,0.951,18.76089,68,275.89548,0.77028,0.061,-0.1016,2.74092,0.58,80,"Capital markets — research, ops and compliance are text-heavy",False
994,LEVEL-BTA.ST,Nordic LEVEL Group AB BTA,Stockholm,,,Sweden,,0.3,SEK,49.8,48.0,53.1,30.4,6.0,43.5,98.8,,,-132.023,0.402,0.3337,,,,,,,,,none,-0.05921,-0.01317,0.48718,-0.15353,-0.03185,-0.304,,,-7.26824,0.44934,0.958,32.30923,132,244.76692,,0.164,-0.16667,0.00125,0.67,50,No sector data — neutral,False
995,CMI,Cummins Inc.,USA,Industrials,Specialty Industrial Machinery,United States,78181.42982,648.48,USD,49.7,46.8,55.2,60.2,29.0,57.9,37.4,33.66978,19.03255,19.097,2.819,7.24502,2.64009,0.0297,0.05254,0.01887,0.0136,0.4062,0.16405,19.0,buy,0.21994,0.07273,0.25848,0.09764,0.07886,0.027,-0.21,1.01079,-4419.17462,0.61621,1.709,29613.18922,67400,439.36483,0.00211,1.222,0.88172,568165.67433,1.0,62,Machinery — predictive maintenance and embedded software,False
996,INTC,Intel Corporation,USA,Technology,Semiconductors,United States,417341.19171,95.04,USD,49.7,40.2,67.4,36.1,55.2,69.0,20.6,,58.89717,35.523,9.365,4.28552,8.88475,-0.00631,0.01698,-0.01738,,0.0,0.12271,41.0,hold,-0.02911,0.00631,0.372,0.06879,-0.05904,0.072,,0.86369,-10695.83381,0.36028,2.312,46972.73295,85100,551.97101,0.14719,2.187,3.08598,11150115.21361,0.92,78,Semis — rides the AI capex cycle and design automation,False
997,HUFV-A.ST,Hufvudstaden AB (publ),Stockholm,Real Estate,Real Estate Services,Sweden,2125.74024,120.7,SEK,49.7,52.9,43.8,64.6,63.6,24.1,46.4,22.81664,22.51866,22.037,10.841,0.85005,7.11382,0.04383,0.04441,0.03948,0.024,0.5482,0.11019,6.0,none,0.03768,0.02007,0.81973,0.50061,0.31837,0.006,2.779,7.57627,-1113.68024,0.46488,0.261,298.81834,555,538.41142,0.52299,1.024,-0.00984,2106.01601,1.0,40,Real estate — asset returns dominate; admin automation marginal,False
998,AQUAT.ST,Aquaticus Real Estate AB,Stockholm,Real Estate,Real Estate Services,Sweden,12.56255,45.0,SEK,49.7,51.3,46.6,66.5,35.2,46.5,46.8,,,,9.793,0.45902,2.62004,-0.15733,,0.07294,0.08,0.7233,,,none,-0.06836,0.03381,0.85293,0.80642,-0.41223,0.008,,,-34.39492,1.41801,2.239,4.7948,,,0.55943,0.324,-0.21739,3.27932,0.75,40,Real estate — asset returns dominate; admin automation marginal,False
999,PREC.ST,Precise Biometrics AB (publ),Stockholm,Industrials,Security & Protection Services,Sweden,11.92308,1.7,SEK,49.7,36.7,73.8,33.2,11.6,64.0,43.8,,-17.0,-8.077,1.658,1.04744,1.7562,-0.14118,-0.05882,-0.02422,,0.0,,,none,-0.13609,-0.06308,0.72821,-0.34183,-0.24456,-0.146,,,0.66801,0.092,1.198,6.78913,37,183.48989,0.12357,0.909,-0.46168,101.38482,0.83,72,"Security services — monitoring scales with AI, guarding less so",False
1000,BIOEX.ST,Bioextrax AB (publ),Stockholm,Industrials,Waste Management,Sweden,10.959,2.54,SEK,49.7,46.7,55.2,6.4,93.6,92.1,39.7,,,-6.401,82.464,7.15493,91.18281,-0.17323,,-0.08051,,0.0,,,none,-0.92648,-0.53077,0.12821,-18.98684,0.0,0.617,,,1.04788,,6.322,0.12019,14,8.5848,0.26219,1.584,-0.3172,26.55873,0.75,52,Waste — route and sorting automation,False
1001,RSG,"Republic Services, Inc.",USA,Industrials,Waste Management,United States,59758.29126,222.31,USD,49.6,48.6,51.5,68.0,39.5,25.4,43.6,31.84957,27.56188,15.855,4.934,5.7155,4.09684,0.0314,0.03628,0.02645,0.0112,0.3522,0.09982,24.0,buy,0.18346,0.06181,0.43049,0.20204,0.12992,0.026,0.075,2.68893,-12204.71571,1.17578,0.671,14586.42198,42000,347.29576,0.00127,0.405,-0.07386,332046.83401,1.0,52,Waste — route and sorting automation,False
1002,VMC,Vulcan Materials Company,USA,Basic Materials,Building Materials,United States,32687.06195,288.33,USD,49.6,51.4,46.2,58.3,58.3,57.9,35.6,34.12189,26.76287,18.075,5.27,4.41709,4.64033,0.02931,0.03737,0.00653,0.0072,0.2358,0.13018,22.0,buy,0.13458,0.06059,0.27684,0.15553,0.13809,0.074,0.297,2.14886,-4413.14628,0.61249,2.589,7044.11908,11548,609.98607,0.00208,1.05,0.088,286273.22474,1.0,52,Materials — logistics and process automation,False
1003,WM,"Waste Management, Inc.",USA,Industrials,Waste Management,United States,83963.52414,239.31,USD,49.6,49.0,50.7,69.5,44.8,22.6,41.2,34.58237,25.9939,15.51,4.676,9.6066,3.78157,0.02892,0.03847,0.02223,0.0148,0.4949,0.07242,25.0,buy,0.29936,0.06596,0.40605,0.1752,0.10994,0.035,0.133,2.96698,-19861.82251,2.28408,0.934,22203.33802,60500,366.99732,0.00248,0.448,0.06218,456061.763,1.0,52,Waste — route and sorting automation,False
1004,NIBE-B.ST,NIBE Industrier AB (publ),Stockholm,Industrials,Building Products & Equipment,Sweden,6706.33945,36.7,SEK,49.6,46.4,55.6,48.0,45.9,43.5,46.2,30.84034,21.71598,17.248,2.235,2.34041,1.81267,0.03243,0.04605,0.03892,0.0095,0.2521,0.17376,13.0,hold,0.07775,0.03727,0.31785,0.09016,0.05855,-0.002,0.288,3.26106,-1563.61179,0.71987,1.595,3699.69873,20500,180.47311,0.18814,0.922,-0.15864,25934.52342,1.0,54,Building products — configure-to-order automation,False
1005,BEIJ-B.ST,Beijer Ref AB (publ),Stockholm,Industrials,Industrial Distribution,Sweden,6649.57204,144.7,SEK,49.6,45.7,56.9,53.2,43.0,47.6,37.8,30.98501,26.21377,21.721,2.279,3.19687,1.96569,0.03227,0.03815,0.0227,0.0104,0.3105,0.11956,9.0,buy,0.10462,0.04593,0.32011,0.11062,0.06337,0.059,0.045,2.96144,-1051.1394,0.59644,1.609,3382.82499,7140,473.78501,0.00136,1.0,-0.10789,14758.69703,1.0,64,"Distribution — pricing, inventory and sales automation",False
1006,AXFO.ST,Axfood AB (publ),Stockholm,Consumer Defensive,Grocery Stores,Sweden,4504.43455,230.2,SEK,49.6,47.8,53.0,55.3,34.6,18.2,62.5,20.53524,18.416,12.542,0.729,8.1205,0.55273,0.0487,0.0543,0.06795,0.0391,0.7799,0.08601,6.0,hold,0.36256,0.06341,0.14748,0.04169,0.02704,0.009,0.035,2.97169,-1408.16604,2.24449,0.646,8149.43451,15000,543.29563,0.51753,0.607,-0.19482,8990.46892,1.0,62,Grocery — thin margins make automation gains material,False
1007,MSON-B.ST,Midsona AB (publ),Stockholm,Consumer Defensive,Packaged Foods,Sweden,166.74523,12.65,SEK,49.6,49.5,49.7,34.7,34.6,70.0,66.6,16.64474,2.90805,10.066,0.617,0.60061,0.5123,0.06008,0.34387,0.04926,0.0174,0.2895,,,strong_buy,0.03707,0.01978,0.27541,0.01839,0.03119,0.006,,1.44091,-28.73253,0.19511,2.299,325.48431,697,466.97892,0.16749,,0.58125,277.33184,0.92,55,Consumer staples — demand forecasting and trade-spend optimisation,False
1008,BALL,Ball Corporation,USA,Consumer Cyclical,Packaging & Containers,United States,14587.57431,62.71,USD,49.5,52.2,44.6,52.9,65.3,27.0,55.4,18.2828,13.8805,11.768,1.768,2.98066,1.22165,0.0547,0.07204,0.02417,0.0128,0.2332,0.13447,14.0,buy,0.16786,0.04701,0.1917,0.09353,0.06863,0.163,0.219,3.6264,-6504.69658,1.45542,1.119,11940.85853,16000,746.30366,0.00256,0.986,0.08102,158987.73863,1.0,52,Packaging — plant automation and design,False
1009,SDIP-B.ST,Sdiptech AB (publ),Stockholm,Industrials,Conglomerates,Sweden,829.89497,241.0,SEK,49.5,45.2,57.5,45.5,41.2,41.3,49.6,,16.13119,13.179,2.472,2.30748,1.78342,-0.00992,0.06199,0.07541,,0.0,0.22905,5.0,strong_buy,-0.01792,0.03217,0.321,0.16473,-0.02279,0.004,0.153,3.67082,-320.40852,0.99758,1.882,465.34014,2073,224.47667,0.11829,,0.21227,1525.16822,1.0,58,Conglomerate — mixed exposure,False
1010,TYRES.HE,Nokian Renkaat Oyj,Helsinki,Consumer Cyclical,Auto Parts,Finland,2103.97632,15.26,EUR,49.5,47.4,53.4,37.4,81.7,40.8,39.5,109.0,18.42995,17.339,2.056,1.8072,1.48167,0.00917,0.05426,0.03658,0.0164,1.7857,-0.28162,8.0,hold,0.01717,0.01902,0.2357,0.0916,0.01373,0.105,31.177,4.84026,-815.09997,0.79586,1.822,1420.0,3936,360.77236,0.12845,1.246,0.97668,5989.41266,1.0,58,"Auto supply — factory automation, EV/AI transition risk",False
1011,KLIMAT.ST,Klimator AB (publ),Stockholm,Technology,Software - Application,Sweden,12.07593,3.8,SEK,49.5,32.1,81.7,25.2,35.7,68.3,19.5,,,82.551,3.392,14.90196,3.59828,-0.0,,-0.01935,,0.0,,,none,-0.05902,0.02681,0.12701,-0.21999,-0.00744,0.01,,-5.00988,0.69094,0.53027,1.442,3.35603,17,197.41366,0.63485,0.395,0.52,5.89902,0.92,92,Software economics — AI compounds both the product and dev productivity,False
1012,STRD-B.ST,Suntrade Group AB (publ),Stockholm,Basic Materials,Chemicals,Sweden,7.90241,0.045,SEK,49.5,50.6,47.4,26.0,99.9,16.7,63.4,,,-31.139,10.855,22.5,11.34816,0.0,,,,0.0,,,none,,,0.40793,-3.27837,-0.57532,570.717,,,-0.1124,1.18388,0.53,0.69636,1,696.36093,0.76157,,-0.4375,22.83988,0.58,52,Chemicals — process optimisation,False
1013,PREBON.ST,Prebona AB (publ),Stockholm,Basic Materials,Specialty Chemicals,Sweden,2.05007,0.61,SEK,49.5,42.2,63.1,26.7,88.6,19.2,40.9,,,-24.568,32.841,11.73077,5.44007,-0.31148,,-0.06903,,0.0,,,none,-2.29629,-0.19748,0.79352,-1.37805,-1.59185,0.35,,,-0.96732,6.49642,1.104,0.37685,3,125.61507,0.50193,0.207,-0.57639,2.99958,0.83,55,Chemicals — formulation R&D and process control,False
1014,BAX,Baxter International Inc.,USA,Healthcare,Medical Instruments & Supplies,United States,10202.51342,22.61,USD,49.4,42.3,62.7,37.5,41.5,35.1,52.0,,11.27456,10.121,1.707,1.93231,1.03157,-0.08448,0.0887,0.07715,0.0088,3.0769,-0.02899,11.0,hold,-0.15011,0.02849,0.34647,0.06035,-0.097,0.029,,4.01781,-6701.27931,1.61021,1.854,9890.28473,37500,263.74093,0.00339,0.613,-0.17391,140201.37724,0.92,66,Instruments — software layer increasingly the differentiator,False
1015,SJM,The J. M. Smucker Company,USA,Consumer Defensive,Packaged Foods,United States,10459.67971,112.01,USD,49.4,47.7,52.5,50.5,50.3,22.0,55.5,,10.46418,9.875,2.101,2.15507,1.32271,-0.01161,0.09556,0.08401,0.0393,0.8606,0.10091,16.0,buy,-0.02386,0.05065,0.34257,0.18456,-0.01532,0.058,,3.67144,-6178.10779,1.28609,0.777,7907.77198,,,0.0227,0.247,0.06453,171012.3138,0.92,55,Consumer staples — demand forecasting and trade-spend optimisation,False
1016,DUNI.ST,Duni AB (publ),Stockholm,Consumer Cyclical,Textile Manufacturing,Sweden,328.01544,77.0,SEK,49.4,45.0,57.5,37.5,25.0,43.2,68.1,17.78291,9.57711,10.709,0.897,1.1067,0.48092,0.05623,0.10442,0.06905,0.0649,1.1547,0.23377,1.0,strong_buy,0.05565,0.02957,0.23867,0.017,0.02711,-0.032,,3.89206,-222.2466,0.70502,1.677,682.05776,2758,247.30158,0.53484,1.138,-0.16576,417.656,0.92,60,Consumer Cyclical sector default,False
1017,WSG.ST,WS WeSports Group AB,Stockholm,Consumer Cyclical,Leisure,Sweden,140.9687,55.91,SEK,49.4,47.6,52.6,37.5,49.6,66.1,48.9,49.91964,,8.082,0.553,1.04824,0.45737,0.02003,,0.02015,,0.0,0.72897,3.0,strong_buy,0.03972,0.02099,0.35054,0.01957,0.00916,0.518,-0.528,0.60791,-12.8254,0.15978,1.317,308.21759,635,485.38203,0.5459,,-0.22819,72.71023,1.0,58,Leisure — dynamic pricing and personalisation,False
1018,STWK.ST,Stockwik AB (publ),Stockholm,Industrials,Conglomerates,Sweden,11.11122,17.0,SEK,49.4,43.2,60.8,46.2,58.5,20.3,40.8,,-50.0,10.011,0.605,0.57097,0.13279,-0.11176,-0.02,0.02621,,0.0,,,none,-0.05771,0.03441,0.55448,0.04744,-0.01332,0.085,,7.81362,-39.51856,2.2054,1.207,83.67784,392,213.46387,0.58194,1.934,-0.20188,7.76594,0.92,58,Conglomerate — mixed exposure,False
1019,EEZY.HE,Eezy Oyj,Helsinki,Industrials,Staffing & Employment Services,Finland,22.21361,0.179,EUR,49.4,33.1,79.6,26.0,17.3,25.7,55.7,,8.95,11.289,0.393,0.04372,0.16273,-0.11173,0.11173,0.39445,,0.0,0.00559,1.0,underperform,-0.02047,0.00634,0.15663,0.00172,-0.0165,-0.084,,9.76813,-46.467,0.45912,0.57,136.51,2066,66.07454,0.34723,0.974,-0.81546,57.60327,0.92,85,Staffing — matching and admin are directly AI-automatable,False
1020,DVN,Devon Energy Corporation,USA,Energy,Oil & Gas E&P,United States,44168.73707,43.83,USD,49.3,53.3,41.8,61.1,16.6,48.2,71.3,12.20891,8.2647,5.083,2.135,1.76421,3.15901,0.08191,0.121,0.0318,0.0237,0.2674,0.35489,26.0,strong_buy,0.15178,0.06074,0.46929,0.06856,0.14172,-0.008,-0.753,1.03124,-6056.48858,0.56359,1.006,13981.82179,2200,6355.37354,0.00669,0.432,0.35487,552256.93924,1.0,48,Oil & gas — commodity price dominates; ops optimisation real but capped,False
1021,MRNA,"Moderna, Inc.",USA,Healthcare,Biotechnology,United States,21431.27461,61.82,USD,49.3,48.2,51.4,8.5,98.3,78.3,46.2,,-15.0331,-8.97,9.268,3.31297,11.02442,-0.13167,-0.06652,-0.00082,,0.0,-0.2193,19.0,hold,-0.36557,-0.13093,-0.69888,-1.31105,-1.43551,2.602,,,3413.54617,0.17522,2.409,1943.9825,4700,413.6133,0.0731,0.942,0.99613,419167.22743,0.83,60,"Biotech — discovery upside, binary science risk dominates",False
1022,PEG,Public Service Enterprise Group Incorporated,USA,Utilities,Utilities - Regulated Electric,United States,34238.55369,78.64,USD,49.3,52.8,42.9,60.4,68.5,21.7,48.9,17.39823,16.75391,13.177,4.938,2.26335,3.063,0.05748,0.05969,-0.00438,0.0341,0.5664,0.14211,19.0,buy,0.13441,0.03662,0.3536,0.2843,0.17688,0.194,0.254,5.00417,-20964.43172,1.4101,0.969,11178.11846,13189,847.53343,0.00129,0.527,-0.06836,203362.21954,1.0,48,Utilities — grid optimisation inside a regulated envelope,False
1023,BALCO.ST,Balco Group AB,Stockholm,Consumer Cyclical,Residential Construction,Sweden,29.5262,14.15,SEK,49.3,48.2,51.4,30.2,67.3,39.8,60.8,,2.99788,9.464,0.596,0.44399,0.24741,-0.02473,0.33357,0.28483,,0.0,0.06007,1.0,none,-0.00928,0.02205,0.17629,0.00811,-0.00606,0.117,,5.48405,-41.20445,0.72571,1.668,119.34161,526,226.8852,0.55007,0.378,-0.42713,37.46557,0.92,52,"Construction — planning automation, execution stays physical",False
1024,KAV.ST,Katalysen Ventures AB,Stockholm,Financial Services,Asset Management,Sweden,5.25733,4.78,SEK,49.3,35.8,74.3,9.3,,71.4,49.0,,,-5.794,18.82,0.8893,21.62266,-0.32845,,,,0.0,,,none,-0.30964,-0.09182,-1.73381,-1.29991,0.0,,,,0.12596,,2.074,0.24314,5,48.62792,0.61062,-0.234,-0.12294,3.73985,0.58,80,Asset management — research and back-office automation,False
1025,PCOM-B.ST,Precomp Solutions AB (publ),Stockholm,Industrials,Metal Fabrication,Sweden,2.58349,1.25,SEK,49.3,43.6,59.8,52.0,28.6,21.8,54.7,9.61538,,7.105,0.342,1.20773,0.15553,0.104,,-0.67632,,0.0,,,none,0.1298,0.03697,0.4572,0.02402,0.01569,-0.013,,3.87016,-3.09079,1.52966,0.904,16.61049,81,205.06772,0.47755,0.76,0.72414,1.40479,0.92,58,Industrials sector default,False
1026,EDYOU.ST,edyoutec AB,Stockholm,Communication Services,Electronic Gaming & Multimedia,Sweden,1.84892,0.289,SEK,49.3,28.8,87.3,29.5,0.3,55.2,33.7,,,-3.348,1.861,0.40476,1.86888,-1.93772,,-0.10016,,0.0,,,none,-0.55416,-0.11095,0.88919,-19.85988,0.0,-0.987,,,0.0074,0.00595,0.627,0.98932,19,52.06926,0.29719,0.831,-0.68031,14.69189,0.83,85,Gaming — content pipelines and live-ops are AI-automatable,False
1027,CSGP,"CoStar Group, Inc.",USA,Real Estate,Real Estate Services,United States,10624.92057,29.78,USD,49.2,50.9,46.1,43.1,82.2,79.6,24.8,425.4286,16.77671,44.577,3.554,1.53213,3.56414,0.00235,0.05961,0.01663,,0.0,0.49261,20.0,buy,0.00303,-0.00158,0.78634,0.00334,0.00733,0.225,,-0.27206,64.65391,0.1435,2.196,2981.06449,8441,353.16485,0.01211,0.735,-0.64969,197519.59019,0.92,40,Real estate — asset returns dominate; admin automation marginal,False
1028,EL,The Estée Lauder Companies Inc.,USA,Consumer Defensive,Household & Personal Products,United States,25961.31032,82.13,USD,49.2,44.6,57.7,59.7,28.2,30.7,44.9,,25.83452,15.272,2.419,7.44133,2.00325,-0.00852,0.03871,0.06083,0.017,4.7143,0.15858,26.0,buy,-0.05949,0.04874,0.74651,0.14925,-0.01672,0.046,-0.455,2.62723,-5394.22362,2.32908,1.268,12959.59287,40470,320.22715,0.00414,1.261,-0.04544,253026.67522,1.0,55,Staples — marketing and supply-chain optimisation,False
1029,IRM,Iron Mountain Incorporated,USA,Real Estate,REIT - Specialty,United States,32186.67726,123.82,USD,49.2,51.1,45.6,67.3,89.1,14.1,25.4,134.58696,46.28128,23.123,7.818,,5.08457,0.00743,0.02161,-0.01356,0.0279,3.5848,0.07267,11.0,buy,,0.04557,0.55018,0.20956,0.03758,0.216,8.6,7.94609,-17007.37168,,0.769,6330.26864,29400,215.31526,0.00891,1.219,0.25413,189695.0272,0.83,38,REIT — financial asset; minimal AI operating leverage,False
1030,PCG,PG&E Corporation,USA,Utilities,Utilities - Regulated Electric,United States,33325.12902,17.32,USD,49.2,52.1,43.8,54.9,70.5,22.2,51.4,13.42636,9.60675,9.869,3.94,1.20437,1.4765,0.07448,0.10409,-0.14609,0.0115,0.1163,0.31892,16.0,buy,0.08827,0.02528,0.39353,0.23921,0.11009,0.15,0.398,5.99341,-54003.39823,1.87872,1.199,22570.29359,29010,778.0177,0.00212,0.268,0.29447,284914.09924,1.0,48,Utilities — grid optimisation inside a regulated envelope,False
1031,RATO-B.ST,Ratos AB (publ),Stockholm,Industrials,Engineering & Construction,Sweden,1094.25553,36.72,SEK,49.2,39.6,67.0,48.2,29.1,40.2,36.4,,11.2638,23.705,0.928,0.90893,0.61972,-0.0098,0.08878,0.05037,0.0381,0.4205,0.13471,3.0,buy,0.00322,0.00695,0.56039,0.16245,-0.00585,0.066,-0.676,7.9502,-549.81561,0.47023,1.437,1765.73646,8591,205.53329,0.23422,,0.05578,1210.47504,1.0,66,"Engineering — design, tendering and site planning automate",False
1032,EIX,Edison International,USA,Utilities,Utilities - Regulated Electric,United States,26098.77619,77.63,USD,49.1,51.4,44.8,71.2,31.2,14.5,60.1,8.43804,11.92127,8.637,3.776,1.73301,1.52336,0.11851,0.08388,-0.03796,0.0452,0.3707,-0.02146,14.0,hold,0.18864,0.039,0.58677,0.27492,0.18124,0.077,-0.632,4.96081,-37157.58743,2.26101,0.74,17132.38374,13725,1248.26111,0.00264,0.649,0.52455,172490.60597,1.0,48,Utilities — grid optimisation inside a regulated envelope,False
1033,IP,International Paper Company,USA,Consumer Cyclical,Packaging & Containers,United States,17376.72138,37.56,USD,49.1,48.7,49.9,31.4,71.2,44.7,55.9,,13.40079,7.091,1.167,1.34282,0.81708,-0.13818,0.07462,0.08604,0.0493,1.5812,0.13757,11.0,buy,-0.16036,0.01788,0.29687,0.03718,-0.13767,0.134,,2.12703,-7446.54492,0.65904,1.213,21266.73249,62602,339.71331,0.00176,0.898,-0.26869,213932.99603,0.92,52,Packaging — plant automation and design,False
1034,MCK,McKesson Corporation,USA,Healthcare,Medical Distribution,United States,86066.48258,841.39,USD,49.1,48.2,50.8,36.8,58.5,45.4,56.1,21.92833,16.71291,15.585,0.266,,0.24418,0.0456,0.05983,0.05743,0.0039,0.0826,0.11807,15.0,strong_buy,,0.04992,0.03601,0.02209,0.0118,0.06,0.372,0.69887,-4203.37065,,0.854,352476.81432,41600,8473.00034,0.00051,0.315,0.18304,869905.69793,0.83,66,Healthcare sector default,False
1035,WMB,"The Williams Companies, Inc.",USA,Energy,Oil & Gas Midstream,United States,78408.99063,73.38,USD,49.1,51.5,44.6,75.4,58.8,17.8,35.7,32.18421,28.54719,17.783,10.017,7.02067,7.41131,0.03107,0.03503,-0.00212,0.0286,0.8882,0.13915,22.0,buy,0.19656,0.04886,0.63506,0.33609,0.23057,0.09,0.25,4.30318,-25644.84236,1.99855,0.829,10579.63333,5987,1767.10094,0.00446,0.595,0.27219,446070.50483,1.0,48,Oil & gas — commodity price dominates; ops optimisation real but capped,False
1036,OSSD.ST,OssDsign AB (publ),Stockholm,Healthcare,Medical Devices,Sweden,40.35872,4.025,SEK,49.1,40.7,64.8,35.0,10.2,95.4,40.4,,-8.75,-6.004,1.599,1.48964,2.5806,-0.11925,-0.11429,-0.0939,,0.0,0.59006,3.0,none,-0.1908,-0.09226,0.95261,-0.36511,-0.27752,-0.171,,,15.34707,0.00389,8.326,15.63929,35,446.83682,0.22795,0.646,-0.7433,99.37339,0.83,66,Devices — embedded intelligence differentiates hardware,False
1037,QBNK.ST,QBNK Holding AB,Stockholm,Technology,Software - Infrastructure,Sweden,6.14267,6.95,SEK,49.1,30.8,83.0,35.6,32.0,27.7,26.0,115.83334,,,1.334,11.30081,1.68325,0.00863,,-0.06909,,0.0,,,none,0.10795,0.01443,0.27309,-0.02697,0.01455,-0.002,,,1.27629,,0.954,3.6493,18,202.73908,0.6414,0.867,-0.0974,3.14277,0.67,92,Software economics — AI compounds both the product and dev productivity,False
1038,COLLAX.ST,Collaxio AB (publ),Stockholm,Financial Services,Asset Management,Sweden,3.9309,0.499,SEK,49.1,34.9,75.6,17.9,,81.7,31.4,,,-0.21,-0.579,0.34272,-4.18698,-1.16232,,-0.12246,0.3846,11.0,0.002,1.0,none,-0.28455,-0.15908,0.0,0.0458,0.0,,,,2.20869,0.09387,2.419,-0.93884,4,-234.70944,0.50755,0.578,-0.61908,1.71164,0.75,80,Asset management — research and back-office automation,False
1039,HAMLET-B.ST,Hamlet BioPharma AB ser. B,Stockholm,Healthcare,Biotechnology,Sweden,125.53163,7.5,SEK,49.0,37.8,69.7,25.9,1.4,92.1,48.8,,,-28.94,25899.314,38.8601,26164.475,-0.04133,,-0.01714,,0.0,,,none,-1.27959,-0.72071,1.0,-228.85168,0.0,-0.746,,,1.27217,,3.115,0.0048,7,0.6854,,0.294,0.80288,66.44693,0.75,60,"Biotech — discovery upside, binary science risk dominates",False
1040,HRL,Hormel Foods Corporation,USA,Consumer Defensive,Packaged Foods,United States,12207.08871,25.39,USD,48.9,49.4,48.0,45.4,26.4,81.3,53.3,29.87059,16.2746,10.908,1.117,1.7577,1.14349,0.03348,0.06145,0.03372,0.0461,1.3706,0.05849,8.0,hold,0.05831,0.04582,0.15783,0.11057,0.03821,-0.029,-0.051,-0.25917,283.30857,0.04244,1.938,10675.26358,20000,533.76318,0.00477,0.328,-0.12115,116345.18999,1.0,55,Consumer staples — demand forecasting and trade-spend optimisation,False
1041,MGM,MGM Resorts International,USA,Consumer Cyclical,Resorts & Casinos,United States,10311.77217,46.13,USD,48.9,39.9,65.7,50.3,36.0,18.2,41.3,63.19178,20.60331,18.422,2.365,4.85017,0.66623,0.01582,0.04854,0.04477,,0.0,0.06739,18.0,buy,0.13488,0.01844,0.4416,0.06856,0.0103,0.042,-0.059,12.83665,-25502.10164,9.51186,1.335,15477.87447,60000,257.96457,0.2741,1.291,0.24105,185351.29045,1.0,68,Gaming — CRM and risk automation,False
1042,TAP,Molson Coors Beverage Company,USA,Consumer Defensive,Beverages - Brewers,United States,6706.93853,40.93,USD,48.9,48.3,49.9,45.8,51.7,32.7,56.6,,8.22056,5.727,1.252,0.7644,0.68615,-0.25776,0.12165,0.10084,0.0469,0.359,0.10642,21.0,hold,-0.18081,0.04492,0.38622,0.12424,-0.18854,0.02,0.356,2.46075,-5256.00481,0.62567,0.535,9774.7812,16200,603.38156,0.127,0.419,-0.18074,120349.88708,1.0,55,Consumer staples — demand forecasting and trade-spend optimisation,False
1043,SALIX.ST,Salix Group AB,Stockholm,Industrials,Industrial Distribution,Sweden,488.29389,66.0,SEK,48.9,45.0,56.1,42.2,63.4,26.3,45.4,26.19047,,15.654,1.588,4.22833,1.29813,0.03818,,,,0.0,,,none,,,0.33446,0.07081,0.05012,0.035,0.947,2.81235,-107.31646,1.41053,0.897,376.15146,650,578.69455,0.65574,,0.06452,396.53994,0.75,64,"Distribution — pricing, inventory and sales automation",False
1044,EAST.ST,Eastnine AB (publ),Stockholm,Real Estate,Real Estate Services,Sweden,412.53255,46.55,SEK,48.9,53.4,40.5,71.6,29.7,18.1,65.5,14.96785,150.16129,8.67342,7.31991,0.87956,6.69044,0.06681,0.00666,0.03209,0.0275,0.4018,0.18153,1.0,buy,0.05745,0.03192,0.92404,0.83683,0.42997,0.008,-0.094,8.22878,-428.20501,1.06485,0.756,61.66,32,1926.875,0.50936,0.687,-0.05865,455.96493,1.0,40,Real estate — asset returns dominate; admin automation marginal,False
1045,KEMIRA.HE,Kemira Oyj,Helsinki,Basic Materials,Chemicals,Finland,2468.45824,17.05,EUR,48.9,50.7,45.5,47.3,22.4,53.1,72.2,17.57732,11.17198,7.371,1.141,1.59004,0.90672,0.05689,0.08951,0.06322,0.0446,0.7732,0.19844,6.0,buy,0.09519,0.05026,0.16706,0.08124,0.05326,-0.001,-0.343,1.47533,-622.00003,0.49899,1.324,2722.4,4871,558.89961,0.27241,0.424,-0.07638,3895.1407,1.0,52,Chemicals — process optimisation,False
1046,NANEXA.ST,Nanexa AB (publ),Stockholm,Healthcare,Drug Manufacturers - Specialty & Generic,Sweden,61.80325,3.69,SEK,48.9,41.2,63.3,32.0,8.7,84.3,52.2,,16.77273,-83.298,11.208,5.36337,12.53216,-0.02439,0.05962,0.00229,,0.0,,,none,-0.14841,-0.05656,0.75418,-2.22204,-0.30186,-0.2,,,6.52917,0.00776,2.065,4.93157,16,308.22325,0.3759,1.725,0.64,156.58165,0.83,62,Pharma — AI aids discovery but cycles are long and regulated,False
1047,NOTEK.ST,Norditek Group AB (publ),Stockholm,Industrials,Waste Management,Sweden,14.12598,11.35,SEK,48.9,50.1,46.7,41.8,72.3,60.2,40.1,21.4151,,12.964,1.659,1.5239,1.33836,0.0467,,-0.14164,,0.0,,,none,0.06035,0.03459,0.36193,0.00416,0.04779,0.141,,2.48359,-3.35482,0.61632,4.637,10.55472,15,703.64793,0.74343,1.038,-0.33819,3.16341,0.92,52,Waste — route and sorting automation,False
1048,SHT-B.ST,SHT Smart High-Tech AB ser. B,Stockholm,Technology,Electronic Components,Sweden,,30.65,SEK,48.9,36.0,72.8,19.4,2.6,11.3,90.0,,,-8.321,144.127,34.79001,,,,,,,,,none,-1.36597,-0.62584,0.59801,-21.35333,0.0,-0.585,,,1.39466,,0.586,0.53738,93,5.77828,0.43124,0.823,0.80294,1173.52589,0.58,68,Components — factory automation and quality inspection,False
1049,PRFO.ST,Profoto Holding AB (publ),Stockholm,Consumer Cyclical,Leisure,Sweden,28.35185,7.82,SEK,48.8,45.9,54.1,37.3,54.9,54.9,45.4,,2.14835,-5.547,0.875,0.86648,0.5196,-0.04476,0.46547,-0.03117,0.2222,3.125,0.27877,1.0,none,-0.03799,-0.08509,0.45847,0.09396,-0.02326,-0.091,3.0,,-15.1367,0.66482,1.768,54.56462,110,496.042,0.72379,0.326,-0.64455,26.24531,0.92,58,Leisure — dynamic pricing and personalisation,False
1050,TSEC.ST,Tempest Security AB (publ),Stockholm,Industrials,Security & Protection Services,Sweden,10.54741,11.1,SEK,48.8,37.9,69.1,20.3,65.2,20.7,48.8,,8.60465,14.644,0.24,6.27473,0.19672,-0.1009,0.11622,0.16082,,0.0,0.53153,2.0,none,-0.33002,-0.00651,0.08918,0.01386,-0.01282,0.109,,2.65612,-2.33694,1.72761,0.577,53.61699,659,81.36114,0.75473,0.684,-0.24746,15.22519,0.92,72,"Security services — monitoring scales with AI, guarding less so",False
1051,ES,Eversource Energy,USA,Utilities,Utilities - Regulated Electric,United States,24518.72484,74.62,USD,48.7,50.9,44.5,63.3,50.1,12.7,56.1,15.97859,15.21333,11.899,4.183,1.69714,2.01411,0.06258,0.06573,0.02093,0.0422,0.652,-0.02394,12.0,hold,0.10912,0.03292,0.5349,0.24873,0.12549,0.094,0.074,6.13823,-26271.73217,1.81822,0.651,12173.48226,10731,1134.42198,0.00169,0.714,0.13854,166123.79554,1.0,48,Utilities — grid optimisation inside a regulated envelope,False
1052,PSKY,Paramount Skydance Corporation,USA,Communication Services,Entertainment,United States,8555.93897,8.75,USD,48.7,43.1,59.0,41.3,25.9,25.3,65.5,437.5,9.87618,8.249,0.878,0.83572,0.33715,0.00229,0.10125,1.67474,0.0229,6.6667,0.34694,14.0,hold,-0.00768,0.02812,0.32559,0.09541,-0.02083,0.022,-0.318,4.7424,-12803.20051,1.30167,1.1,25377.4906,17600,1441.90288,0.0334,1.447,-0.32847,69702.21864,1.0,72,Entertainment — content pipeline productivity,False
1053,TSN,"Tyson Foods, Inc.",USA,Consumer Defensive,Farm Products,United States,17773.25649,57.77,USD,48.7,50.2,45.8,32.0,72.6,54.3,54.5,45.48819,12.89264,10.343,0.503,1.12402,0.36515,0.02198,0.07756,0.05058,0.0353,1.5906,0.19295,12.0,hold,0.02619,0.0247,0.06385,0.0364,0.00813,0.044,36.022,2.79815,-6625.26712,0.4441,1.83,48673.82763,133000,365.96863,0.02619,0.391,0.08366,164374.81189,1.0,50,Agriculture — precision farming at the margin,False
1054,ELTEL.ST,Eltel AB (publ),Stockholm,Communication Services,Telecom Services,Sweden,171.18773,12.05,SEK,48.7,40.3,64.3,31.2,70.1,21.8,40.4,109.54546,1205.0,6.90922,0.22306,1.07289,0.20392,0.00913,0.00083,-0.07258,,0.0,0.16188,1.0,buy,0.02328,0.02338,0.12615,0.01725,0.00381,0.128,,6.2214,-168.6,1.08864,0.921,839.50003,3677,228.31113,0.50042,1.048,0.07589,99.70901,0.92,70,"Telecom — network ops and service automation, capital-heavy core",False
1055,ABI.ST,AB Igrene (publ),Stockholm,Energy,Oil & Gas E&P,Sweden,6.70637,0.472,SEK,48.7,42.1,60.9,31.1,,68.6,41.8,,,-7.837,27510.543,2.51064,36994.992,-0.12712,,-0.06283,,0.0,,,none,-0.28404,-0.17237,698.5,-905.0,0.0,,,,0.12454,,1.904,0.00018,1,0.18128,0.08645,2.546,0.69176,14.73572,0.67,48,Oil & gas — commodity price dominates; ops optimisation real but capped,False
1056,PILA.ST,Pila Pharma AB (publ),Stockholm,Healthcare,Biotechnology,Sweden,5.42416,1.31,SEK,48.7,46.3,53.2,3.7,96.9,92.1,39.3,,,-5.64,34.82,3.76437,53.11219,-0.30534,,-0.05797,,0.0,,,none,-1.70823,-0.44748,0.0,-14.29494,0.0,1.58,,,1.44093,,10.272,0.10213,,,0.32539,-0.298,-0.61863,6.63467,0.75,60,"Biotech — discovery upside, binary science risk dominates",False
1057,ODI.ST,ODI Pharma AB,Stockholm,Healthcare,Drug Manufacturers - Specialty & Generic,Sweden,3.82509,2.3,SEK,48.7,47.8,50.3,27.9,98.6,70.9,25.7,115.0,,263.19,1.273,23.46939,1.41507,0.0087,,0.02128,,0.0,,,none,-0.27542,0.00981,0.28901,0.02438,-0.01216,3.332,,-29.02092,0.37952,,1.203,2.70311,1,2703.1066,0.90613,0.811,0.09524,2.55479,0.83,62,Pharma — AI aids discovery but cycles are long and regulated,False
1058,GIS,"General Mills, Inc.",USA,Consumer Defensive,Packaged Foods,United States,17705.45133,37.97,USD,48.6,48.0,49.8,52.0,29.2,34.4,62.5,,11.75382,6.739,1.262,3.66718,1.09988,-0.00421,0.08508,0.11392,0.0643,0.5941,0.00372,18.0,hold,-0.01028,0.05735,0.33733,0.19194,-0.00475,0.022,-0.145,-0.11567,348.60631,2.17629,0.682,16097.57399,30000,536.5858,0.0035,-0.047,-0.22794,342464.40279,1.0,55,Consumer staples — demand forecasting and trade-spend optimisation,False
1059,SSAB-B.ST,SSAB AB (publ),Stockholm,Basic Materials,Steel,Sweden,8981.26614,99.32,SEK,48.6,53.0,40.5,43.6,49.4,82.5,51.5,18.39259,16.55333,8.976,0.931,1.4125,1.03182,0.05437,0.06041,-0.05644,0.0201,0.4815,-0.09384,1.0,hold,0.07771,0.03975,0.13711,0.086,0.056,-0.007,0.423,-0.96766,873.39645,0.16461,2.545,8704.32554,14650,594.15191,0.13059,1.237,0.56065,23637.73632,1.0,46,Steel — process and energy optimisation,False
1060,SECARE.ST,Swedencare AB (publ),Stockholm,Consumer Defensive,Packaged Foods,Sweden,374.50988,25.85,SEK,48.6,45.5,54.4,45.8,26.1,61.0,50.4,83.3871,15.8589,12.337,2.144,0.59602,1.5301,0.01199,0.06306,0.05725,0.0108,0.8065,0.60542,2.0,buy,0.00694,0.01318,0.58562,0.08004,0.01826,0.014,-0.264,3.53451,-150.379,0.25301,2.71,244.76131,591,414.14772,0.69491,0.583,-0.4648,490.66731,1.0,55,Consumer staples — demand forecasting and trade-spend optimisation,False
1061,POLYG.ST,Polygiene Group AB,Stockholm,Basic Materials,Specialty Chemicals,Sweden,16.22276,4.9,SEK,48.6,44.5,56.1,40.7,7.2,94.5,48.9,,15.3125,-36.481,1.014,0.64103,1.31436,-0.03673,0.06531,-0.02209,0.0531,6.75,,,none,-0.02326,-0.01008,0.64949,0.03282,-0.0497,-0.252,,,3.71058,0.00916,4.021,12.34266,35,352.64749,0.70062,1.575,-0.5812,1.79384,0.83,55,Chemicals — formulation R&D and process control,False
1062,LUOTEA.HE,Luotea Plc,Helsinki,Industrials,Specialty Business Services,Finland,69.8989,1.828,EUR,48.6,33.4,76.9,24.0,30.1,49.2,38.7,182.8,6.30345,3.219,0.221,1.74261,0.20237,0.00547,0.15864,-0.28666,0.0383,0.0,0.42232,2.0,none,0.00595,0.00338,0.10857,-0.00465,0.45599,-0.007,,0.27004,-6.4,0.59601,0.892,345.4,5142,67.17231,0.25071,0.215,-0.80758,94.71599,0.92,82,Business services — back-office process automation,False
1063,ALZCUR-BTA.ST,AlzeCure Pharma AB BTA,Stockholm,,,Sweden,,6.1,SEK,48.6,50.2,45.7,8.7,,63.3,92.0,,,-11.486,,62.2449,,,,,,,,,none,-4.33791,-1.13687,0.0,0.0,0.0,,,,2.78035,0.20417,1.356,,10,,,-0.161,0.6442,58.40199,0.58,50,No sector data — neutral,False
1064,ED,"Consolidated Edison, Inc.",USA,Utilities,Utilities - Regulated Electric,United States,36181.38788,112.37,USD,48.5,50.4,45.0,61.3,48.6,29.9,49.1,18.94941,17.31871,11.375,3.976,1.61558,2.40556,0.05277,0.05774,-0.02012,0.0313,0.5797,-0.01769,17.0,hold,0.08732,0.0317,0.53192,0.25613,0.12524,0.062,0.129,4.49227,-23616.11252,1.06177,1.189,15040.74644,15407,976.22811,0.00187,0.264,0.10091,230508.60676,1.0,48,Utilities — grid optimisation inside a regulated envelope,False
1065,KFAST-B.ST,K-Fast Holding AB (publ),Stockholm,Consumer Cyclical,Residential Construction,Sweden,262.65336,11.78,SEK,48.5,47.1,51.1,48.9,95.8,4.9,33.5,,21.03571,27.407,8.986,0.56567,1.29655,-0.02632,0.04754,0.04629,,0.0,,,none,0.00636,0.0201,0.38103,0.28261,0.01857,0.975,,19.85303,-1318.64195,1.87813,0.128,202.57795,615,329.39505,0.72367,1.789,-0.13763,75.04087,0.92,52,"Construction — planning automation, execution stays physical",False
1066,CINPHA.ST,Cinclus Pharma Holding AB (publ),Stockholm,Healthcare,Drug Manufacturers - Specialty & Generic,Sweden,50.44888,11.96,SEK,48.5,40.3,63.6,28.8,,80.6,33.5,,,-0.555,1.98,1.98046,8.24507,-0.42977,,-0.11075,,0.0,2.86706,4.0,none,-0.60319,-0.28292,1.0,-9.05281,0.0,,,,38.33337,0.18831,2.89,6.11867,17,359.92175,0.3757,-0.073,-0.28039,134.05038,0.75,62,Pharma — AI aids discovery but cycles are long and regulated,False
1067,DSNO.ST,Desenio Group AB (publ),Stockholm,Consumer Cyclical,Internet Retail,Sweden,21.83648,0.0808,SEK,48.5,34.1,75.1,59.0,19.2,19.7,22.3,,0.89778,10.486,0.948,0.67333,0.3426,-0.61881,1.11386,-0.29191,,0.0,,,none,-0.04135,0.20191,0.85097,-0.02557,-0.02076,-0.071,,6.69811,-38.61217,1.5016,1.019,63.73728,110,579.42979,0.05553,,-0.34839,3.4587,0.92,82,"E-commerce — recommendation, logistics and support automation",False
1068,KHG.HE,KH Group Oyj,Helsinki,Industrials,Industrial Distribution,Finland,31.24645,0.538,EUR,48.5,45.1,54.7,26.8,53.6,35.1,65.7,,8.96667,3.889,0.515,0.66915,0.1507,-0.05576,0.11152,0.69522,,0.0,0.0223,1.0,none,-0.03128,0.01094,0.25437,-0.03139,-0.01429,0.067,,2.74825,-75.5,1.80556,1.538,207.346,314,660.33758,0.56855,0.815,0.00373,19.3992,0.92,64,"Distribution — pricing, inventory and sales automation",False
1069,IFF,International Flavors & Fragrances Inc.,USA,Basic Materials,Specialty Chemicals,United States,17443.18632,78.2,USD,48.4,46.9,51.2,44.8,23.7,48.3,64.2,24.21053,16.25969,13.786,2.401,1.41336,1.85064,0.0413,0.0615,0.18546,0.0205,0.4954,0.17065,18.0,buy,0.06051,0.02123,0.36346,0.10106,0.07657,-0.036,,3.14316,-5160.07213,0.45701,1.492,9425.47565,21500,438.39422,0.00118,0.944,0.02557,135218.04289,0.92,55,Chemicals — formulation R&D and process control,False
1070,XSPRAY.ST,Xspray Pharma AB (publ),Stockholm,Healthcare,Biotechnology,Sweden,64.55275,15.02,SEK,48.4,37.1,69.5,31.5,,52.4,36.0,,-9.44654,-4.427,265.249,1.10117,288.80658,-0.27297,-0.10586,-0.1658,,0.0,2.99467,1.0,none,-0.28616,-0.12746,1.0,-60.95458,0.0,,,,-2.45931,0.25969,1.022,0.22352,24,9.31315,0.28337,-0.032,-0.71171,212.47721,0.75,60,"Biotech — discovery upside, binary science risk dominates",False
1071,COR,"Cencora, Inc.",USA,Healthcare,Medical Distribution,United States,52339.3037,307.9,USD,48.3,46.9,50.9,49.2,65.2,23.9,43.4,23.59387,15.53488,13.774,0.222,17.63156,0.18226,0.04238,0.06437,-0.00531,0.0078,0.1762,0.1481,12.0,buy,1.07134,0.03486,0.03796,0.01716,0.00775,0.038,1.283,2.43671,-11284.37336,4.20985,0.947,287167.73641,47000,6109.95184,0.0423,0.581,0.05204,494967.99091,1.0,66,Healthcare sector default,False
1072,MEKO.ST,Meko AB (publ),Stockholm,Consumer Cyclical,Auto Parts,Sweden,400.30567,78.4,SEK,48.3,43.4,57.4,39.2,37.1,31.9,58.1,99.24051,5.37354,13.188,0.553,0.70756,0.24213,0.01008,0.1861,0.34685,0.0497,4.9367,0.19898,2.0,none,0.0112,0.01801,0.42615,0.03801,0.00236,-0.027,0.152,7.48627,-519.089,1.15474,1.638,1653.25359,5793,285.38816,0.33802,0.879,-0.28336,721.01232,1.0,58,"Auto supply — factory automation, EV/AI transition risk",False
1073,MOB.ST,Moberg Pharma AB (publ),Stockholm,Healthcare,Drug Manufacturers - Specialty & Generic,Sweden,39.55683,9.25,SEK,48.3,44.8,54.7,16.6,,83.6,58.3,,-46.25,-19.545,,0.47373,,-0.05946,-0.02162,,,0.0,0.51351,1.0,none,,,0.0,0.0,0.0,,,,1.07779,0.01869,2.092,,11,,0.11921,0.636,0.0341,91.25588,0.5,62,Pharma — AI aids discovery but cycles are long and regulated,False
1074,VIK1V.HE,Viking Line Abp,Helsinki,Industrials,Marine Shipping,Finland,350.784,20.3,EUR,48.3,46.8,51.0,39.5,25.3,41.2,72.3,18.7963,,9.128,0.943,1.16033,0.7334,0.0532,,0.097,0.0493,0.9259,,,none,0.06172,0.02103,0.49216,-0.22459,0.03889,-0.031,,2.03644,-100.6,0.42829,0.679,478.3,2223,215.15969,0.64706,0.08,-0.07727,16.7881,0.92,46,Shipping — routing helps at the margin; the ship is the cost,False
1075,ZAPLOX.ST,Zaplox AB (publ),Stockholm,Technology,Software - Application,Sweden,3.06897,0.94,SEK,48.3,30.3,81.6,29.5,11.6,35.1,41.4,,,-8.03,1.81,-72.30769,1.83599,-0.17021,,-0.05895,,0.0,,,none,-1.65266,-0.22584,0.32166,0.19289,-0.30187,-0.146,,,0.04405,,1.08,1.67156,6,278.59378,0.59651,0.577,0.05618,1.07268,0.75,92,Software economics — AI compounds both the product and dev productivity,False
1076,KESKOB.HE,Kesko Oyj,Helsinki,Consumer Defensive,Grocery Stores,Finland,7895.14394,19.82,EUR,48.2,46.1,52.1,46.8,46.8,20.3,57.8,19.24272,15.10095,13.624,0.918,3.14055,0.62284,0.05197,0.06622,0.04621,0.0454,1.0971,0.09485,5.0,buy,0.16302,0.04358,0.14494,0.03189,0.03212,0.071,0.074,4.34477,-3710.0001,1.5256,0.868,12675.99974,18864,671.96776,0.02181,0.82,-0.02557,8877.43746,1.0,62,Grocery — thin margins make automation gains material,False
1077,HEBA-B.ST,Heba Fastighets AB (publ),Stockholm,Real Estate,Real Estate Services,Sweden,337.63963,24.0,SEK,48.2,52.7,39.9,64.5,57.2,9.3,57.7,10.25641,17.51825,27.147,17.992,0.61417,6.03394,0.0975,0.05708,0.0558,0.0229,0.235,,,none,0.05745,0.01705,0.72541,0.69399,0.5945,0.038,0.447,17.46182,-647.59685,1.11461,0.049,55.95674,41,1364.79855,0.5857,1.419,-0.22456,292.43446,1.0,40,Real estate — asset returns dominate; admin automation marginal,False
1078,CFISH.ST,Crunchfish AB (publ),Stockholm,Technology,Software - Application,Sweden,18.25123,2.43,SEK,48.2,29.4,83.1,6.6,17.9,74.0,41.5,,,-9.637,21.471,4.20415,23.35059,-0.09877,,-0.10015,,0.0,,,none,-0.43306,-0.23061,-0.71188,-2.03342,-2.29437,-0.079,,,0.36303,0.01559,1.424,0.78162,11,71.05614,0.37892,1.993,-0.41935,32.4247,0.83,92,Software economics — AI compounds both the product and dev productivity,False
1079,ORTI-B.ST,Ortivus AB (publ),Stockholm,Healthcare,Medical Instruments & Supplies,Sweden,13.97561,1.74,SEK,48.2,39.0,65.3,19.8,77.9,32.4,38.7,,,-10.916,2.255,7.25,2.00907,-0.22414,,-0.14695,,0.0,,,none,-3.76343,-0.16878,0.41762,-0.0504,-0.27071,0.184,,,-1.71099,1.22541,1.208,6.95626,34,204.596,0.16218,0.891,0.42623,1.16659,0.83,66,Instruments — software layer increasingly the differentiator,False
1080,AMIDO.ST,Amido AB,Stockholm,Communication Services,Internet Content & Information,Sweden,6.82618,2.55,SEK,48.2,30.2,81.6,14.6,13.7,57.2,46.0,,,-5.046,1.482,3.57143,1.72641,-0.18824,,0.01342,,0.0,,,none,-0.49267,-0.22427,0.24226,-0.29004,-0.31621,-0.122,,,0.96585,,1.555,3.95397,30,131.79915,0.6982,0.107,-0.34949,2.10281,0.75,88,"Digital platform — data-rich, AI-native product surface",False
1081,KHC,The Kraft Heinz Company,USA,Consumer Defensive,Packaged Foods,United States,26812.04017,25.88,USD,48.1,47.5,49.1,46.4,40.9,43.7,55.0,,12.35045,8.305,1.915,0.73215,1.22801,-0.18779,0.08097,0.10467,0.0618,0.7306,-0.07378,17.0,hold,-0.12576,0.03467,0.33974,0.20738,-0.23049,0.008,0.136,2.95765,-14889.59639,0.50258,1.195,21833.76285,35000,623.8218,0.2778,0.077,-0.05822,316075.49455,1.0,55,Consumer staples — demand forecasting and trade-spend optimisation,False
1082,NSC,Norfolk Southern Corporation,USA,Industrials,Railroads,United States,66748.84339,340.16,USD,48.1,46.3,51.4,71.1,24.2,28.4,41.0,28.65712,24.56467,16.591,7.607,4.83408,6.26983,0.0349,0.04071,0.017,0.0159,0.4549,0.00459,18.0,hold,0.17615,0.05888,0.45851,0.32255,0.21912,0.002,-0.266,2.91641,-14236.06855,1.11586,0.907,10646.03475,19300,551.60802,0.00045,1.263,0.22633,333363.20659,1.0,55,Rail — network optimisation on a fixed asset base,False
1083,UDR,"UDR, Inc.",USA,Real Estate,REIT - Residential,United States,12871.08775,39.76,USD,48.1,53.2,38.5,64.0,66.6,12.4,52.1,27.04762,71.0,18.767,11.108,3.99598,8.3386,0.03697,0.01408,0.06836,0.0435,1.1701,0.04197,21.0,buy,0.1235,0.02214,0.66619,0.21954,0.27782,0.042,1.516,5.58766,-5104.97681,1.42368,0.223,1543.55535,1420,1087.01081,0.0044,0.695,-0.02069,149183.61574,1.0,38,REIT — financial asset; minimal AI operating leverage,False
1084,WBD,"Warner Bros. Discovery, Inc.",USA,Communication Services,Entertainment,United States,58858.34747,26.87,USD,48.1,40.5,62.2,41.2,29.5,24.4,55.1,,839.6875,12.878,2.625,2.06772,1.81045,-0.02605,0.00119,0.27412,,0.0,0.11339,12.0,hold,-0.04959,0.01391,0.45748,0.08591,-0.04665,-0.01,,3.84626,-25485.82963,0.96318,0.729,32510.37917,35500,915.78533,0.04207,1.548,1.09922,473991.84787,0.92,72,Entertainment — content pipeline productivity,False
1085,HUMBLE.ST,Humble Group AB (publ),Stockholm,Consumer Defensive,Packaged Foods,Sweden,251.71054,6.18,SEK,48.1,47.9,48.6,34.6,67.4,46.5,51.0,,6.86667,10.827,0.578,0.56105,0.33896,-0.19417,0.14563,0.10402,,0.0,0.24595,1.0,hold,0.00661,0.01712,0.31307,0.03059,0.00415,0.047,1.436,4.42563,-175.29564,0.44676,1.577,742.60453,1121,662.44828,0.23461,1.084,-0.20668,172.43833,1.0,55,Consumer staples — demand forecasting and trade-spend optimisation,False
1086,MUSTI.HE,Musti Group Oyj,Helsinki,Consumer Cyclical,Personal Services,Finland,472.43859,14.15,EUR,48.1,40.0,63.2,33.1,74.5,15.4,37.2,,10.32847,30.838,1.306,2.86379,0.89548,-0.00848,0.09682,0.06559,,0.0,,,none,-0.02402,0.00721,0.44323,-0.00966,-0.00767,0.156,,9.6868,-216.40301,1.4075,0.791,527.584,3966,133.02673,0.81172,0.538,-0.30296,18.06955,0.92,60,Consumer Cyclical sector default,False
1087,WISE.ST,Wise Group AB (publ),Stockholm,Industrials,Staffing & Employment Services,Sweden,9.78053,14.6,SEK,48.1,30.2,81.4,25.2,14.5,30.7,46.4,,,-9.769,0.293,2.22459,0.23352,-0.15411,,0.00342,,0.0,,,none,-0.29141,-0.04624,0.41233,-0.02484,-0.03573,-0.112,,,-2.50508,0.89719,0.961,41.88233,312,134.23825,0.85109,0.556,-0.13095,6.87734,0.83,85,Staffing — matching and admin are directly AI-automatable,False
1088,MDLZ,"Mondelez International, Inc.",USA,Consumer Defensive,Confectioners,United States,68413.0133,61.0,USD,48.0,46.3,51.2,48.3,63.0,23.8,44.2,30.19802,18.0699,18.876,2.505,3.04088,1.99223,0.03311,0.05534,0.03637,0.0328,0.9752,0.10283,22.0,buy,0.10161,0.03426,0.28771,0.09306,0.06638,0.082,0.413,3.85314,-17559.62277,0.83793,0.542,34339.90535,91000,377.3616,0.00237,0.408,-0.12129,461303.50293,1.0,55,Consumer staples — demand forecasting,False
1089,SBAC,SBA Communications Corporation,USA,Real Estate,REIT - Specialty,United States,17207.38383,185.69,USD,48.0,53.1,38.5,86.6,35.2,6.3,49.4,19.54632,23.0617,19.113,12.239,,6.89999,0.05116,0.04336,0.03595,0.0269,0.4821,0.2432,20.0,buy,,0.08568,0.74191,0.52423,0.35656,0.059,-0.147,8.29023,-13238.64024,,0.196,2493.8274,1844,1352.40097,0.00769,0.997,-0.20771,154205.95955,0.83,38,REIT — financial asset; minimal AI operating leverage,False
1090,PNDX-B.ST,Pandox AB (publ),Stockholm,Real Estate,Real Estate Services,Sweden,2995.03486,169.8,SEK,48.0,51.3,41.8,66.6,39.1,13.5,60.6,10.37263,15.52102,17.993,10.908,0.9507,4.17322,0.09641,0.06443,0.04738,0.0265,0.2749,0.25795,5.0,strong_buy,0.0948,0.02849,0.59737,0.61053,0.40225,0.148,-0.684,11.07063,-4816.46072,1.57339,0.801,717.67885,1313,546.5947,0.11671,1.238,-0.02189,1878.20871,1.0,40,Real estate — asset returns dominate; admin automation marginal,False
1091,FSKRS.HE,Fiskars Oyj Abp,Helsinki,Consumer Cyclical,"Furnishings, Fixtures & Appliances",Finland,1021.84288,12.66,EUR,48.0,42.4,58.5,40.8,35.7,33.0,53.3,39.5625,14.27814,16.749,1.374,1.43684,0.90126,0.02528,0.07004,0.10747,0.0664,2.625,-0.0258,3.0,underperform,0.038,0.02178,0.46393,0.00537,0.02231,0.01,,5.71613,-531.60003,0.93697,1.403,1133.79994,6555,172.96719,0.4986,0.964,-0.12327,463.1028,0.92,55,Furnishings — design tools and logistics,False
1092,INFREA.ST,Infrea AB,Stockholm,Industrials,Engineering & Construction,Sweden,34.17509,13.4,SEK,48.0,42.3,58.6,35.3,46.0,52.7,42.8,33.5,,10.979,0.254,0.6126,0.18822,0.02985,,-0.01525,0.0485,1.625,0.1194,2.0,strong_buy,0.0163,0.01784,0.29673,0.04287,0.03265,-0.024,0.37,2.83585,-11.90089,0.37027,1.562,181.56785,410,442.84842,0.59188,,-0.11842,20.72406,1.0,66,"Engineering — design, tendering and site planning automate",False
1093,MODEL.ST,Modelon AB,Stockholm,Technology,Software - Application,Sweden,15.61015,9.45,SEK,48.0,29.2,82.9,6.7,7.1,92.1,38.7,,,-4.358,1.998,6.86275,2.5985,-0.1873,,-0.08398,,0.0,0.69312,1.0,none,-1.00782,-0.23454,-0.11547,-0.47368,-0.47443,-0.255,,,3.60743,,19.538,6.00737,65,92.421,0.55877,,-0.29478,0.80343,0.75,92,Software economics — AI compounds both the product and dev productivity,False
1094,GREAT.ST,Greater Than AB (publ),Stockholm,Technology,Software - Application,Sweden,14.36434,8.72,SEK,48.0,29.0,83.2,4.1,22.8,87.9,32.9,,3.85841,-3.095,11.07,2.34535,12.36763,-0.37729,0.25917,-0.3046,,0.0,,,none,-0.91583,-0.34826,-0.86007,-3.87817,0.0,-0.045,,,1.98798,0.12002,5.914,1.16145,20,58.07235,0.5073,0.991,-0.3635,16.03031,0.83,92,Software economics — AI compounds both the product and dev productivity,False
1095,CLEM.ST,Clemondo Group AB (publ),Stockholm,Consumer Defensive,Household & Personal Products,Sweden,9.31253,7.42,SEK,48.0,45.9,51.9,36.6,26.8,57.0,63.9,30.91667,82.44444,,,0.8581,0.34809,0.03235,0.01213,0.06702,,0.0,0.41509,1.0,none,0.02846,0.01828,0.39159,0.00046,0.01138,0.053,-0.682,,,0.41353,1.414,26.75298,64,418.01529,0.38412,0.466,-0.29333,9.35908,0.83,55,Staples — marketing and supply-chain optimisation,False
1096,ICO.ST,Iconovo AB (publ),Stockholm,Healthcare,Medical Devices,Sweden,9.15276,1.05,SEK,48.0,35.5,71.1,28.1,12.0,92.5,31.2,,-0.95455,-1.499,4.152,0.64024,7.30098,-0.67619,-1.04762,-0.27008,,0.0,-0.2381,1.0,none,-0.29196,-0.16288,0.70724,-1.88097,-2.91314,-0.142,,,3.94778,0.03612,3.7,1.25364,12,104.46959,0.48904,0.387,-0.51389,5.96978,0.83,66,Devices — embedded intelligence differentiates hardware,False
1097,SYNT.ST,SyntheticMR AB,Stockholm,Healthcare,Health Information Services,Sweden,5.19825,0.642,SEK,48.0,33.9,74.1,12.1,14.4,92.4,43.1,,,-54.355,39.352,0.36088,0.92258,-0.98131,,-0.01053,,0.0,0.91589,2.0,none,-0.34919,-0.16683,0.10554,-0.50188,-0.76924,-0.114,,,2.55602,0.03617,3.042,5.63448,40,140.86192,0.61784,0.754,-0.81657,5.1603,0.83,80,Health IT — records and diagnostics are data problems,False
1098,XOM-B.ST,Xoma AB,Stockholm,Consumer Defensive,Farm Products,Sweden,3.74088,0.537,SEK,48.0,40.6,61.8,25.8,100.0,68.0,4.5,,,,,2.5942,100.26825,-0.83799,,,,0.0,,,none,-2.64703,-1.04818,1.0,-8.63054,0.0,1858.74,,,0.04069,0.05033,1.25,0.03731,1,37.30869,,,-0.105,239.23949,0.67,50,Agriculture — precision farming at the margin,False
1099,DLAB.ST,Dlaboratory Sweden AB (publ),Stockholm,Utilities,Utilities - Renewable,Sweden,3.53251,2.3,SEK,48.0,46.4,50.9,36.6,3.2,92.1,63.8,2.52747,,-0.986,0.076,1.08696,0.91453,0.39565,,-0.12136,,0.0,,,none,0.8346,-0.09434,0.201,-0.59979,0.40963,-0.467,,,3.2398,,4.002,3.86267,27,143.06176,0.3778,1.402,-0.0873,1.39007,0.75,48,Utilities — grid optimisation inside a regulated envelope,False
1100,LYV,"Live Nation Entertainment, Inc.",USA,Communication Services,Entertainment,United States,36642.54314,180.22,USD,47.9,42.2,58.6,39.1,68.9,29.4,34.5,,83.07404,30.138,1.758,,1.63747,-0.00982,0.01204,0.05056,,0.0,0.04052,23.0,buy,0.14927,0.02179,0.25868,-0.09927,0.00327,0.122,,1.0079,-1315.40384,7.38269,0.885,22377.48352,17700,1264.26461,0.32463,1.107,0.20597,399049.35503,0.92,72,Entertainment — content pipeline productivity,False
1101,OBAB.ST,Online Brands Nordic AB (publ),Stockholm,Consumer Cyclical,"Furnishings, Fixtures & Appliances",Sweden,29.30018,11.2,SEK,47.9,45.6,52.1,30.9,88.3,57.6,28.4,,,14.976,0.644,1.50416,0.64293,-0.05179,,-0.01646,,0.0,,,none,-0.08352,-0.00519,0.44828,-0.00925,-0.03023,0.34,,1.66042,-3.25394,0.29467,1.343,45.57279,98,465.02845,0.68747,-0.083,-0.19713,30.62725,0.92,55,Furnishings — design tools and logistics,False
1102,INTEG-B.ST,Integrum AB (publ),Stockholm,Healthcare,Medical Devices,Sweden,19.24051,7.96,SEK,47.9,37.8,66.7,28.0,18.9,88.6,36.6,,,-4.763,2.043,1.23411,2.20804,-0.24874,,-0.15569,,0.0,,,none,-0.26503,-0.15822,0.65813,-0.75941,-0.48198,-0.073,,,1.44025,0.01844,2.771,8.71384,34,256.2895,0.36147,0.373,-0.59512,36.38236,0.83,66,Devices — embedded intelligence differentiates hardware,False
1103,SPERM.ST,Spermosens AB (publ),Stockholm,Healthcare,Diagnostics & Research,Sweden,2.99103,0.0104,SEK,47.9,39.4,63.7,14.6,,92.1,42.1,,,-3.122,,1.04,,-0.0,,-0.14769,,0.0,,,none,-0.27242,-0.16305,0.0,0.0,0.0,,,,0.40615,,13.259,,3,,0.33243,0.134,0.57576,5.64759,0.67,74,Diagnostics — imaging and lab interpretation are AI-tractable,False
1104,CLEMO.ST,Clean Motion AB (publ),Stockholm,Consumer Cyclical,Auto Manufacturers,Sweden,1.6624,0.099,SEK,47.9,44.5,54.2,10.3,99.4,54.8,42.7,,,-1.559,6.747,0.46698,6.96048,-0.90909,,,,0.0,,,none,-0.43414,-0.18995,0.13928,-5.75527,0.0,13.0,,,0.05094,0.04862,0.769,0.23883,,,0.28986,0.767,-0.8018,28.65832,0.75,60,Autos — autonomy optionality against capital intensity,False
1105,ATO,Atmos Energy Corporation,USA,Utilities,Utilities - Regulated Gas,United States,25912.46856,177.68,USD,47.8,48.6,46.4,67.9,41.0,34.3,38.4,21.88177,19.7024,15.416,8.023,1.98932,6.07598,0.0457,0.05076,-0.07453,0.0225,0.4606,0.06043,12.0,hold,0.096,0.03876,0.60988,0.3932,0.27579,0.006,0.145,3.7411,-8303.2424,0.64588,1.003,4264.74046,5487,777.24448,0.00403,0.598,0.12299,216780.27017,1.0,48,Utilities — grid optimisation inside a regulated envelope,False
1106,FDXF,"FedEx Freight Holding Company, Inc.",USA,Industrials,Integrated Freight & Logistics,United States,19808.92152,152.26,USD,47.8,40.6,61.1,38.6,22.5,25.3,62.8,33.46373,30.39121,3.393,0.605,0.00159,2.61083,0.02988,0.0329,,,0.0,0.11268,12.0,buy,,,0.29675,0.06027,0.10398,-0.047,,3.39018,-4585.17784,,0.841,7587.21124,40000,189.68028,0.0,,0.00834,281959.75664,0.58,62,"Logistics — routing, pricing and warehouse automation",False
1107,OKE,"ONEOK, Inc.",USA,Energy,Oil & Gas Midstream,United States,51478.99016,93.52,USD,47.8,52.2,39.6,59.5,65.3,17.7,52.1,16.67023,15.10255,12.326,2.628,2.63541,1.67369,0.05999,0.06621,0.00771,0.0458,0.7415,0.02397,21.0,buy,0.15903,0.05657,0.29636,0.1492,0.1003,0.196,0.18,4.45984,-29251.47752,1.49644,0.71,30757.73726,6326,4862.11465,0.00153,0.707,0.16347,316838.47711,1.0,48,Oil & gas — commodity price dominates; ops optimisation real but capped,False
1108,DIVIO-B.ST,Divio Technologies AB (publ),Stockholm,Technology,Software - Application,Sweden,2.74373,0.0578,SEK,47.8,30.4,80.0,11.2,30.5,7.2,64.4,,,-610.52,0.373,28.9,0.805,-0.34602,,0.09298,,0.0,,,none,-2.81256,-0.15808,0.1356,-0.15523,-0.15482,-0.006,,,0.68577,,0.419,3.40839,13,262.18349,0.2851,0.742,-0.58417,8.55758,0.75,92,Software economics — AI compounds both the product and dev productivity,False
1109,FE,FirstEnergy Corp.,USA,Utilities,Utilities - Regulated Electric,United States,24525.86429,48.53,USD,47.7,48.7,45.9,65.5,56.2,12.0,42.4,26.375,16.45659,11.128,3.751,2.21841,1.83018,0.03791,0.06077,-0.06537,0.0383,0.9674,0.0826,13.0,buy,0.09461,0.03758,0.68425,0.20514,0.06944,0.116,0.129,5.41741,-24470.59053,1.98922,0.522,13400.81132,11186,1197.99851,0.00138,0.454,0.18135,214498.63253,1.0,48,Utilities — grid optimisation inside a regulated envelope,False
1110,O,Realty Income Corporation,USA,Real Estate,REIT - Retail,United States,53535.16816,65.71,USD,47.7,52.9,38.1,65.8,59.7,42.5,38.4,53.86065,38.71785,17.827,15.729,1.56519,10.33422,0.01857,0.02583,0.02934,0.0495,2.65,0.03808,20.0,buy,0.02831,0.02313,0.92597,0.45526,0.18899,0.12,0.179,5.71514,-26122.59068,0.73467,2.062,5180.37809,544,9522.75384,0.00125,0.729,0.16528,345728.64175,1.0,38,REIT — financial asset; minimal AI operating leverage,False
1111,XANO-B.ST,XANO Industri AB (publ),Stockholm,Industrials,Specialty Industrial Machinery,Sweden,256.1592,47.65,SEK,47.7,41.5,59.3,46.2,34.2,36.4,43.4,16.89716,,12.247,1.345,1.50729,0.83897,0.05918,,-0.23621,0.021,0.1773,,,none,0.0904,0.04136,0.21556,0.07624,0.04969,0.028,-0.051,4.61014,-154.62997,1.01832,1.618,305.3264,1351,226.0003,0.63899,0.773,-0.22646,57.26919,1.0,62,Machinery — predictive maintenance and embedded software,False
1112,KBC.ST,KB Components AB (publ),Stockholm,Basic Materials,Specialty Chemicals,Sweden,188.31137,37.1,SEK,47.7,40.8,60.4,55.7,10.6,34.5,46.6,29.68,,12.072,1.15,3.51825,0.77081,0.03369,,0.01793,0.0404,1.2,0.2938,1.0,strong_buy,0.10975,0.03999,0.51295,0.06109,0.02601,-0.125,-0.496,3.94234,-91.74968,2.02412,1.968,244.30185,1937,126.12383,0.71182,,-0.22304,5.16847,1.0,55,Chemicals — formulation R&D and process control,False
1113,ORRON.ST,Orrön Energy AB (publ),Stockholm,Utilities,Utilities - Renewable,Sweden,185.54518,7.16,SEK,47.7,48.4,46.5,45.1,92.6,54.9,19.6,,-238.66667,25.86445,5.59034,0.58361,5.34712,-0.1243,-0.00419,-0.00842,,0.0,0.25433,1.0,none,-0.07004,-0.01303,0.51585,0.19728,-0.67435,0.547,,12.08,-90.6,0.33136,4.458,34.7,60,578.33333,0.50745,1.5,0.44355,773.45111,0.92,48,Utilities — grid optimisation inside a regulated envelope,False
1114,SKMO.ST,Skåne-möllan AB (publ),Stockholm,Consumer Defensive,Packaged Foods,Sweden,50.84842,51.0,SEK,47.7,48.4,46.5,39.8,47.1,94.5,36.1,47.22222,,26.478,2.114,3.49531,2.41762,0.02118,,0.03611,0.0275,1.2963,,,none,0.07308,0.03698,0.17657,0.03166,0.0511,-0.076,0.615,-3.80567,6.39004,,5.992,21.03239,27,778.97759,0.931,0.503,-0.28771,1.86752,0.92,55,Consumer staples — demand forecasting and trade-spend optimisation,False
1115,NAXS.ST,NAXS AB (publ),Stockholm,Financial Services,Asset Management,Sweden,33.82962,34.2,SEK,47.7,36.7,68.2,35.1,,92.1,10.8,,,,-3.936,0.71105,-4.44322,-0.26667,,-0.16729,0.0585,0.0,,,none,-0.15257,-0.09647,0.0,1.0689,0.0,,,,3.93164,,49.803,-7.61376,,,0.56775,,-0.4,13.18676,0.58,80,Asset management — research and back-office automation,False
1116,RAMSH.ST,RAMSH.ST,Stockholm,Industrials,Marine Shipping,Sweden,8.91439,21.9,SEK,47.7,49.3,44.6,36.7,0.6,95.3,73.5,24.88636,,5.294,1.534,0.77404,3.56214,0.04018,,0.10783,0.0091,0.2273,,,none,0.04454,0.01778,0.59917,-297.8,0.11394,-0.999,-0.909,-6.99563,5.07451,,33.582,2.50254,3,834.18004,0.2716,,-0.10612,5.75251,0.92,46,Shipping — routing helps at the margin; the ship is the cost,False
1117,TRGP,Targa Resources Corp.,USA,Energy,Oil & Gas Midstream,United States,53055.35369,282.91,USD,47.6,51.0,41.3,76.2,51.5,15.0,39.2,28.89786,23.71265,15.312,4.824,19.36811,3.66663,0.0346,0.04217,-0.00525,0.0177,0.4086,0.03297,21.0,buy,0.74098,0.09126,0.41766,0.209,0.12874,-0.102,1.429,3.64774,-16627.99638,5.85249,0.718,14469.78311,3570,4053.16053,0.01378,0.704,0.73246,303381.91563,1.0,48,Oil & gas — commodity price dominates; ops optimisation real but capped,False
1118,SOCIAL.ST,Sociallite US AB,Stockholm,Communication Services,Advertising Agencies,Sweden,0.60561,0.576,SEK,47.6,36.5,68.2,36.7,,42.1,33.4,,,7.91,-5.26,-12.52174,-5.28603,-4.53125,,,,0.0,,,none,,0.18344,0.0,-2.14557,0.0,,,-0.03926,0.00299,,0.343,-0.11457,,,0.21317,10.518,1.01399,5.62531,0.58,80,"Advertising — targeting, creative and buying are AI-disrupted/enabled",False
1119,S2M.ST,S2Medical AB (publ),Stockholm,Healthcare,Medical Instruments & Supplies,Sweden,0.44153,0.0052,SEK,47.6,34.9,71.2,32.4,58.5,10.8,34.0,,,-1.899,0.236,0.47273,0.30201,-3.84615,,-0.06129,,0.0,,,none,-0.70609,-0.07878,0.87063,-0.25483,-0.62579,0.085,,,0.0822,,0.564,1.46196,10,146.19644,0.46426,2.291,-0.62857,1.38229,0.75,66,Instruments — software layer increasingly the differentiator,False
1120,REG,Regency Centers Corporation,USA,Real Estate,REIT - Retail,United States,13503.71882,82.68,USD,47.5,53.0,37.3,67.9,56.5,30.7,44.4,28.41237,32.79807,19.693,12.537,2.26403,9.36448,0.0352,0.03049,0.03718,0.0365,1.0034,0.04143,19.0,buy,0.08003,0.03208,0.71702,0.40727,0.33107,0.1,0.172,4.85182,-4454.0334,0.73218,1.036,1442.0148,503,2866.82863,0.00645,0.825,0.18521,108118.90466,1.0,38,REIT — financial asset; minimal AI operating leverage,False
1121,APD,"Air Products and Chemicals, Inc.",USA,Basic Materials,Specialty Chemicals,United States,57514.68015,295.62,USD,47.4,46.1,49.8,57.4,59.6,34.0,30.1,31.15068,20.7042,22.131,6.885,4.20632,5.28156,0.0321,0.0483,-0.05346,0.0245,0.7566,0.12628,20.0,buy,0.12353,0.03599,0.31984,0.23595,0.16907,0.088,,4.51001,-15279.2652,1.01611,1.427,10889.70944,21087,516.41815,0.0188,0.736,0.00647,328842.2979,0.92,55,Chemicals — formulation R&D and process control,False
1122,DUK,Duke Energy Corporation,USA,Utilities,Utilities - Regulated Electric,United States,85148.46648,125.01,USD,47.4,49.0,44.4,60.6,55.1,14.8,48.5,19.23231,17.43787,11.501,5.792,1.81843,2.97862,0.052,0.05735,-0.02305,0.0347,0.6523,0.1088,18.0,buy,0.09661,0.02782,0.5105,0.25507,0.15706,0.113,0.12,5.40533,-77819.58661,1.61495,0.661,28586.59074,26441,1081.14635,0.00122,0.373,0.04323,375198.11489,1.0,48,Utilities — grid optimisation inside a regulated envelope,False
1123,LUV,Southwest Airlines Co.,USA,Industrials,Airlines,United States,20532.16107,48.08,USD,47.4,45.3,51.4,39.8,70.1,32.9,41.5,32.05333,9.85577,12.006,0.92,3.41817,0.81361,0.0312,0.10146,-0.01585,0.015,0.48,0.08895,23.0,hold,0.10062,0.01936,0.23006,0.04552,0.02829,0.128,,1.38635,-2680.5119,0.93033,0.478,25235.9522,73401,343.80938,0.01004,1.118,0.30439,278187.63508,0.92,55,"Airlines — pricing/scheduling optimise, fuel and fleet dominate",False
1124,PLAZ-B.ST,Platzer Fastigheter Holding AB (publ),Stockholm,Real Estate,Real Estate Services,Sweden,801.95297,75.5,SEK,47.4,51.5,39.8,68.2,48.7,11.1,54.0,12.27642,12.11878,18.345,13.683,0.67942,5.09371,0.08146,0.08252,0.02823,0.0291,0.3496,0.06843,3.0,hold,0.06078,0.02541,0.78584,0.72184,0.44963,-0.022,0.46,11.43805,-1343.08728,1.14228,0.162,157.43977,85,1852.23257,0.35704,1.772,0.05007,1016.98032,1.0,40,Real estate — asset returns dominate; admin automation marginal,False
1125,ARCT.ST,Arctic Minerals AB (publ),Stockholm,Basic Materials,Other Industrial Metals & Mining,Sweden,21.31291,5.0,SEK,47.4,50.7,41.2,11.3,99.8,92.1,43.1,,-100.0,-11.264,39.982,2.10172,43.44805,-0.09,-0.01,-0.0678,,0.0,,,none,-0.18004,-0.10305,0.0,-2.16508,0.0,559.667,,,1.70002,,5.106,0.49054,,,0.2861,,-0.04762,23.27743,0.75,44,Mining/metals — process optimisation at the margin,False
1126,NATTA.ST,Nattaro Labs AB (publ),Stockholm,Basic Materials,Specialty Chemicals,Sweden,2.69011,0.618,SEK,47.4,39.1,62.9,28.9,35.5,72.9,36.6,,,-4.693,5.091,2.34981,4.91543,-0.21036,,-0.17941,,0.0,,,none,-0.56341,-0.25294,0.71746,-0.11085,-1.15734,0.009,,,-0.09617,0.14775,1.738,0.54728,5,109.45554,0.52905,0.121,0.24597,1.73668,0.83,55,Chemicals — formulation R&D and process control,False
1127,ODIN.ST,Odinwell AB (publ),Stockholm,Healthcare,Medical Instruments & Supplies,Sweden,0.78836,0.1785,SEK,47.4,37.1,66.6,34.6,21.9,76.7,30.5,,,-1.408,1.594,0.26444,2.20745,-0.39216,,-0.71795,,0.0,,,none,-0.15828,-0.09962,0.98717,-1.1127,-1.34014,-0.05,,,0.25729,,2.359,0.35714,,,0.13634,-0.005,-0.51757,1.46055,0.75,66,Instruments — software layer increasingly the differentiator,False
1128,AMCR,Amcor plc,USA,Consumer Cyclical,Packaging & Containers,Switzerland,17749.6265,43.94,USD,47.3,45.4,50.9,45.8,58.0,30.0,44.1,35.43548,10.28036,11.088,1.6,1.74289,0.91552,0.02822,0.09727,0.00736,0.0592,2.0683,0.10446,12.0,buy,0.08737,0.04079,0.19144,0.0859,0.03055,0.774,-0.117,4.74102,-13259.27136,1.4374,1.443,19387.40367,77000,251.78446,0.00256,0.614,-0.0661,146667.44896,1.0,52,Packaging — plant automation and design,False
1129,K33.ST,K33 AB (publ),Stockholm,Financial Services,Capital Markets,Sweden,35.56799,0.0263,SEK,47.3,39.8,61.1,9.8,93.9,44.2,36.6,,,-40.707,0.155,3.75714,0.15693,-0.38023,,-0.38453,,0.0,,,none,-1.27149,-0.5053,0.00792,-0.02091,-0.03356,0.644,,,0.47178,,1.237,226.65554,8,28331.94312,0.45878,2.574,-0.65531,205.76355,0.75,80,"Capital markets — research, ops and compliance are text-heavy",False
1130,LAPWALL.HE,LapWall Oyj,Helsinki,Basic Materials,Lumber & Wood Production,Finland,62.45973,4.3,EUR,47.3,47.0,47.8,60.6,46.0,37.7,36.6,23.88889,10.0,15.32,1.656,3.53038,1.39218,0.04186,0.1,-0.09862,0.0233,0.712,0.04651,1.0,none,0.10945,0.04999,0.57175,0.08474,0.04396,0.176,-0.271,2.44068,-11.83627,0.86939,1.122,44.86485,127,353.26655,0.6262,0.298,0.17486,38.2012,1.0,45,Forestry — commodity economics,False
1131,BETOLAR.HE,Betolar Oyj,Helsinki,Basic Materials,Building Materials,Finland,26.52811,1.23,EUR,47.3,39.3,62.1,25.3,60.0,47.7,37.6,,-8.78571,-4.999,30.251,11.94175,28.04059,-0.22764,-0.11382,-0.12117,,0.0,-0.18699,1.0,none,-1.17436,-0.26807,0.76485,-5.13525,0.0,0.089,,,-2.09137,3.97808,5.767,0.94606,29,32.62279,0.58901,1.654,0.07895,28.40439,0.83,52,Materials — logistics and process automation,False
1132,DD,"DuPont de Nemours, Inc.",USA,Basic Materials,Specialty Chemicals,United States,15959.68226,135.29,USD,47.2,44.9,51.5,42.9,45.5,70.2,34.3,118.67544,17.85168,13.645,3.063,1.31649,2.64047,0.00843,0.05602,-0.00683,0.0177,3.2105,0.25379,16.0,buy,0.00896,0.01983,0.3501,0.13801,-0.00419,0.043,,1.61429,-2190.36591,0.22594,2.683,6044.25689,15000,402.95046,0.0019,1.083,0.41911,154732.05696,0.92,55,Chemicals — formulation R&D and process control,False
1133,GPC,Genuine Parts Company,USA,Consumer Cyclical,Auto Parts,United States,15171.99436,124.82,USD,47.2,42.7,55.5,45.2,41.5,28.2,47.7,283.68182,14.95021,11.506,0.948,3.83837,0.70307,0.00353,0.06689,0.0435,0.034,9.4375,0.07855,8.0,buy,0.01342,0.04538,0.37516,0.05771,0.00243,0.068,-0.021,3.05422,-5428.99115,1.49454,1.093,21579.5266,65000,331.99272,0.00419,0.642,0.00751,196657.89146,1.0,58,"Auto supply — factory automation, EV/AI transition risk",False
1134,SBUX,Starbucks Corporation,USA,Consumer Cyclical,Restaurants,United States,105042.28671,105.49,USD,47.2,41.6,57.5,51.7,61.1,24.6,25.3,80.52672,35.09455,26.494,3.716,,3.12508,0.01242,0.02849,-0.01085,0.0235,1.8779,0.00912,31.0,buy,,0.07377,0.21897,0.08418,0.03888,0.088,0.326,4.20889,-19840.15508,,0.922,33612.63622,381000,88.22214,0.00121,0.969,0.13846,704721.79611,0.83,55,Restaurants — ordering and kitchen workflow automation,False
1135,SVEAF.ST,Sveafastigheter AB (publ),Stockholm,Real Estate,Real Estate Services,Sweden,530.36635,29.65,SEK,47.2,50.7,40.7,60.2,52.9,20.3,53.5,13.11947,,,12.315,0.39248,3.69641,0.07622,,-0.05225,,0.0,0.51771,2.0,buy,0.03032,0.01704,0.65572,0.54167,0.28553,0.065,,,-1229.42608,0.91494,0.438,143.48139,172,834.19412,0.72339,,-0.25202,737.82954,0.75,40,Real estate — asset returns dominate; admin automation marginal,False
1136,VIMAB.ST,Vimab Group AB (publ),Stockholm,Industrials,Consulting Services,Sweden,12.71735,2.95,SEK,47.2,31.2,76.8,10.7,83.6,8.7,31.6,,,-5.954,0.718,2.16752,0.42239,-1.25424,,-0.40104,,0.0,,,none,-8.37711,-0.19964,0.16746,-0.27555,-0.27893,0.252,,,-8.90672,8.01905,0.714,30.10825,176,171.06959,0.46034,-1.445,-0.60771,1.68265,0.83,84,Professional services — knowledge work with billable-hour leverage,False
1137,MBBAB.ST,MoveByBike Europe AB (publ),Stockholm,Industrials,Integrated Freight & Logistics,Sweden,2.60015,10.4,SEK,47.2,39.7,61.0,4.8,89.2,12.0,61.2,0.86884,,-1.605,0.762,-4.4616,0.78553,1.15096,,-0.55541,,0.0,,,none,,-0.74947,-0.08831,-0.57503,-0.02925,0.375,,,-0.33237,,0.61,3.31004,72,45.97281,,1.29,-0.61481,81.67827,0.67,62,"Logistics — routing, pricing and warehouse automation",False
1138,CNC,Centene Corporation,USA,Healthcare,Healthcare Plans,United States,28664.23905,66.44,USD,47.1,44.7,51.6,25.7,50.1,57.4,57.0,,14.8465,8.791,0.143,1.53105,0.18397,-0.19642,0.06736,0.20872,,0.0,-0.01917,18.0,buy,-0.26044,0.01222,0.10559,0.05069,-0.03613,0.051,0.183,-2.537,6439.16863,0.76049,1.123,155808.66599,61000,2554.24043,0.00392,1.077,1.42217,333645.7025,1.0,66,Healthcare sector default,False
1139,WIHL.ST,Wihlborgs Fastigheter AB (publ),Stockholm,Real Estate,Real Estate Services,Sweden,2173.45734,78.0,SEK,47.1,51.3,39.3,70.2,33.3,10.3,61.9,10.97046,12.54019,18.372,12.797,0.96368,5.19032,0.09115,0.07974,0.05761,0.0423,0.4641,0.20696,7.0,buy,0.09268,0.03029,0.71688,0.71088,0.47338,0.068,-0.334,10.92076,-3185.32281,1.48751,0.447,418.75176,228,1836.63051,0.11685,1.189,-0.21093,3588.64089,1.0,40,Real estate — asset returns dominate; admin automation marginal,False
1140,BRILL.ST,Brilliant Future AB (publ),Stockholm,Industrials,Consulting Services,Sweden,4.67567,3.74,SEK,47.1,30.4,78.1,18.5,31.0,52.9,32.8,,,6.768,0.363,2.2315,0.52501,-0.13904,,-0.14356,,0.0,,,none,-0.26551,-0.05572,0.22362,-0.13378,-0.07171,-0.005,,-3.0281,1.44533,,0.524,8.90582,62,143.64219,0.87435,0.93,-0.21097,0.74476,0.83,84,Professional services — knowledge work with billable-hour leverage,False
1141,NEE,"NextEra Energy, Inc.",USA,Utilities,Utilities - Regulated Electric,United States,161810.79158,88.8,USD,47.0,48.3,44.7,63.7,72.2,11.8,32.5,22.53807,20.16907,21.117,10.73,3.35335,6.64616,0.04437,0.04958,-0.09964,0.0281,0.5895,0.11712,20.0,buy,0.10325,0.02412,0.61401,0.30175,0.29369,0.073,1.6,7.2325,-89471.25227,1.56686,0.542,24346.52435,17400,1399.22554,0.00115,0.667,0.16581,904960.22174,1.0,48,Utilities — grid optimisation inside a regulated envelope,False
1142,BILI-A.ST,Bilia AB (publ),Stockholm,Consumer Cyclical,Auto & Truck Dealerships,Sweden,1199.71887,144.3,SEK,47.0,44.9,51.0,46.2,43.1,27.2,53.3,15.89207,12.24958,10.84,0.55,2.5211,0.33016,0.06292,0.08164,-0.01494,0.0414,0.485,0.12266,3.0,buy,0.1569,0.03929,0.16909,0.03464,0.02008,-0.032,0.304,4.30777,-794.17805,1.7653,1.303,3633.80434,5625,646.00966,0.23098,0.552,0.24289,1203.24658,1.0,60,Consumer Cyclical sector default,False
1143,LAMM-B.ST,Lammhults Design Group AB (publ),Stockholm,Consumer Cyclical,"Furnishings, Fixtures & Appliances",Sweden,16.32277,21.3,SEK,47.0,43.2,54.1,35.5,29.1,40.9,62.7,,3.52066,7.365,0.358,0.46175,0.20553,-0.06103,0.28404,0.3043,0.0469,6.0606,,,none,-0.0217,0.02397,0.3724,0.00241,-0.01004,-0.011,,3.12441,-12.06404,0.35656,0.908,79.41781,268,296.3351,0.62763,0.255,-0.43947,44.11441,0.92,55,Furnishings — design tools and logistics,False
1144,AMH2-B.ST,Amhult 2 AB (publ),Stockholm,Real Estate,Real Estate - Diversified,Sweden,36.30819,58.5,SEK,46.9,50.0,41.0,66.5,58.9,13.2,43.2,10.2812,,16.611,12.035,0.45492,3.7615,0.09726,,-0.22877,,0.0,,,none,0.0453,0.02445,0.77754,0.70454,0.36627,0.109,0.196,11.4194,-79.86176,1.01218,0.278,9.65259,9,1072.51,,0.252,0.0,4.52293,1.0,40,Real estate — asset returns dominate; admin automation marginal,False
1145,APO,"Apollo Global Management, Inc.",USA,Financial Services,Asset Management,United States,60681.14216,120.47,USD,46.8,37.4,64.3,45.2,16.5,49.7,36.1,75.7673,11.32098,,2.829,3.7434,2.21987,0.0132,0.08833,,0.0187,1.283,0.23731,17.0,buy,0.08492,0.00708,0.35222,0.13489,0.03656,-0.092,,,1670.5149,1.01267,2.024,27335.45185,6140,4452.02799,0.27138,1.499,-0.18979,433263.57751,0.67,80,Asset management — research and back-office automation,False
1146,AVB,"AvalonBay Communities, Inc.",USA,Real Estate,REIT - Residential,United States,23897.02305,192.53,USD,46.8,51.2,38.7,64.1,53.7,20.3,49.9,23.8575,39.51944,19.701,11.886,2.3276,8.93823,0.04192,0.0253,0.05089,0.037,0.8711,0.03072,18.0,hold,0.09719,0.02646,0.62727,0.2932,0.37268,0.025,0.403,5.09181,-8212.89513,0.81307,0.375,2673.57442,3011,887.93571,0.00402,0.78,-0.04114,185754.59789,1.0,38,REIT — financial asset; minimal AI operating leverage,False
1147,LEN,Lennar Corporation,USA,Consumer Cyclical,Residential Construction,United States,17656.3358,83.89,USD,46.8,49.5,41.7,41.6,17.4,70.9,69.3,13.1489,12.70616,10.827,0.756,0.9347,0.6173,0.07605,0.0787,0.05334,0.0238,0.3135,0.04074,13.0,hold,0.07368,0.03943,0.16363,0.05275,0.04934,-0.052,-0.315,1.92147,-3836.85883,0.28692,8.508,28602.523,12532,2282.359,0.06803,1.394,-0.23339,193463.18016,1.0,52,"Construction — planning automation, execution stays physical",False
1148,VERT-B.ST,Vertiseit AB (publ),Stockholm,Technology,Information Technology Services,Sweden,179.21446,58.8,SEK,46.8,28.1,81.6,34.3,14.1,32.9,27.8,1470.0,28.54369,34.927,2.917,2.43267,2.95242,0.00068,0.03503,0.02479,,0.0,0.23299,3.0,strong_buy,0.003,0.01334,0.30879,0.04348,0.0032,-0.035,-0.706,4.6671,-23.66165,0.40179,0.719,60.70087,283,214.49071,0.54046,0.533,-0.20541,54.53746,1.0,90,IT services — delivery is labor-hours that AI directly automates,False
1149,META.ST,Metacon AB (publ),Stockholm,Industrials,Specialty Industrial Machinery,Sweden,29.54506,0.1862,SEK,46.8,42.1,55.4,15.7,91.2,39.2,41.5,,-6.20667,-6.507,0.913,3.10333,1.24801,-0.26853,-0.16112,-0.03174,,0.0,0.23523,1.0,none,-0.51218,-0.15536,0.19039,-0.04354,-0.20708,0.467,,,1.4049,0.69533,1.088,23.67382,62,381.83576,0.07383,2.278,-0.29067,103.98431,0.83,62,Machinery — predictive maintenance and embedded software,False
1150,SIILI.HE,Siili Solutions Oyj,Helsinki,Technology,Information Technology Services,Finland,24.81221,3.06,EUR,46.8,27.7,82.3,22.9,12.0,33.8,40.6,,9.87097,87.905,0.29,0.64516,0.23894,-0.01307,0.10131,0.17683,0.0229,1.5,0.11111,1.0,none,-0.00858,-0.01149,0.15183,-0.02578,-0.00338,-0.142,,13.53353,-4.642,0.39605,1.07,103.843,806,128.83747,0.11361,0.309,-0.53495,72.05076,0.92,90,IT services — delivery is labor-hours that AI directly automates,False
1151,BINV.ST,BioInvent International AB (publ),Stockholm,Healthcare,Biotechnology,Sweden,134.19979,22.5,SEK,46.7,36.1,66.5,28.9,4.3,93.9,36.9,,-5.72519,-3.041,4.73,3.3718,6.79616,-0.22667,-0.17467,-0.10834,,0.0,3.22222,3.0,strong_buy,-0.555,-0.31323,1.0,-9.07226,-1.53976,-0.392,,,40.80754,0.01424,5.316,19.74641,112,176.30723,0.10165,0.023,-0.41022,313.95571,0.83,60,"Biotech — discovery upside, binary science risk dominates",False
1152,KJELL.ST,Kjell Group AB (publ),Stockholm,Technology,Consumer Electronics,Sweden,120.97699,14.0,SEK,46.7,36.3,66.0,24.6,12.8,48.7,59.4,,8.53659,4.57,0.78,1.39498,0.57901,-0.46857,0.11714,0.22375,,0.0,,,none,-0.41975,-0.01807,0.39722,-0.05436,-0.17451,-0.132,,1.17767,-42.00134,0.66438,1.185,208.93708,1250,167.14966,0.32404,1.217,0.41129,384.00295,0.92,66,Consumer electronics — on-device AI features,False
1153,FIA1S.HE,Finnair Oyj,Helsinki,Industrials,Airlines,Finland,988.19622,4.824,EUR,46.7,46.2,47.7,31.7,68.6,34.7,53.9,16.08,12.14349,4.81,0.479,1.06702,0.30977,0.06219,0.08235,-0.21031,0.0207,0.3333,-0.24855,4.0,underperform,0.08149,0.01659,0.1457,-0.00373,0.01881,0.121,,1.69909,-539.80006,1.93878,1.189,3190.09997,5802,549.82764,0.56659,1.267,0.6692,1775.92183,0.92,55,"Airlines — pricing/scheduling optimise, fuel and fleet dominate",False
1154,K2A-B.ST,K2A Knaust & Andersson Fastigheter AB (publ),Stockholm,Real Estate,Real Estate Services,Sweden,32.92097,4.23,SEK,46.7,48.9,42.5,64.0,67.0,4.4,41.4,1.85526,16.26923,42.546,17.72,0.15654,1.44763,0.53901,0.06147,-0.05462,,0.0,-0.05437,1.0,none,0.10764,0.00884,0.65126,0.48883,0.95337,0.033,2.383,39.06986,-370.06052,1.85678,0.104,22.7413,44,516.84774,0.60533,,-0.35321,33.38094,1.0,40,Real estate — asset returns dominate; admin automation marginal,False
1155,KDP,Keurig Dr Pepper Inc.,USA,Consumer Defensive,Beverages - Non-Alcoholic,United States,36743.36158,30.91,USD,46.6,43.2,52.9,58.8,35.1,41.1,31.4,22.8963,12.22662,17.647,4.626,1.66469,2.48199,0.04368,0.08179,-0.38867,0.0298,0.6815,0.13042,17.0,buy,0.06312,0.03614,0.53777,0.19014,0.10812,0.094,-0.477,6.30189,-24457.48554,0.85985,2.307,14803.97323,30600,483.78997,0.04978,0.407,-0.07233,372482.56722,1.0,55,Consumer staples — demand forecasting and trade-spend optimisation,False
1156,NCC-B.ST,NCC AB (publ),Stockholm,Industrials,Engineering & Construction,Sweden,1502.41292,169.5,SEK,46.6,41.3,56.5,34.8,27.8,45.1,56.1,211.875,11.42183,8.222,0.388,2.25492,0.30715,0.00472,0.08755,0.0574,0.0531,11.3924,0.19469,4.0,buy,0.01059,0.03595,0.10134,0.04465,0.00145,-0.022,-0.034,1.6947,-390.92559,0.75412,1.222,4891.50964,10714,456.55307,0.0864,1.08,-0.07276,3691.9532,1.0,66,"Engineering — design, tendering and site planning automate",False
1157,VNV.ST,VNV Global AB (publ),Stockholm,Financial Services,Asset Management,Sweden,193.06356,16.64,SEK,46.6,31.0,75.6,23.0,0.4,90.9,30.7,,6.20895,-1.83187,-1.95044,0.40608,-1.94099,-0.59195,0.16106,-0.38196,,0.0,0.44226,2.0,strong_buy,-0.24756,-0.12884,0.0,0.11252,0.0,-0.934,,,-9.09696,0.05811,8.279,-99.46638,3,-33155.4598,0.27032,1.624,-0.22097,244.9247,0.83,80,Asset management — research and back-office automation,False
1158,SEZI.ST,Senzime AB (publ),Stockholm,Healthcare,Medical Devices,Sweden,54.43423,3.82,SEK,46.6,36.5,65.3,16.2,29.1,89.7,38.5,,-12.73333,-5.192,5.912,2.11869,5.78821,-0.18586,-0.07853,-0.1091,,0.0,1.74869,1.0,strong_buy,-0.42508,-0.20383,0.32738,-1.11419,-1.20734,-0.011,,,3.0422,0.07686,3.76,9.40433,59,159.39542,0.47079,0.403,-0.37886,66.09768,0.83,66,Devices — embedded intelligence differentiates hardware,False
1159,VH.ST,Västra Hamnen Corporate Finance AB (publ),Stockholm,Financial Services,Asset Management,Sweden,1.32234,13.6,SEK,46.6,26.6,83.8,31.9,11.0,55.6,16.2,,,,1.079,1.7923,1.72407,-0.14853,,,0.075,1.5,,,none,-0.2663,-0.18083,1.0,-3.85034,-0.25656,-0.159,,,0.40525,,1.501,0.76699,11,69.72604,0.8242,0.554,-0.71064,5.91937,0.58,80,Asset management — research and back-office automation,False
1160,STEF-B.ST,Stendörren Fastigheter AB (publ),Stockholm,Real Estate,Real Estate - Diversified,Sweden,531.97997,179.8,SEK,46.5,50.0,40.0,67.2,64.2,7.3,41.8,34.51055,12.87044,20.806,15.034,1.03642,5.40942,0.02898,0.0777,0.03895,,0.0,0.20133,3.0,none,0.0344,0.02914,0.79724,0.68385,0.18157,0.173,0.182,13.32015,-946.54202,1.77612,0.336,98.3432,56,1756.12864,0.10516,1.14,-0.08962,380.56462,1.0,40,Real estate — asset returns dominate; admin automation marginal,False
1161,ANNE-B.ST,Annehem Fastigheter AB,Stockholm,Real Estate,Real Estate Services,Sweden,117.54242,16.35,SEK,46.5,50.4,39.4,62.6,73.3,14.6,38.7,125.76924,13.08,17.793,10.319,0.53884,3.67788,0.00795,0.07645,0.03624,,0.0,,,none,0.00582,0.02392,0.73653,0.54607,0.04254,0.081,1.701,11.07677,-205.31525,0.97218,0.417,31.95928,17,1879.95748,0.0,1.118,-0.01625,20.15595,1.0,40,Real estate — asset returns dominate; admin automation marginal,False
1162,LARK.ST,Lärkberget AB (publ),Stockholm,Financial Services,Asset Management,Sweden,4.00231,2.23,SEK,46.5,30.9,75.4,12.5,10.4,92.1,35.5,,,-5.331,126.035,0.79586,145.2522,-0.27803,,-0.24162,0.8969,0.0,,,none,-0.19452,-0.12235,0.0,-0.31919,0.0,-0.169,,,0.52951,,5.372,0.02755,5,5.51085,0.55763,1.103,-0.04701,11.45562,0.75,80,Asset management — research and back-office automation,False
1163,KAKEL.ST,Kakel Max AB (publ),Stockholm,Basic Materials,Building Materials,Sweden,2.91961,10.6,SEK,46.5,43.5,52.0,28.0,59.6,59.2,43.0,,,30.03,0.196,0.64979,0.17996,-0.04245,,0.21955,,0.0,,,none,-0.02738,-0.00627,0.32955,-0.00286,-0.00769,0.088,,2.42845,-0.25687,0.09606,1.375,16.224,61,265.96723,0.74903,0.481,0.16484,3.32235,0.92,52,Materials — logistics and process automation,False
1164,MPC,Marathon Petroleum Corporation,USA,Energy,Oil & Gas Refining & Marketing,United States,79733.33668,312.6,USD,46.4,51.1,37.6,51.0,59.6,29.7,56.4,20.57933,12.36854,12.684,0.957,5.46723,0.67129,0.04859,0.08085,0.03856,0.0125,0.2515,-0.07023,17.0,buy,0.27458,0.05146,0.10739,0.03556,0.03407,0.088,,3.13658,-28111.29792,1.46523,1.176,118776.02577,18500,6420.32572,0.00322,0.52,0.78751,635521.37404,0.92,48,Oil & gas — commodity price dominates; ops optimisation real but capped,False
1165,PLD,"Prologis, Inc.",USA,Real Estate,REIT - Industrial,United States,124863.98947,149.79,USD,46.4,51.2,37.6,66.9,75.2,23.4,30.7,33.3608,44.18584,26.381,18.518,2.61318,14.79828,0.02998,0.02263,,0.0286,0.9265,0.04193,14.0,buy,0.07749,0.02516,0.75549,0.43031,0.43575,0.123,0.853,5.11526,-30297.33106,0.62702,0.301,8437.73532,2802,3011.32595,0.00267,1.34,0.38874,481567.43368,0.92,38,REIT — financial asset; minimal AI operating leverage,False
1166,FABG.ST,Fabege AB (publ),Stockholm,Real Estate,Real Estate Services,Sweden,2118.5102,74.3,SEK,46.4,50.4,38.9,60.0,72.0,11.8,44.2,54.23358,16.65919,23.551,15.0,0.62671,5.89336,0.01844,0.06003,0.07544,0.0296,1.4964,0.13069,10.0,hold,0.01152,0.01877,0.66036,0.59491,0.10867,0.14,,14.29849,-3273.69589,0.96919,0.085,359.4739,218,1648.96285,0.39844,1.362,-0.11548,2920.75332,0.92,40,Real estate — asset returns dominate; admin automation marginal,False
1167,PON1V.HE,Ponsse Oyj,Helsinki,Industrials,Farm & Heavy Construction Machinery,Finland,635.47827,22.7,EUR,46.4,41.2,56.0,41.3,9.0,77.4,44.4,33.8806,15.65517,10.096,0.895,1.86463,0.86905,0.02952,0.06388,-0.01056,0.0242,0.7463,0.04626,2.0,none,0.05481,0.03374,0.36322,0.00921,0.02546,-0.101,-0.824,0.28758,-18.633,0.20366,2.716,731.23098,1973,370.61884,0.65665,0.561,-0.24333,101.696,1.0,60,Heavy equipment — autonomy retrofit is slow but real,False
1168,IRLAB-A.ST,IRLAB Therapeutics AB (publ),Stockholm,Healthcare,Biotechnology,Sweden,10.13328,1.288,SEK,46.4,42.0,54.5,23.4,99.0,33.8,29.8,,-9.90769,-1.828,0.927,2.74627,1.20913,-0.6677,-0.10093,-0.64761,,0.0,4.82298,1.0,none,-3.00931,-0.20207,-0.04807,0.27256,-0.72374,8.028,,,2.14832,0.67979,0.88,8.38065,31,270.34369,0.3632,0.515,-0.62006,29.39224,0.83,60,"Biotech — discovery upside, binary science risk dominates",False
1169,NEEMS-B.ST,Neem's Hill AB,Stockholm,Healthcare,Biotechnology,Sweden,8.55401,3.6,SEK,46.4,41.1,56.3,28.1,70.8,19.4,47.3,,,-17.703,7.151,56.25,7.48351,-0.06667,,-0.01696,,0.0,0.75,1.0,none,-2.36483,-0.27275,0.8744,-0.49285,-0.50012,0.132,,,0.13188,,0.79,1.14305,1,1143.04721,0.42257,0.957,-0.04211,3.4206,0.75,60,"Biotech — discovery upside, binary science risk dominates",False
1170,UNIBAP.ST,Unibap Space Solutions AB (publ),Stockholm,Technology,Electronic Components,Sweden,7.43264,8.2,SEK,46.4,37.1,63.7,31.5,21.6,78.0,33.5,,,-22.043,3.891,4.31806,0.63071,-1.11341,,-0.50667,,0.0,,,none,-0.2004,-0.09409,0.39839,0.07567,-0.20204,0.006,-0.488,,0.45256,0.08452,1.933,11.78451,37,318.50021,0.61762,1.01,0.19534,164.56426,0.92,68,Components — factory automation and quality inspection,False
1171,CHRW,"C.H. Robinson Worldwide, Inc.",USA,Industrials,Integrated Freight & Logistics,United States,21472.51347,208.5,USD,46.3,44.4,49.7,57.7,35.9,47.4,33.1,42.20648,28.00037,29.367,1.609,14.45608,1.51717,0.02369,0.03571,0.02613,0.0121,0.5061,-0.02964,25.0,buy,0.34838,0.1008,0.08574,0.04906,0.03698,-0.008,0.099,1.67317,-1297.28817,0.96501,1.586,14153.02919,11705,1209.14389,0.00344,0.915,1.15348,318159.54349,1.0,62,"Logistics — routing, pricing and warehouse automation",False
1172,SWK,"Stanley Black & Decker, Inc.",USA,Industrials,Tools & Accessories,United States,12247.02762,90.17,USD,46.3,41.5,55.2,42.6,26.3,33.8,54.3,36.95492,14.48319,12.354,1.356,1.56139,0.92025,0.02706,0.06905,0.06008,0.0368,1.3566,0.0092,11.0,buy,0.04165,0.03329,0.30623,0.06437,0.02436,0.027,-0.348,3.96817,-5795.07739,0.77606,1.138,13308.37325,43500,305.93961,0.00304,1.164,0.2961,140209.7759,1.0,58,Industrials sector default,False
1173,LATO-B.ST,Investment AB Latour (publ),Stockholm,Industrials,Conglomerates,Sweden,11499.603,198.45,SEK,46.3,40.1,57.8,54.1,17.1,48.6,34.8,28.30956,,32.08,5.137,2.96322,4.53182,0.03532,,0.02004,0.0257,0.6562,0.21777,3.0,none,0.10306,0.03609,0.39752,0.12309,0.16063,-0.022,-0.528,3.74682,-1522.4617,0.4564,1.644,2537.52675,10139,250.27387,0.77253,1.278,-0.21437,6603.99766,1.0,58,Conglomerate — mixed exposure,False
1174,MAVEN.ST,Maven Wireless Sweden AB (Publ),Stockholm,Technology,Communication Equipment,Sweden,27.17792,5.3,SEK,46.3,34.7,67.9,26.8,6.2,68.0,46.3,,,-20.879,1.468,2.30635,1.58802,-0.07358,,-0.03584,,0.0,,,none,-0.17601,-0.05759,0.48163,-0.21247,-0.11079,-0.288,,,0.45446,0.04391,1.229,17.11435,44,388.96245,0.53606,0.151,-0.39359,17.59078,0.83,74,"Network equipment — AI traffic drives demand, ops automate",False
1175,GOMERO.ST,Gomero Group AB (publ),Stockholm,Industrials,Pollution & Treatment Controls,Sweden,4.64488,13.0,SEK,46.3,40.5,57.2,35.3,6.8,76.7,50.9,,,-41.677,0.473,1.97628,0.93326,-0.02462,,-0.00308,0.0962,0.8333,,,none,-0.043,-0.01383,0.66564,-0.21834,-0.02138,-0.266,,,0.95162,,2.36,4.97707,16,311.06705,0.69056,0.657,-0.43478,4.91943,0.75,55,Environmental services — monitoring automation,False
1176,PCAR,PACCAR Inc,USA,Industrials,Farm & Heavy Construction Machinery,United States,58028.81411,126.2,USD,46.2,44.6,49.3,48.7,34.9,59.8,38.7,26.90831,18.41457,22.654,2.623,3.36157,2.39087,0.03716,0.0543,0.02231,0.0111,0.2809,0.01771,16.0,buy,0.13108,0.04141,0.13583,0.10373,0.08913,-0.089,0.197,2.00581,-5637.02556,0.76163,5.558,24271.03756,25900,937.1057,0.01854,0.976,0.3583,338633.18824,1.0,60,Heavy equipment — autonomy retrofit is slow but real,False
1177,8TRA.ST,Traton SE,Stockholm,Industrials,Farm & Heavy Construction Machinery,Germany,17647.39454,389.4,SEK,46.2,42.4,53.4,36.1,15.9,20.8,78.1,13.44149,,4.20519,0.45609,0.93131,0.40404,0.0744,,0.06429,0.0274,0.6513,0.09142,2.0,strong_buy,0.06938,0.02201,0.16899,0.03665,0.0299,-0.035,-0.516,5.29259,-25071.00006,1.43689,0.96,43676.99968,107517,406.23343,0.875,1.351,0.15618,3777.9189,1.0,60,Heavy equipment — autonomy retrofit is slow but real,False
1178,FNOVA-B.ST,Fortinova Fastigheter AB (Publ),Stockholm,Real Estate,Real Estate Services,Sweden,111.1089,24.3,SEK,46.2,49.5,40.1,62.0,29.3,10.8,67.7,10.56522,,18.954,9.954,0.51039,2.96742,0.09465,,0.12304,,0.0,,,none,0.0508,0.02395,0.61511,0.52941,0.29121,0.079,-0.856,13.30353,-261.60199,1.30065,0.429,37.44293,43,870.76583,0.36882,,-0.07252,107.78939,1.0,40,Real estate — asset returns dominate; admin automation marginal,False
1179,GOSOL.ST,Gosol Energy Group AB,Stockholm,Technology,Solar,Sweden,5.11787,0.67,SEK,46.2,44.5,49.4,16.6,,,77.0,16.75,,,,,,0.0597,,,0.027,0.5,,,none,,,0.0,0.0,0.0,,,,,,,,,,0.87946,,-0.06944,2.79379,0.25,55,Solar — manufacturing automation and grid software,False
1180,ABAS.ST,ABAS Protect AB,Stockholm,Industrials,Building Products & Equipment,Sweden,4.6105,7.2,SEK,46.2,40.6,56.6,31.7,11.7,61.1,59.9,,,-140.99,0.904,1.34429,0.58856,-0.08194,,,,0.0,,,none,-0.09076,-0.02359,0.42547,0.02045,-0.04162,-0.079,-0.64,,-2.47236,0.72118,2.622,7.83347,39,200.85813,0.8599,0.182,-0.28,0.98151,0.83,54,Building products — configure-to-order automation,False
1181,AUROORA.HE,Auroora Group Oyj,Helsinki,Industrials,Conglomerates,Finland,,7.32,EUR,46.2,41.7,54.6,20.6,90.2,24.8,42.3,31.82609,18.14891,15.43,0.998,2.70011,,0.03142,0.0551,,,0.0,0.12477,3.0,none,,,0.16229,-0.01345,0.00121,0.417,,3.94129,-56.187,0.99385,0.801,220.358,810,272.04691,0.4124,,0.38427,85.63668,0.67,58,Conglomerate — mixed exposure,False
1182,DOC,"Healthpeak Properties, Inc.",USA,Real Estate,REIT - Healthcare Facilities,United States,13558.80894,22.51,USD,46.1,51.8,35.6,49.5,74.5,35.9,47.3,70.34375,-150.06667,17.029,9.151,1.99964,5.40241,0.01422,-0.00666,0.07151,0.0542,3.8126,-0.01447,19.0,buy,0.028,0.01498,0.58329,0.12308,0.07734,0.071,3.639,6.1769,-8331.41534,1.18243,2.039,2509.76883,411,6106.4935,0.00296,1.004,0.22337,168165.44861,1.0,38,REIT — financial asset; minimal AI operating leverage,False
1183,EOLU-B.ST,Eolus Aktiebolag (publ),Stockholm,Utilities,Utilities - Renewable,Sweden,85.09018,37.75,SEK,46.1,50.5,38.0,32.6,41.1,77.3,64.3,,3.50511,-2.073,0.226,0.70749,0.36931,-0.28927,0.2853,1.01648,0.0596,0.0688,0.98675,2.0,none,-0.18066,-0.06698,0.01338,0.33858,-0.107,-0.683,0.822,,39.51856,0.40315,6.443,230.4041,106,2173.62361,0.15201,0.472,-0.31488,194.6901,0.92,48,Utilities — grid optimisation inside a regulated envelope,False
1184,JLT.ST,JLT Mobile Computers AB (publ),Stockholm,Technology,Computer Hardware,Sweden,5.00967,1.925,SEK,46.1,35.1,66.6,26.4,7.8,65.3,48.5,,6.01562,-11.126,0.351,1.36428,0.4479,-0.07273,0.16623,0.00481,,0.0,,,none,-0.09477,-0.03693,0.38738,-0.03915,-0.03348,-0.224,,,1.08767,,1.789,11.18484,29,385.68416,0.70925,0.576,-0.02778,1.51204,0.75,74,Hardware — AI demand pull plus design productivity,False
1185,AEE,Ameren Corporation,USA,Utilities,Utilities - Regulated Electric,United States,26972.55629,111.55,USD,46.0,46.6,45.0,63.0,48.2,14.3,42.5,20.06295,19.21434,13.664,6.12,2.2769,3.61283,0.04984,0.05204,-0.06055,0.0269,0.518,0.09189,15.0,buy,0.11747,0.03086,0.50451,0.27786,0.17835,0.037,0.196,5.56337,-18601.94769,1.55674,0.622,7465.76666,8913,837.62669,0.0031,0.481,0.12325,176929.96162,1.0,48,Utilities — grid optimisation inside a regulated envelope,False
1186,CVS,CVS Health Corporation,USA,Healthcare,Healthcare Plans,United States,119805.15974,107.47,USD,46.0,42.5,52.4,34.4,63.9,24.8,46.6,47.13597,12.77598,13.227,0.503,1.76629,0.33806,0.02122,0.07827,0.03793,0.0248,1.1667,0.04144,26.0,strong_buy,0.03752,0.02666,0.13388,0.04124,0.00723,0.061,0.631,4.31761,-58138.62308,1.00912,0.866,354388.45678,219000,1618.21213,0.00062,0.598,0.74351,777509.65648,1.0,66,Healthcare sector default,False
1187,TERNOR.ST,Terranor Group AB (publ),Stockholm,Industrials,Engineering & Construction,Sweden,63.99107,35.3,SEK,46.0,40.7,55.9,25.1,82.4,14.3,44.4,,,20.728,0.308,3.60131,0.1872,-0.02238,,0.11104,0.0425,0.0,0.06232,1.0,none,-0.07766,0.009,0.11832,0.01335,-0.00419,0.229,,8.1309,-41.30306,2.49108,0.93,341.83873,644,530.80548,0.0,,0.79188,418.45997,0.92,66,"Engineering — design, tendering and site planning automate",False
1188,BEGR.ST,BE Group AB (publ),Stockholm,Basic Materials,Steel,Sweden,48.71883,27.6,SEK,46.0,49.4,39.8,23.3,36.0,53.0,87.1,15.68182,1.63314,-28.441,0.309,0.54239,0.13918,0.06377,0.61232,0.10279,,0.0,,,none,-0.04955,-0.01978,0.11807,0.01136,-0.01217,0.011,,,-59.54976,0.7003,1.713,350.04746,513,682.35371,0.53608,0.62,-0.12934,26.97762,0.83,46,Steel — process and energy optimisation,False
1189,CTY1S.HE,Citycon Oyj,Helsinki,Real Estate,Real Estate - Diversified,Finland,532.35014,2.9,EUR,46.0,49.7,39.1,66.5,36.4,33.1,47.3,2.05674,6.53963,13.38,8.019,0.45024,1.74713,0.48621,0.15291,-0.59763,0.3103,0.6383,,,none,0.0623,0.02688,0.7125,0.58763,0.37283,0.013,,10.46495,-1910.89997,1.18473,1.937,304.7,157,1940.76433,0.87963,0.724,-0.23764,267.5888,0.92,40,Real estate — asset returns dominate; admin automation marginal,False
1190,BRAIN.ST,BrainCool AB (publ),Stockholm,Healthcare,Medical Devices,Sweden,27.84565,0.778,SEK,46.0,37.2,62.2,17.9,21.6,92.1,42.6,,,-7.565,5.811,1.83491,6.97881,-0.1671,,-0.03694,,0.0,0.02828,1.0,hold,-0.24152,-0.13535,0.30816,-0.81943,-0.83629,-0.052,,,4.65911,,10.437,3.99003,15,266.00188,0.41601,1.448,-0.51253,56.73027,0.75,66,Devices — embedded intelligence differentiates hardware,False
1191,KEBNI-B.ST,KebNi AB (publ),Stockholm,Industrials,Aerospace & Defense,Sweden,26.82511,1.08,SEK,46.0,35.0,66.5,27.8,2.7,54.9,54.9,,36.0,-48.42,2.514,4.82143,2.5967,-0.03704,0.02778,0.02192,,0.0,0.15741,1.0,strong_buy,-0.16962,-0.05347,0.5415,-0.55898,-0.09392,-0.57,,,0.85237,,1.487,10.33048,24,430.4366,0.40355,-0.533,-0.5814,71.55535,0.75,72,Defence — autonomy and sensor fusion are budget priorities,False
1192,INCOAX.ST,InCoax Networks AB (publ),Stockholm,Technology,Communication Equipment,Sweden,12.45676,0.984,SEK,46.0,29.4,76.9,29.5,1.2,58.7,33.3,,-8.2,-3.279,2.628,1.35724,2.88876,-0.34553,-0.12195,-0.33555,,0.0,0.52439,1.0,none,-0.3799,-0.16343,0.80973,-2.15376,-0.93896,-0.798,,,0.37479,,1.59,4.31215,29,148.69468,0.4667,0.217,-0.31429,18.55294,0.75,74,"Network equipment — AI traffic drives demand, ops automate",False
1193,NEWBRY.ST,Newbury Pharmaceuticals AB (publ),Stockholm,Healthcare,Drug Manufacturers - Specialty & Generic,Sweden,6.88808,2.5,SEK,46.0,41.1,55.1,14.9,88.0,30.3,45.8,,,-2.876,1.751,2.89352,2.16991,-0.352,,0.02368,,0.0,,,none,-0.6746,-0.15788,0.27474,-0.5408,-0.76849,0.336,,,1.33049,,1.004,3.17436,7,453.47938,0.77338,1.205,-0.07407,17.25312,0.75,62,Pharma — AI aids discovery but cycles are long and regulated,False
1194,ACOU.ST,AcouSort AB (publ),Stockholm,Healthcare,Biotechnology,Sweden,6.48376,3.38,SEK,46.0,33.9,68.4,28.4,11.8,62.5,40.6,,-4.225,-5.431,5.667,5.20801,7.11639,-0.14201,-0.23669,-0.06773,,0.0,2.25444,1.0,none,-1.12873,-0.34724,0.98528,-1.35527,-1.04457,-0.145,,,1.32079,,1.686,0.9111,11,82.82748,0.40478,0.106,0.07987,10.20024,0.75,60,"Biotech — discovery upside, binary science risk dominates",False
1195,PMED.ST,PEPTONIC Medical AB,Stockholm,Healthcare,Drug Manufacturers - Specialty & Generic,Sweden,2.99979,0.0012,SEK,46.0,39.3,58.5,27.6,10.6,54.2,64.5,,,-81.052,88.039,0.3,2.33597,-0.0,,,,0.0,,,none,-0.40905,-0.15686,0.69939,-1.69853,-1.46111,-0.165,,,-0.3495,0.09118,0.85,1.28417,2,642.08599,0.07221,-0.008,-0.33333,40.41837,0.75,62,Pharma — AI aids discovery but cycles are long and regulated,False
1196,YIT.HE,YIT Oyj,Helsinki,Industrials,Engineering & Construction,Finland,583.53453,2.53,EUR,45.9,35.8,64.6,41.8,24.1,32.3,38.5,,14.34484,32.304,0.704,0.96308,0.3346,-0.11067,0.06971,0.12981,,0.0,0.11462,5.0,buy,-0.07382,0.00877,0.82397,-0.00804,-0.03096,-0.034,,16.94737,-644.0,1.06108,1.845,1744.0,4100,425.36585,0.42577,0.869,-0.08267,461.0419,0.92,66,"Engineering — design, tendering and site planning automate",False
1197,BOAT.ST,Nimbus Group AB (Publ),Stockholm,Consumer Cyclical,Recreational Vehicles,Sweden,46.36853,12.0,SEK,45.9,41.2,54.6,23.9,10.9,74.3,65.2,,1.50565,-6.184,0.46,0.52194,0.41545,-0.22917,0.66417,0.21256,,0.0,,,none,-0.11074,-0.0343,0.0772,0.05357,-0.09516,-0.161,,,-5.17892,0.13656,1.802,111.61012,364,306.6212,0.37139,,-0.18367,22.91605,0.83,60,Consumer Cyclical sector default,False
1198,ANORA.HE,Anora Group Oyj,Helsinki,Consumer Defensive,Beverages - Wineries & Distilleries,Finland,247.92181,3.67,EUR,45.9,43.4,50.6,36.4,23.5,38.8,67.3,52.42857,7.38921,8.135,0.607,0.62778,0.37747,0.01907,0.13533,0.28462,0.0654,3.1429,0.11717,3.0,hold,0.01308,0.02041,0.41139,0.0,0.00776,-0.038,,3.06939,-150.4,0.73482,1.221,656.8,1175,558.97872,0.33089,0.633,0.13622,156.34567,0.92,55,Consumer staples — demand forecasting and trade-spend optimisation,False
1199,TULAV.HE,Tulikivi Corporation,Helsinki,Industrials,Building Products & Equipment,Finland,33.57784,0.562,EUR,45.9,38.5,59.7,36.7,47.5,30.2,38.7,,18.73333,124.041,1.352,2.09701,1.08948,-0.05338,0.05338,0.16653,,0.0,-0.28826,1.0,none,-0.07704,-0.01307,0.73446,-0.13846,-0.04225,0.048,,24.10714,-8.1,0.55,1.108,30.82,148,208.24324,0.49206,0.196,0.23516,12.72818,0.92,54,Building products — configure-to-order automation,False
1200,LXB.ST,Luxbright AB (publ),Stockholm,Healthcare,Medical Devices,Sweden,1.24566,0.102,SEK,45.9,32.5,70.9,25.6,27.3,64.6,27.8,,,-0.745,0.912,0.49275,0.99979,-1.37255,,-0.80897,,0.0,,,none,-0.63719,-0.29106,0.70517,-1.31571,-1.41598,-0.02,,,0.06699,0.1694,1.345,1.24592,11,113.26545,0.49873,-0.059,-0.8526,1.19461,0.83,66,Devices — embedded intelligence differentiates hardware,False
1201,TSLA,"Tesla, Inc.",USA,Consumer Cyclical,Auto Manufacturers,United States,1249679.25651,380.84,USD,45.8,42.8,51.3,35.5,57.8,81.6,21.8,346.21817,149.10927,126.389,14.325,17.39234,14.61325,0.00289,0.00671,0.00367,,0.0,0.11652,39.0,buy,0.04901,0.02233,0.19065,0.04203,0.03946,0.158,0.083,-2.60078,25208.867,0.18738,2.043,85516.88394,134785,634.46885,0.18737,1.802,0.15937,16435667.27013,1.0,60,Autos — autonomy optionality against capital intensity,False
1202,EKTA-B.ST,Elekta AB (publ),Stockholm,Healthcare,Medical Devices,Sweden,1628.37771,47.02,SEK,45.8,38.1,60.0,43.2,18.7,31.0,48.7,,9.69485,13.134,1.325,2.53068,1.07462,-0.02892,0.10315,0.07407,0.051,3.1579,0.28289,14.0,hold,-0.06452,0.03053,0.38402,0.10582,-0.03104,-0.076,,2.45525,-375.42632,1.0256,0.87,1515.30119,3606,420.21664,0.01929,0.961,-0.01301,5974.25755,0.92,66,Devices — embedded intelligence differentiates hardware,False
1203,CAH,"Cardinal Health, Inc.",USA,Healthcare,Medical Distribution,United States,46761.05789,228.52,USD,45.7,42.8,51.1,32.7,41.8,42.2,55.6,34.83537,18.99346,14.687,0.234,,0.21346,0.02871,0.05265,0.09062,0.009,0.3119,0.09225,15.0,strong_buy,,0.03601,0.03755,0.01413,0.0062,0.11,-0.195,1.24662,-4350.15226,,0.907,219067.17726,53084,4126.80237,0.00259,0.493,0.44104,481480.48847,0.83,66,Healthcare sector default,False
1204,EXR,Extra Space Storage Inc.,USA,Real Estate,REIT - Industrial,United States,28568.25361,148.16,USD,45.7,46.6,44.1,68.4,33.5,19.8,43.2,33.36937,31.17465,20.124,13.219,2.34698,9.40024,0.02997,0.03208,0.04101,0.0437,1.4562,0.05595,20.0,buy,0.0683,0.03375,0.74831,0.43982,0.27142,0.038,-0.106,6.03975,-12056.79691,0.98092,0.689,3039.0983,8393,362.09917,0.00942,1.2,0.00244,149374.13952,1.0,38,REIT — financial asset; minimal AI operating leverage,False
1205,KEOC.ST,Keo Capital AB (publ),Stockholm,Technology,Software - Application,Sweden,325.3401,10.26,SEK,45.7,28.7,77.2,17.8,,91.3,10.1,,,106.66592,,3.29532,,-0.12378,,-0.15239,,0.0,,,none,-0.17363,-0.03526,0.0,0.0,0.0,,,-9.93712,29.96179,0.14217,242.689,,16,,0.62584,-0.048,1.73965,537.17743,0.83,92,Software economics — AI compounds both the product and dev productivity,False
1206,ENZY.ST,Enzymatica AB (publ),Stockholm,Healthcare,Drug Manufacturers - Specialty & Generic,Sweden,48.40274,2.2,SEK,45.7,36.6,62.7,23.9,12.4,80.0,45.7,,-7.33333,-12.659,10.303,5.4321,10.2838,-0.08636,-0.13636,-0.02688,,0.0,,,none,-0.37903,-0.19988,0.57693,-1.76829,-0.88299,-0.137,,,-0.09263,0.14424,2.446,4.7067,18,261.48316,0.6316,-0.383,-0.22261,16.6055,0.83,62,Pharma — AI aids discovery but cycles are long and regulated,False
1207,ELIC.ST,Elicera Therapeutics AB (publ),Stockholm,Healthcare,Biotechnology,Sweden,16.1506,2.67,SEK,45.7,36.5,62.9,30.3,,92.1,16.0,,,,10.504,7.08223,16.75261,-0.09363,,-0.12746,,0.0,1.84644,2.0,none,-0.56617,-0.27854,1.0,-1.40952,-1.35886,,,,1.61918,,8.042,0.96406,3,321.35473,0.42428,0.288,-0.52321,113.34829,0.58,60,"Biotech — discovery upside, binary science risk dominates",False
1208,VIDH.ST,Vidhance AB (publ),Stockholm,Technology,Software - Application,Sweden,2.88851,6.96,SEK,45.7,25.6,83.1,5.3,5.7,92.1,29.4,,,-0.279,0.416,1.29296,1.93141,-0.7342,,-0.37166,,0.0,,,none,-0.644,-0.32846,-0.30103,-1.88812,-1.41885,-0.309,,,2.26643,,4.223,1.49554,21,71.21628,0.2158,0.913,0.11182,25.31777,0.75,92,Software economics — AI compounds both the product and dev productivity,False
1209,DLR,"Digital Realty Trust, Inc.",USA,Real Estate,REIT - Specialty,United States,57162.39535,173.88,USD,45.6,50.3,36.8,52.4,76.7,32.3,39.3,46.12202,64.3857,27.989,12.805,2.68015,10.36192,0.02168,0.01553,0.0501,0.0281,1.2944,0.25782,31.0,buy,0.05688,0.01255,0.55343,0.17191,0.21823,0.167,0.676,5.88089,-14842.31717,0.76592,1.227,5516.5839,4282,1288.31945,0.00013,1.053,-0.01824,423830.50402,1.0,38,REIT — financial asset; minimal AI operating leverage,False
1210,NI,NiSource Inc.,USA,Utilities,Utilities - Regulated Gas,United States,19260.38038,45.98,USD,45.6,45.8,45.3,62.8,47.3,15.8,39.9,22.87562,20.41786,13.762,6.017,2.28211,3.23135,0.04371,0.04898,-0.07088,0.0261,0.5672,0.1157,15.0,buy,0.09112,0.03386,0.50698,0.34759,0.14098,0.082,0.06,5.61065,-14621.28289,1.40908,0.646,5960.46892,7668,777.31728,0.00355,0.542,0.10211,187586.34864,1.0,48,Utilities — grid optimisation inside a regulated envelope,False
1211,ELAN-B.ST,Elanders AB (publ),Stockholm,Industrials,Integrated Freight & Logistics,Sweden,163.44418,51.0,SEK,45.6,37.5,60.7,35.0,11.9,17.7,67.3,25.75758,4.80226,12.394,0.857,0.50384,0.15368,0.03882,0.20824,0.49154,0.0412,1.0606,0.76144,3.0,strong_buy,0.01626,0.02378,0.18698,0.05425,0.0046,-0.144,,10.13933,-745.32367,2.51637,1.144,1063.55685,6541,162.59851,0.49526,0.713,-0.06934,60.10284,0.92,62,"Logistics — routing, pricing and warehouse automation",False
1212,BEYOND.ST,Beyond Frames Entertainment AB,Stockholm,Communication Services,Electronic Gaming & Multimedia,Sweden,3.18394,1.885,SEK,45.6,28.6,77.1,25.0,3.5,51.0,38.5,,,-3.062,0.206,0.62604,0.25104,-0.39257,,-0.03879,,0.0,1.54642,1.0,none,-0.21502,-0.06645,0.44308,-0.25225,-0.09891,-0.445,,,0.74106,0.05324,0.593,12.68292,40,317.07301,0.5151,0.464,-0.81787,2.69984,0.83,85,Gaming — content pipelines and live-ops are AI-automatable,False
1213,NANECH.ST,NanoEcho AB,Stockholm,Healthcare,Biotechnology,Sweden,1.47101,0.0374,SEK,45.6,32.8,69.5,27.7,,53.9,28.2,,,-0.786,24.516,0.935,33.32516,-1.3369,,-0.61869,,0.0,,,none,-0.73878,-0.38694,1.0,-31.98973,0.0,,,,0.38884,,1.448,0.04414,5,8.82823,0.24672,,-0.61082,7.5651,0.67,60,"Biotech — discovery upside, binary science risk dominates",False
1214,PPL,PPL Corporation,USA,Utilities,Utilities - Regulated Electric,United States,23565.22617,35.85,USD,45.5,46.8,43.0,58.1,51.7,22.4,42.7,21.99386,16.9353,12.602,4.942,1.79546,2.89645,0.04547,0.05905,-0.05988,0.0318,0.6764,0.16225,15.0,buy,0.08316,0.03117,0.43288,0.27181,0.13091,0.108,0.073,5.21687,-16645.73221,1.35116,1.003,8135.89464,6546,1242.88033,0.00145,0.589,-0.00967,292549.8451,1.0,48,Utilities — grid optimisation inside a regulated envelope,False
1215,BALD-B.ST,Fastighets AB Balder (publ),Stockholm,Real Estate,Real Estate - Diversified,Sweden,5392.61556,50.42,SEK,45.5,48.4,40.0,64.7,35.7,7.6,58.4,9.73359,9.64053,23.866,15.955,0.64094,4.27257,0.10274,0.10373,0.05293,,0.0,0.28917,7.0,buy,0.07045,0.02097,0.66298,0.66331,0.50212,0.048,-0.099,16.12869,-13608.7061,1.4801,0.219,1262.14674,1174,1075.0824,0.38371,1.798,-0.26864,9835.44137,1.0,40,Real estate — asset returns dominate; admin automation marginal,False
1216,HNSA.ST,Hansa Biopharma AB (publ),Stockholm,Healthcare,Biotechnology,Sweden,292.34635,32.34,SEK,45.5,35.1,64.7,26.4,3.0,92.1,38.3,,-4.38806,-6.617,19.722,-11.95564,16.93246,-0.24552,-0.22789,-0.10794,,0.0,1.25727,8.0,none,,-0.38172,0.59669,-4.11079,0.0,-0.479,,,-42.21942,,3.63,17.26544,122,141.52002,0.09798,1.587,0.23341,1267.06443,0.67,60,"Biotech — discovery upside, binary science risk dominates",False
1217,PNW,Pinnacle West Capital Corporation,USA,Utilities,Utilities - Regulated Electric,United States,11406.58556,107.73,USD,45.4,45.8,44.6,51.7,66.4,10.5,42.8,20.09888,19.33112,13.232,5.174,1.84706,2.39232,0.04975,0.05173,-0.06366,0.0338,0.6735,-0.01738,14.0,hold,0.09559,0.02492,0.43014,0.11757,0.11986,0.114,,7.09376,-13225.08961,2.12957,0.599,4768.00465,6610,721.33202,0.00146,0.425,0.15652,113513.93969,0.92,48,Utilities — grid optimisation inside a regulated envelope,False
1218,ALTRA.ST,Altra Fastigheter AB (publ),Stockholm,Real Estate,Real Estate Services,Sweden,1315.81899,76.25,SEK,45.4,49.0,38.6,67.1,33.4,9.1,58.3,17.48853,,16.397,10.587,0.8826,4.08934,0.05718,,0.05425,0.0393,0.6537,0.13836,5.0,strong_buy,0.05227,0.03345,0.69437,0.65692,0.25183,0.002,,10.06283,-2090.49571,1.41382,0.121,321.76812,121,2659.24064,0.22863,1.792,-0.14518,2535.44883,0.92,40,Real estate — asset returns dominate; admin automation marginal,False
1219,GCOR.ST,Gaming Corps AB (publ),Stockholm,Consumer Cyclical,Gambling,Sweden,7.85687,0.596,SEK,45.4,34.7,65.2,4.8,90.5,35.8,31.7,,59.6,-3.119,1.672,10.64286,1.6004,-0.4698,0.01678,-0.44599,,0.0,,,none,,-1.00848,-0.02575,-0.56584,-0.67699,0.435,,,-0.35086,0.78014,1.058,4.90933,33,148.76752,0.31452,0.252,-0.6275,5.313,0.75,70,"Gaming/betting — risk, personalisation and CRM are data problems",False
1220,AEP,"American Electric Power Company, Inc.",USA,Utilities,Utilities - Regulated Electric,United States,62817.31786,132.14,USD,45.3,46.1,43.8,61.7,50.5,13.3,41.5,19.51846,19.26436,13.605,5.544,2.25985,3.20501,0.05123,0.05191,-0.09671,0.0288,0.5562,0.10453,21.0,buy,0.12585,0.03169,0.47243,0.23738,0.16289,0.102,0.067,5.6112,-44813.82349,1.57099,0.526,19599.71217,17581,1114.82351,0.00023,0.504,0.21743,562917.74433,1.0,48,Utilities — grid optimisation inside a regulated envelope,False
1221,AWK,"American Water Works Company, Inc.",USA,Utilities,Utilities - Regulated Water,United States,23052.01013,135.11,USD,45.3,44.4,47.1,66.6,38.6,13.4,37.9,23.99822,20.57784,14.778,8.052,2.39052,5.06904,0.04167,0.0486,-0.07188,0.0265,0.5869,0.03552,11.0,hold,0.10217,0.0351,0.60826,0.33223,0.21172,0.057,-0.048,5.47461,-13565.06631,1.4233,0.37,4547.6088,7000,649.6584,0.00117,0.599,-0.05412,244794.01544,1.0,48,Utilities — grid optimisation inside a regulated envelope,False
1222,CBRE,"CBRE Group, Inc.",USA,Real Estate,Real Estate Services,United States,36062.33967,140.96,USD,45.3,46.9,42.2,43.3,81.0,28.0,37.8,32.18265,15.86317,23.172,1.208,4.84499,0.97804,0.03107,0.06304,0.02652,,0.0,0.24858,12.0,buy,0.15597,0.02717,0.18501,0.0265,0.03109,0.186,0.981,4.05318,-7790.78329,1.13689,1.083,36871.8897,155000,237.88316,0.00505,1.205,-0.00339,278679.22967,1.0,40,Real estate — asset returns dominate; admin automation marginal,False
1223,GPG.ST,Genova Property Group AB (publ),Stockholm,Real Estate,Real Estate Services,Sweden,157.86908,37.5,SEK,45.3,47.5,41.1,65.4,47.8,6.4,47.0,6.88073,12.97578,27.928,17.527,0.57788,3.24346,0.14533,0.07707,0.00904,0.0245,0.1615,0.26667,2.0,none,0.07107,0.01783,0.73929,0.59184,0.49534,-0.12,0.869,20.52522,-626.94928,1.74355,0.32,48.67309,53,918.36021,0.69026,0.973,-0.07862,28.67702,1.0,40,Real estate — asset returns dominate; admin automation marginal,False
1224,FARON.HE,Faron Pharmaceuticals Oy,Helsinki,Healthcare,Biotechnology,Finland,99.51329,0.4905,EUR,45.3,32.4,69.2,34.4,,21.6,35.4,,-2.725,-3.416,52.36,-3.02778,76.0805,-0.44852,-0.36697,-0.11395,,0.0,1.87971,4.0,none,,-0.85319,1.0,-6.38991,0.0,,,,-12.363,,0.838,1.308,33,39.63636,0.16445,1.12,-0.79172,288.89518,0.58,60,"Biotech — discovery upside, binary science risk dominates",False
1225,REALFI.ST,Realfiction Holding AB (publ),Stockholm,Technology,Computer Hardware,Sweden,6.17188,2.84,SEK,45.3,28.6,76.4,21.4,19.1,45.2,35.2,,,-4.191,16.906,1.60361,16.20877,-0.36268,,-0.16007,,0.0,,,none,-0.56682,-0.20897,0.54844,-6.59309,0.0,-0.072,,,-0.26539,0.31212,0.834,0.38077,10,38.0774,0.45175,0.817,-0.5896,8.63909,0.83,74,Hardware — AI demand pull plus design productivity,False
1226,NIDHOG.ST,Nidhogg Resources Holding AB (publ),Stockholm,Healthcare,Biotechnology,Sweden,0.44598,0.478,SEK,45.3,36.1,62.3,49.1,,39.9,19.0,,,,4047.407,2.40201,4920.406,-0.1046,,,,0.0,,,none,,,1.0,-1369.0,0.0,,,,0.07913,,1.154,9e-05,,,0.72268,3.656,-0.761,3.86956,0.33,60,"Biotech — discovery upside, binary science risk dominates",False
1227,CAST.ST,Castellum AB (publ),Stockholm,Real Estate,Real Estate - Development,Sweden,5361.28259,130.55,SEK,45.2,48.5,39.1,64.3,49.7,38.3,34.4,23.3542,14.29901,17.233,11.633,0.79544,5.93875,0.04282,0.06993,-0.12276,0.019,0.2218,0.02643,11.0,hold,0.03486,0.02698,0.69759,0.63061,0.26908,-0.24,2.569,8.43519,-5140.49457,0.74806,1.804,902.76343,481,1876.84704,0.30322,1.471,0.12543,17628.90418,1.0,40,Real estate — asset returns dominate; admin automation marginal,False
1228,VETT.ST,Vetted Assets AB,Stockholm,Consumer Cyclical,Internet Retail,Sweden,17.6804,5.03,SEK,45.2,29.8,73.9,13.5,2.8,39.0,62.1,,,-13.893,0.737,,1.27741,-0.11928,,0.06784,,0.0,,,none,-0.91801,-0.18951,0.20928,-0.26249,-0.84448,-0.525,,,1.60685,,1.139,13.84083,57,242.82163,0.27266,-3.128,2.33113,134.89209,0.75,82,"E-commerce — recommendation, logistics and support automation",False
1229,HEGR.ST,Hedera Group AB (publ),Stockholm,Industrials,Staffing & Employment Services,Sweden,1.46802,0.474,SEK,45.2,33.8,66.5,18.7,8.6,44.3,62.9,,,-4.025,0.074,0.16003,0.03214,-0.88608,,0.7619,,0.0,,,none,-0.11124,-0.02844,-0.00055,0.00671,-0.02254,-0.094,-0.938,,-1.89435,0.27075,0.717,45.67467,45,1014.99258,0.73938,0.319,-0.47624,4.51282,0.92,85,Staffing — matching and admin are directly AI-automatable,False
1230,D,"Dominion Energy, Inc.",USA,Utilities,Utilities - Regulated Electric,United States,54589.27413,71.04,USD,45.1,45.6,44.1,60.9,53.0,15.4,37.9,20.95575,18.62006,14.55,6.871,2.21778,3.58075,0.04772,0.05371,-0.15922,0.0376,0.7876,-0.00995,12.0,hold,0.09787,0.03086,0.47263,0.28751,0.16929,0.231,-0.102,6.29393,-45311.83217,1.54901,0.777,15245.19258,15200,1002.9732,0.00124,0.636,0.23141,440950.86648,1.0,48,Utilities — grid optimisation inside a regulated envelope,False
1231,EVRG,"Evergy, Inc.",USA,Utilities,Utilities - Regulated Electric,United States,17237.75963,85.59,USD,45.1,45.5,44.4,59.4,50.2,12.9,42.4,22.7633,18.77657,12.787,5.909,1.94253,3.27147,0.04393,0.05326,-0.05584,0.0325,0.7247,0.06856,12.0,buy,0.08867,0.02897,0.52331,0.21916,0.14627,0.05,0.185,5.68995,-13855.04744,1.55555,0.446,5269.11,4691,1123.23812,0.00191,0.524,0.23936,155736.64756,1.0,48,Utilities — grid optimisation inside a regulated envelope,False
1232,KIM,Kimco Realty Corporation,USA,Real Estate,REIT - Retail,United States,15390.27924,26.12,USD,45.1,49.4,37.1,62.6,52.7,19.9,46.4,30.02299,30.16166,19.754,11.988,1.69555,8.14943,0.03331,0.03315,0.04761,0.0398,1.1724,0.01205,23.0,buy,0.05858,0.0232,0.68961,0.34428,0.28537,0.04,0.294,6.20555,-7111.92889,0.78788,0.486,1888.50968,710,2659.87279,0.02196,0.969,0.20814,108824.31947,1.0,38,REIT — financial asset; minimal AI operating leverage,False
1233,VOLCAR-B.ST,Volvo Car AB (publ.),Stockholm,Consumer Cyclical,Auto Manufacturers,Sweden,5070.63592,18.87,SEK,45.1,42.2,50.6,36.4,10.4,58.6,61.9,5.99048,,1.787,0.183,0.37377,0.16896,0.16693,,-0.14159,,0.0,0.06326,11.0,hold,0.03648,0.03776,0.19067,0.00843,0.02823,-0.169,,0.14576,-446.7591,0.30833,1.006,30011.6275,39700,755.96039,0.79677,0.997,0.00533,6337.26616,0.92,60,Autos — autonomy optionality against capital intensity,False
1234,ALVO-SDB.ST,Alvotech SDB,Stockholm,Healthcare,Drug Manufacturers - Specialty & Generic,Luxembourg,1022.37341,33.35,SEK,45.1,36.8,60.4,60.4,4.3,34.3,32.2,,,11.74716,2.17878,-3.82719,2.08199,,,-0.0791,,,0.49925,1.0,none,,0.03839,0.61534,0.09131,-0.14364,-0.202,-0.99,13.36757,-1217.45645,,1.755,491.05699,1279,383.93823,0.0,0.192,-0.61085,128.80182,0.75,62,Pharma — AI aids discovery but cycles are long and regulated,False
1235,VISC.ST,Gruvaktiebolaget Viscaria,Stockholm,Basic Materials,Other Industrial Metals & Mining,Sweden,392.08632,15.0,SEK,45.1,43.5,48.1,40.4,28.2,72.5,42.7,,-11.45038,-39.256,9.247,1.17555,15.23171,-0.05333,-0.08733,-0.21891,,0.0,,,none,-0.05143,-0.01468,1.0,-0.21154,-0.42077,-0.015,,,88.69923,0.00763,1.304,25.74145,53,485.68771,0.13738,0.682,-0.06832,1198.81823,0.83,44,Mining/metals — process optimisation at the margin,False
1236,SFOODS.HE,Solar Foods Oyj,Helsinki,Basic Materials,Specialty Chemicals,Finland,151.9069,5.06,EUR,45.1,34.4,64.9,30.4,10.3,48.2,48.2,,-10.54167,-42.051,29.441,10.88172,33.37389,-0.09289,-0.09486,-0.01049,,0.0,-0.07609,2.0,none,-0.66869,-0.16651,1.0,-2.8615,-2.53041,-0.17,,,-8.87517,1.46545,2.562,4.55167,56,81.2798,0.62987,,-0.12,64.18104,0.83,55,Chemicals — formulation R&D and process control,False
1237,NNH.ST,New Nordic Healthbrands AB (publ),Stockholm,Consumer Defensive,Packaged Foods,Sweden,6.79447,12.1,SEK,45.0,40.9,52.6,43.1,17.9,51.1,48.6,28.13954,,10.118,0.188,0.73516,0.13267,0.03554,,0.00725,0.0207,0.0,,,none,0.02655,0.02126,0.6374,-0.01138,0.00474,-0.079,,2.96008,-2.80962,0.38891,1.513,51.21406,78,656.59052,0.605,1.039,-0.44495,9.41763,0.92,55,Consumer staples — demand forecasting and trade-spend optimisation,False
1238,USWE.ST,Uswe Sports AB (publ),Stockholm,Consumer Cyclical,Leisure,Sweden,6.72721,10.4,SEK,45.0,40.0,54.2,34.1,12.5,74.1,48.3,,,13.736,0.548,1.10146,0.53903,-0.03269,,0.08221,,0.0,,,none,-0.03541,-0.0099,0.54075,-0.01773,-0.01759,-0.136,,0.21658,-0.10777,0.05671,1.567,12.48025,21,594.29771,0.74486,-0.188,-0.26241,2.40186,0.92,58,Leisure — dynamic pricing and personalisation,False
1239,NICO.ST,Nicoccino Holding AB (publ),Stockholm,Consumer Defensive,Tobacco,Sweden,3.35504,1.2,SEK,45.0,38.2,57.6,22.6,96.0,2.9,35.5,,,-9.748,53.87,10.16949,36.07739,-0.28333,,-0.39229,,0.0,,,none,-1.1866,-0.19152,0.62573,-5.84871,0.0,1.022,,,-1.65461,5.43147,0.21,0.093,2,46.49776,0.70778,-0.17,0.17647,0.2332,0.83,48,Tobacco — limited AI surface,False
1240,AES,The AES Corporation,USA,Utilities,Utilities - Diversified,United States,9202.97867,14.77,USD,44.9,47.5,40.0,45.1,78.2,10.9,48.2,7.69271,6.20708,12.921,3.885,2.38303,0.84354,0.12999,0.16111,-0.28149,0.0477,0.3666,0.01557,8.0,hold,0.0526,0.02714,0.193,0.18742,0.10819,0.087,9.511,8.03009,-26344.67703,2.59603,0.73,10909.89227,8336,1308.76827,0.00576,0.942,0.07889,128361.15259,1.0,48,Utilities — grid optimisation inside a regulated envelope,False
1241,EXC,Exelon Corporation,USA,Utilities,Utilities - Regulated Electric,United States,41355.37222,46.26,USD,44.9,45.7,43.3,57.1,43.6,17.6,47.8,16.94505,15.22948,11.863,3.948,1.61466,1.90969,0.05901,0.06566,-0.05932,0.0363,0.5934,0.06884,18.0,hold,0.09764,0.0284,0.42641,0.223,0.11212,0.079,-0.003,6.12535,-44146.31572,1.74794,0.939,21655.52872,20000,1082.77644,0.0007,0.405,0.05786,351678.22667,1.0,48,Utilities — grid optimisation inside a regulated envelope,False
1242,INVH,Invitation Homes Inc.,USA,Real Estate,REIT - Residential,United States,15632.71659,30.12,USD,44.9,49.3,36.7,58.7,44.7,33.6,49.2,31.70527,45.17503,17.857,9.589,1.96798,6.43743,0.03154,0.02214,0.05707,0.0398,1.2421,0.08263,23.0,buy,0.06193,0.02469,0.57181,0.24277,0.20964,0.092,-0.037,5.84299,-7619.25333,0.97038,1.497,2428.40988,1725,1407.77385,0.0034,0.843,-0.06051,146114.38594,1.0,38,REIT — financial asset; minimal AI operating leverage,False
1243,TITA-B.ST,Titania Holding AB (publ),Stockholm,Real Estate,Real Estate - Development,Sweden,54.03333,7.2,SEK,44.9,47.2,40.6,68.5,47.2,4.9,43.4,2.0,,149.514,39.954,0.3615,5.95823,0.5,,-0.00244,,0.0,,,none,0.18712,0.00236,0.79137,0.29734,2.75398,0.464,-0.764,127.21748,-308.30042,2.22014,0.385,9.06869,7,1295.52774,0.61288,1.544,-0.14081,9.53188,1.0,40,Real estate — asset returns dominate; admin automation marginal,False
1244,GARO.ST,Garo Aktiebolag (publ),Stockholm,Industrials,Electrical Equipment & Parts,Sweden,51.30162,11.32,SEK,44.9,36.7,60.2,34.3,19.2,43.2,47.8,,8.44776,16.691,0.801,1.10052,0.5523,-0.06184,0.11837,0.16544,,0.0,0.32509,1.0,none,-0.06556,0.0209,0.45433,-0.05404,-0.03396,-0.071,,5.18699,-23.13105,0.52907,1.576,92.88675,375,247.69799,0.46875,1.381,-0.44099,61.02635,0.92,60,"Electrical — electrification tailwind, moderate AI angle",False
1245,BLINC-B.ST,BlincVision AB,Stockholm,Technology,Electronic Components,Sweden,20.64934,0.1018,SEK,44.9,33.9,65.4,3.1,38.8,87.7,39.7,,,-5.505,28.086,4.42609,30.64979,-0.09823,,-0.13036,,0.0,,,none,-1.27685,-0.4196,-1.67631,-4.3317,0.0,0.022,,,1.73719,0.13199,3.029,0.67372,17,39.63053,0.16007,1.65,0.01394,324.41162,0.83,68,Components — factory automation and quality inspection,False
1246,GM,General Motors Company,USA,Consumer Cyclical,Auto Manufacturers,United States,59926.80035,76.07,USD,44.8,42.6,48.9,37.7,24.4,21.6,70.8,27.76277,5.36764,9.567,0.948,1.09505,0.37151,0.03602,0.1863,0.32755,0.0095,0.2299,0.25997,26.0,buy,0.04015,0.02688,0.11142,0.0936,0.01376,-0.009,-0.158,5.70563,-91175.83604,1.99048,1.152,161305.12476,156000,1034.00721,0.00179,1.309,0.42962,507546.86425,1.0,60,Autos — autonomy optionality against capital intensity,False
1247,SO,The Southern Company,USA,Utilities,Utilities - Regulated Electric,United States,93863.16353,95.3,USD,44.8,44.9,44.5,61.9,43.6,13.5,41.7,24.3734,19.37973,13.256,6.139,2.89402,3.56029,0.04103,0.0516,-0.03677,0.0319,0.757,0.06451,19.0,hold,0.10991,0.03237,0.48003,0.25819,0.14459,0.08,-0.008,5.36883,-65548.46998,1.90431,0.65,26363.89877,29502,893.6309,0.00098,0.332,0.00538,478174.9328,1.0,48,Utilities — grid optimisation inside a regulated envelope,False
1248,HOLM-B.ST,Holmen AB (publ),Stockholm,Basic Materials,Paper & Paper Products,Sweden,4322.33821,310.8,SEK,44.8,44.9,44.5,47.2,18.1,63.3,50.9,17.57918,14.89933,15.069,2.338,0.87266,2.13797,0.05689,0.06712,0.02256,0.0306,0.5367,0.09931,9.0,hold,0.04946,0.01611,0.47151,0.11584,0.12307,-0.084,-0.167,1.29096,-404.97463,0.11108,1.295,2021.70068,3500,577.62877,0.22305,0.245,-0.15864,9697.24019,1.0,46,Paper — process/energy optimisation in a commodity market,False
1249,CANDLE-B.ST,Candles Scandinavia AB (publ),Stockholm,Consumer Defensive,Household & Personal Products,Sweden,33.6558,37.4,SEK,44.8,40.5,52.7,34.9,95.8,31.2,14.8,,,33.559,0.913,2.51142,0.73628,-0.0631,,,,0.0,0.44385,1.0,none,,,0.44167,-0.10784,-0.04749,0.975,,6.50569,-8.09344,0.68576,1.124,45.71082,110,415.55291,,0.732,0.20645,7.81371,0.67,55,Staples — marketing and supply-chain optimisation,False
1250,BOUL.ST,Boule Diagnostics AB (publ),Stockholm,Healthcare,Medical Devices,Sweden,12.14328,3.45,SEK,44.8,33.7,65.4,46.4,12.8,24.2,37.6,,3.0531,8.868,0.768,0.78125,0.29043,-0.0087,0.32754,-0.04292,,0.0,0.10145,1.0,none,-0.01637,0.0596,0.4299,0.02941,-0.00597,-0.132,,5.19848,-18.8257,1.2996,1.071,41.811,200,209.055,0.35312,,-0.47409,13.25991,0.92,66,Devices — embedded intelligence differentiates hardware,False
1251,HEIM-PREF.ST,Heimstaden AB (publ),Stockholm,Real Estate,Real Estate Services,Sweden,,21.4,SEK,44.8,47.3,40.3,61.7,34.1,12.9,56.4,0.24386,,24.955,14.982,0.16932,,4.10079,,,,,,,none,0.05268,0.01882,0.63737,0.5644,0.18057,0.004,,15.74498,-15501.24591,1.12469,0.547,1639.92974,1818,902.05156,0.0,1.392,0.29697,83.46993,0.83,40,Real estate — asset returns dominate; admin automation marginal,False
1252,SIVE.ST,Sivers Semiconductors AB (publ),Stockholm,Technology,Semiconductors,Sweden,896.47424,33.48,SEK,44.7,31.1,69.9,11.3,8.2,66.8,51.6,,-167.4,-82.554,36.518,11.21232,34.15762,-0.0227,-0.00597,-0.00275,,0.0,-0.70281,4.0,none,-0.20529,-0.083,-0.02444,-0.67205,-0.74379,-0.215,,,-13.65928,0.19073,1.501,26.24522,132,198.82743,0.08436,-0.513,7.29123,55109.8199,0.83,78,Semis — rides the AI capex cycle and design automation,False
1253,SLOTT-B.ST,Slottsviken Fastighetsaktiebola,Stockholm,Real Estate,Real Estate - Diversified,Sweden,4.71322,26.0,SEK,44.7,47.0,40.4,65.5,53.9,15.1,36.8,16.88312,,18.115,7.813,1.15412,3.82916,0.05923,,-0.19258,0.0046,0.0649,,,none,0.08034,0.02168,0.75567,0.36168,0.22813,0.013,0.485,8.52126,-4.5237,1.0702,0.48,1.23088,1,1230.8763,0.6748,0.352,-0.39252,0.60329,1.0,40,Real estate — asset returns dominate; admin automation marginal,False
1254,PROVIT.ST,Provide IT Sweden AB (publ),Stockholm,Technology,Software - Application,Sweden,0.31733,0.525,SEK,44.6,25.6,80.0,21.9,13.2,42.1,29.9,,,-1.33,0.129,1.875,0.14921,-0.59048,,-0.53991,,0.0,,,none,-0.7121,-0.15049,0.3145,0.02079,-0.08814,-0.127,,,0.04197,0.82781,1.319,2.12666,,,0.53898,-0.498,-0.59302,0.75961,0.83,92,Software economics — AI compounds both the product and dev productivity,False
1255,MPOS.ST,Micropos Medical AB (publ),Stockholm,,,Sweden,,1.345,SEK,44.6,36.0,60.5,24.3,1.9,69.5,55.8,,,-11.556,38.658,32.80488,0.0,-0.09368,,,,,,,none,-1.26756,-0.60437,0.79679,-7.94482,0.0,-0.662,,,0.27881,,1.959,0.63302,12,52.75131,0.49972,0.083,-0.39259,10.22344,0.67,50,No sector data — neutral,False
1256,CVX,Chevron Corporation,USA,Energy,Oil & Gas Integrated,United States,326052.24805,187.38,USD,44.5,46.1,41.5,49.2,24.5,57.4,51.3,32.70157,15.00746,10.982,2.241,2.01688,2.00918,0.03058,0.06663,0.03156,0.038,1.2038,0.14206,23.0,buy,0.06638,0.0346,0.42421,0.07312,0.05927,0.023,-0.445,1.05791,-35036.24354,0.23989,1.094,162281.04383,43039,3770.55796,0.04727,0.488,0.25187,1549712.93233,1.0,48,Oil & gas — commodity price dominates; ops optimisation real but capped,False
1257,NETEL.ST,Netel Holding AB (publ),Stockholm,Industrials,Engineering & Construction,Sweden,13.52097,3.075,SEK,44.5,35.3,61.7,27.2,20.2,17.2,63.9,,1.23992,-21.967,0.437,0.15522,0.05395,-0.97886,0.8065,0.19189,,0.0,,,none,-0.14279,-0.01515,0.38119,-0.00689,-0.06618,-0.063,,,-95.9866,1.28326,0.652,250.61656,770,325.47605,0.3953,1.107,-0.70029,25.32763,0.83,66,"Engineering — design, tendering and site planning automate",False
1258,APTA.ST,Aptahem AB (publ),Stockholm,Healthcare,Biotechnology,Sweden,1.36332,0.58,SEK,44.5,31.8,68.2,35.9,15.4,44.0,31.9,,,-2.433,5.44,0.18436,5.97326,-0.36207,,-0.45178,,0.0,,,none,-0.09062,-0.05496,1.0,-2.42087,-2.32891,-0.104,,,0.12182,,1.233,0.22824,2,114.11837,0.2599,0.596,-0.47273,2.07144,0.75,60,"Biotech — discovery upside, binary science risk dominates",False
1259,CMS,CMS Energy Corporation,USA,Utilities,Utilities - Regulated Electric,United States,19878.36214,73.65,USD,44.4,45.0,43.4,56.5,54.0,15.2,40.4,20.3453,17.64482,13.933,4.814,2.46165,2.579,0.04915,0.05667,-0.09501,0.031,0.6079,0.09883,14.0,buy,0.10372,0.03131,0.40546,0.19817,0.12548,0.116,0.089,6.20276,-16518.17352,1.89842,0.842,7707.78129,8350,923.08758,0.00549,0.342,0.01938,207454.435,1.0,48,Utilities — grid optimisation inside a regulated envelope,False
1260,NESTE.HE,Neste Oyj,Helsinki,Energy,Oil & Gas Refining & Marketing,Finland,24792.48179,32.27,EUR,44.4,47.6,38.4,48.9,41.5,50.6,48.6,34.69893,15.3527,15.53,1.48,3.22088,1.29384,0.02882,0.06514,0.04793,0.0062,0.2151,-0.07018,19.0,buy,0.09587,0.043,0.16413,0.13306,0.03742,0.029,,1.95235,-3565.00006,0.6765,1.586,19161.99936,4891,3917.80809,0.46219,0.57,1.48709,38088.76505,0.92,48,Oil & gas — commodity price dominates; ops optimisation real but capped,False
1261,VPLAY-B.ST,Viaplay Group AB (publ),Stockholm,Communication Services,Entertainment,Sweden,568.75984,1.385,SEK,44.4,37.4,57.4,19.4,80.4,17.9,39.6,,-23.08333,25.172,0.593,2.74802,0.3376,-0.23105,-0.04332,0.18422,,0.0,0.08303,1.0,strong_buy,-0.57153,0.00681,0.14236,-0.00947,-0.08404,0.207,,12.67352,-503.13653,3.46804,1.243,1684.70537,1277,1319.2681,0.62463,1.342,0.61047,1672.55796,0.92,72,Entertainment — content pipeline productivity,False
1262,ACG1V.HE,Aspocomp Group Oyj,Helsinki,Technology,Electronic Components,Finland,38.54194,5.12,EUR,44.4,32.2,67.1,36.4,11.8,69.9,22.2,,10.44898,29.083,1.079,2.03822,1.02685,-0.00391,0.0957,-0.01307,,0.0,-0.02344,1.0,none,-0.00647,0.0016,0.47474,0.02127,-0.00301,-0.06,-0.8,1.43216,-1.995,0.2236,2.417,37.534,172,218.22093,0.59844,0.631,0.024,27.66336,1.0,68,Components — factory automation and quality inspection,False
1263,BLDR,"Builders FirstSource, Inc.",USA,Industrials,Building Products & Equipment,United States,6978.58817,74.26,USD,44.3,41.6,49.4,40.6,15.7,35.9,62.8,28.34351,12.42774,10.912,0.889,1.99399,0.53895,0.03528,0.08047,0.08024,,0.0,0.32225,21.0,buy,0.06958,0.03397,0.29888,0.00502,0.01967,-0.101,,4.29963,-4537.62822,1.32159,1.759,12948.42561,28000,462.44377,0.02696,1.418,-0.39081,169378.6336,0.92,54,Building products — configure-to-order automation,False
1264,WEC,"WEC Energy Group, Inc.",USA,Utilities,Utilities - Regulated Electric,United States,32257.88216,113.35,USD,44.3,45.2,42.7,60.3,50.1,15.2,39.4,22.71543,18.89028,15.164,5.913,2.70984,3.66105,0.04402,0.05294,-0.05598,0.0336,0.7275,0.09763,18.0,buy,0.11679,0.03044,0.41764,0.28953,0.16239,0.09,0.079,5.66362,-19459.2212,1.53184,0.679,8811.09046,7000,1258.72721,0.00154,0.46,0.04682,206634.22792,1.0,48,Utilities — grid optimisation inside a regulated envelope,False
1265,IRIS.ST,Irisity AB (publ),Stockholm,Industrials,Security & Protection Services,Sweden,7.73085,0.222,SEK,44.3,32.7,65.9,6.7,24.5,47.8,61.0,,-0.12472,-0.826,1.02,0.3284,0.85647,-0.67568,-8.01802,0.41586,,0.0,,,none,-0.46098,-0.24134,-0.08072,-1.90486,-1.75007,-0.033,,,-1.47995,0.06979,0.429,9.02637,52,173.58396,0.60024,1.837,-0.39011,47.261,0.83,72,"Security services — monitoring scales with AI, guarding less so",False
1266,EQIX,"Equinix, Inc.",USA,Real Estate,REIT - Specialty,United States,87891.37079,1020.0,USD,44.2,47.1,38.9,62.5,60.9,24.0,31.4,70.44199,52.81327,28.63,12.869,7.03565,10.56023,0.0142,0.01893,0.02709,0.0193,1.3299,0.17613,29.0,buy,0.10059,0.03495,0.51606,0.24343,0.14928,0.121,0.2,5.13171,-19198.68391,1.62961,1.178,8322.86611,13716,606.7998,0.00271,0.971,0.29246,527236.37718,1.0,38,REIT — financial asset; minimal AI operating leverage,False
1267,FG.ST,Fasadgruppen Group AB (publ),Stockholm,Industrials,Engineering & Construction,Sweden,159.82262,20.2,SEK,44.2,32.8,65.3,34.0,11.3,24.8,49.7,,3.13178,11.958,0.602,0.53329,0.33469,-0.13861,0.31931,0.10209,,0.0,0.23762,3.0,buy,-0.07641,0.01206,0.48006,-0.00794,-0.03143,-0.152,,7.81983,-188.03947,1.15692,1.159,477.53106,2005,238.1701,0.20847,0.919,-0.35048,188.95681,0.92,66,"Engineering — design, tendering and site planning automate",False
1268,MOS,The Mosaic Company,USA,Basic Materials,Agricultural Inputs,United States,6145.5589,22.13,USD,44.1,44.3,43.7,29.1,72.9,46.1,42.1,158.07143,11.81054,6.356,1.019,0.5959,0.56591,0.00633,0.08467,-0.0412,0.0398,6.2857,0.22862,19.0,buy,0.00594,0.02,0.13308,0.00791,0.00362,0.144,,2.74984,-4788.48781,0.4819,1.246,10859.65483,13249,819.65845,0.00341,0.825,-0.37715,174431.46423,0.92,52,Agri inputs — precision-ag data services,False
1269,SW,Smurfit Westrock Plc,USA,Consumer Cyclical,Packaging & Containers,Ireland,20299.33424,44.3,USD,44.1,40.8,50.1,37.7,18.6,42.4,58.5,61.52777,13.18025,7.717,1.178,1.28488,0.74384,0.01625,0.07587,0.05855,0.0408,2.4232,0.24234,14.0,strong_buy,0.02113,0.03013,0.19027,0.06795,0.01217,0.007,-0.836,2.84717,-11865.71965,0.78831,1.443,27290.02057,97000,281.34042,0.00515,0.935,-0.02509,213545.44499,1.0,52,Packaging — plant automation and design,False
1270,SINCH.ST,Sinch AB (publ),Stockholm,Communication Services,Telecom Services,Sweden,2486.85723,39.06,SEK,44.1,36.1,59.0,31.9,18.5,38.7,51.5,84.91305,52.08,13.201,1.312,1.23717,1.01698,0.01178,0.0192,0.07205,,0.0,0.01446,8.0,buy,0.01509,0.01961,0.20082,0.02045,0.01364,-0.077,,2.88586,-701.27319,0.36472,0.71,2445.34699,4005,610.57353,0.29886,2.478,0.34969,9688.18297,0.92,70,"Telecom — network ops and service automation, capital-heavy core",False
1271,WALL-B.ST,Wallenstam AB (publ),Stockholm,Real Estate,Real Estate Services,Sweden,2400.39372,41.64,SEK,44.1,46.5,39.6,63.7,35.5,9.6,52.1,10.1561,21.80105,30.885,18.676,0.8102,8.04711,0.09846,0.04587,0.0365,0.0132,0.1341,0.04227,5.0,hold,0.08374,0.01615,0.65421,0.57367,0.80796,0.009,,17.57739,-3170.45824,1.07468,0.014,298.29264,249,1197.96239,0.40468,1.393,-0.09162,2946.43042,0.92,40,Real estate — asset returns dominate; admin automation marginal,False
1272,PCELL.ST,PowerCell Sweden AB (publ),Stockholm,Industrials,Electrical Equipment & Parts,Sweden,103.52912,19.64,SEK,44.1,35.2,60.6,24.7,4.9,81.1,44.7,,-46.76191,-29.046,3.16,2.94144,3.19238,-0.11151,-0.02138,-0.05631,,0.0,0.45112,1.0,hold,-0.14372,-0.05287,0.43926,-0.77547,-0.1498,-0.367,,,0.58344,0.05005,2.049,32.43005,144,225.20871,0.13812,1.29,-0.45985,598.54274,0.83,60,"Electrical — electrification tailwind, moderate AI angle",False
1273,BULTEN.ST,Bulten AB (publ),Stockholm,Consumer Cyclical,Auto Parts,Sweden,98.35039,51.7,SEK,44.1,41.4,49.0,36.7,19.1,42.9,61.0,,4.12939,5.212,0.404,1.38228,0.22568,-0.00329,0.24217,0.07972,0.0592,0.0,0.25725,1.0,strong_buy,0.01934,0.02408,0.18636,0.07702,-0.21735,-0.072,,2.19035,-74.05198,1.26119,1.68,435.79185,569,765.89077,0.331,0.535,-0.0993,202.18819,0.92,58,"Auto supply — factory automation, EV/AI transition risk",False
1274,KLARA-B.ST,KlaraBo Sverige AB (publ),Stockholm,Real Estate,Real Estate Services,Sweden,182.81233,13.42,SEK,44.0,46.5,39.5,60.3,47.2,21.5,42.4,7.1383,12.78095,19.304,9.622,0.40925,2.76481,0.14009,0.07824,-0.18283,0.0186,0.133,0.51764,3.0,buy,0.05962,0.02103,0.55161,0.53386,0.3904,0.047,,13.75688,-453.37579,1.03716,1.043,66.12108,77,858.71536,0.37121,1.28,-0.14631,350.23789,0.92,40,Real estate — asset returns dominate; admin automation marginal,False
1275,FRACTL.ST,Fractal Gaming Group AB (publ),Stockholm,Technology,Computer Hardware,Sweden,37.28015,14.1,SEK,44.0,33.0,64.4,32.2,4.5,78.6,30.1,47.0,7.83333,14.504,0.548,1.00614,0.55921,0.02128,0.12766,-0.12233,0.0899,4.1667,0.513,3.0,none,0.01856,0.01223,0.38287,-0.0407,0.01066,-0.379,,-0.28404,0.71605,0.01468,1.564,66.66618,118,564.96763,0.77568,-0.362,-0.69904,33.28573,0.92,74,Hardware — AI demand pull plus design productivity,False
1276,SOLTEQ.HE,Solteq Oyj,Helsinki,Technology,Information Technology Services,Finland,5.27585,0.272,EUR,44.0,23.2,82.6,20.1,18.8,7.2,37.9,,6.8,-92.882,0.64,0.39883,0.11512,-0.44118,0.14706,-0.26197,,0.0,-0.00735,2.0,none,-0.16217,-0.00628,0.1658,-0.08942,-0.05101,-0.075,,,-24.075,1.86338,0.211,45.831,382,119.97644,0.29641,0.797,-0.58154,4.22878,0.83,90,IT services — delivery is labor-hours that AI directly automates,False
1277,GOTL-A.ST,Rederiaktiebolaget Gotland (publ),Stockholm,Industrials,Marine Shipping,Sweden,626.54144,276.5,SEK,43.9,42.0,47.4,24.0,38.5,94.9,38.9,,,8.717,1.124,1.31008,1.83959,-0.0009,,-0.03246,0.0075,0.5944,,,none,-0.00114,0.00239,0.23095,-0.27976,-0.00164,0.021,,-5.54817,243.74615,,3.34,340.58692,1500,227.05795,0.91988,-0.103,0.05534,8.69639,0.83,46,Shipping — routing helps at the margin; the ship is the cost,False
1278,AKTIA.HE,Aktia Pankki Oyj,Helsinki,Financial Services,Banks - Regional,Finland,813.70208,11.06,EUR,43.9,29.7,70.2,36.7,13.7,,32.2,276.50003,9.1405,,13.07,1.22739,2.98784,0.00362,0.1094,,0.0723,20.0,0.08499,1.0,none,0.00467,0.00031,0.0,0.29683,0.01346,-0.109,-0.345,,-2746.8,,,272.33798,845,322.29347,0.37451,0.344,0.1138,416.6855,0.58,82,"Banking — document-heavy processes, fraud/KYC, service automation",False
1279,NEPA.ST,Nepa AB (publ),Stockholm,Industrials,Specialty Business Services,Sweden,14.61057,20.5,SEK,43.9,26.1,77.0,15.5,15.9,31.3,42.5,,8.91304,-6.652,0.669,5.33437,0.74354,-0.13659,0.1122,-0.0453,0.0629,1.8923,,,none,-0.48331,-0.1233,0.17518,-0.08048,-0.1018,-0.098,,,1.46191,,1.018,19.64988,186,105.64451,0.33288,0.357,0.02757,18.54381,0.75,82,Business services — back-office process automation,False
1280,BXP,"BXP, Inc.",USA,Real Estate,REIT - Office,United States,10881.9795,69.85,USD,43.8,48.1,35.7,56.2,55.7,15.2,50.2,35.1005,34.08215,18.506,9.357,2.15128,3.94325,0.02849,0.02934,0.07556,0.0401,1.5477,0.01145,20.0,buy,0.05525,0.01675,0.56131,0.25675,0.10042,0.006,0.655,9.92396,-13847.78818,2.11994,0.979,2759.64961,826,3340.98016,0.00374,1.039,0.01217,92163.4898,1.0,38,REIT — financial asset; minimal AI operating leverage,False
1281,ETR,Entergy Corporation,USA,Utilities,Utilities - Regulated Electric,United States,46163.88792,113.24,USD,43.8,43.6,44.2,57.8,50.0,18.1,35.5,28.88775,22.30113,15.053,6.22,2.98873,3.97648,0.03462,0.04484,-0.07406,0.0226,0.6327,0.0906,21.0,buy,0.10751,0.02766,0.46976,0.18648,0.13414,0.12,0.012,5.55284,-26635.95951,1.92883,0.957,11609.23521,12000,967.43627,0.00239,0.489,0.30116,354615.20455,1.0,48,Utilities — grid optimisation inside a regulated envelope,False
1282,XOM,ExxonMobil Holdings Corporation,USA,Energy,Oil & Gas Integrated,United States,533655.49684,147.36,USD,43.7,45.9,39.6,48.5,25.2,59.7,49.7,24.80808,13.94149,11.724,2.014,2.40113,1.87357,0.04031,0.07173,0.01904,0.028,0.6801,0.13263,21.0,buy,0.09873,0.04221,0.29768,0.06355,0.07765,0.026,-0.434,0.70038,-34271.75619,0.18261,1.036,284833.20905,57900,4919.39912,0.00085,0.162,0.36381,2183691.91866,1.0,48,Oil & gas — commodity price dominates; ops optimisation real but capped,False
1283,VICO.ST,Vicore Pharma Holding AB (publ),Stockholm,Healthcare,Biotechnology,Sweden,289.87506,11.36,SEK,43.7,29.8,69.5,28.9,5.6,92.1,15.9,,-5.91667,,606.276,3.22727,906.75665,-0.16725,-0.16901,-0.07566,,0.0,1.59683,6.0,strong_buy,-0.47192,-0.28117,1.0,-205.1578,0.0,-0.325,,,96.05856,,12.688,0.31968,40,7.99209,0.12747,0.149,0.45641,737.6974,0.67,60,"Biotech — discovery upside, binary science risk dominates",False
1284,LCLEAN.ST,LifeClean International AB (publ),Stockholm,Consumer Defensive,Household & Personal Products,Sweden,3.39522,0.0324,SEK,43.7,36.8,56.6,18.6,5.3,73.1,60.8,3.24,-0.162,-0.953,0.504,0.98182,0.78244,0.30864,-6.17284,-0.38863,,0.0,,,none,-1.05177,-0.28142,0.43264,-0.40811,-0.66076,-0.339,,,1.20758,0.32213,2.466,4.33925,19,228.38141,0.14638,1.956,-0.75911,5.29551,0.83,55,Staples — marketing and supply-chain optimisation,False
1285,DE,Deere & Company,USA,Industrials,Farm & Heavy Construction Machinery,United States,140944.30888,597.24,USD,43.6,38.8,52.4,57.6,19.8,32.8,32.4,33.78054,26.17085,23.318,4.243,5.88257,3.40788,0.0296,0.03821,0.00681,0.0108,0.3671,0.08505,23.0,buy,0.18349,0.03828,0.25965,0.17479,0.10104,-0.111,-0.085,4.60216,-34636.09173,3.76022,2.213,41358.33894,73100,565.77755,0.00156,0.897,0.20353,654745.6065,1.0,60,Heavy equipment — autonomy retrofit is slow but real,False
1286,FNM.ST,Ferronordic AB (publ),Stockholm,Industrials,Industrial Distribution,Sweden,77.97847,59.2,SEK,43.6,37.4,55.2,29.7,20.0,21.7,65.7,,8.78338,5.933,0.628,0.63631,0.19169,-0.01959,0.11385,0.36585,,0.0,,,none,-0.01248,0.01379,0.17692,0.03191,-0.00379,-0.065,,4.12211,-177.47098,1.53476,0.932,406.7874,822,494.87518,0.66055,1.933,0.26902,68.0279,0.92,64,"Distribution — pricing, inventory and sales automation",False
1287,GJAB.ST,Gullberg & Jansson AB,Stockholm,Consumer Cyclical,Leisure,Sweden,9.97524,12.6,SEK,43.6,39.7,50.8,22.3,8.5,64.9,68.3,,,-30.138,0.534,1.01728,0.42096,-0.08651,,0.12585,,0.0,,,none,-0.08653,-0.01806,0.26815,-0.19443,-0.03647,-0.205,,,-2.68355,0.48739,2.173,23.69618,40,592.40456,0.60745,0.484,-0.11888,4.24843,0.83,58,Leisure — dynamic pricing and personalisation,False
1288,SAXG.ST,Saxlund Group AB (publ),Stockholm,Industrials,Pollution & Treatment Controls,Sweden,7.76493,11.9,SEK,43.6,37.5,54.9,38.9,8.1,68.8,39.7,44.07407,,8.825,0.395,1.55984,0.39124,0.02269,,-0.09633,,0.0,,,none,0.03662,0.03446,0.40604,-0.07254,0.00905,-0.216,,0.08812,-0.07831,0.18048,1.379,19.84711,71,279.53675,0.84845,0.267,0.60377,3.29837,0.92,55,Environmental services — monitoring automation,False
1289,EASY-B.ST,EasyFill AB ser. B,Stockholm,Industrials,Specialty Industrial Machinery,Sweden,2.42303,0.0885,SEK,43.6,36.3,57.1,14.7,68.9,23.1,46.5,,,-4.751,0.669,2.68182,0.50614,-0.56497,,,,0.0,,,none,-1.01872,-0.13634,0.2176,-0.15019,-0.2818,0.122,,,-0.78194,0.89573,0.643,4.78727,15,319.15166,,0.804,-0.38966,0.65716,0.75,62,Machinery — predictive maintenance and embedded software,False
1290,BAWAT.ST,Bawat Water Technologies AB,Stockholm,Industrials,Pollution & Treatment Controls,Denmark,9.3604,1.17,SEK,43.5,36.7,56.2,16.2,96.6,1.5,38.4,,,-10.315,7.401,-3.6,4.84046,-0.21368,,-0.15972,,0.0,,,none,,-0.25774,0.26018,-0.32951,-1.03633,1.243,,,-4.95142,,0.104,1.93378,12,161.14842,,1.562,0.67143,0.43469,0.67,55,Environmental services — monitoring automation,False
1291,AXOLOT.ST,Axolot Solutions Holding AB (publ),Stockholm,Industrials,Waste Management,Sweden,7.82177,0.292,SEK,43.5,38.0,53.8,27.3,4.5,92.1,45.9,,,-13.806,7.74,1.11877,8.94444,-0.06849,,-0.03598,,0.0,,,none,-0.08359,-0.05121,0.51182,-1.30254,-0.66729,-0.38,,,1.62724,,7.899,0.87448,3,291.49471,0.32313,-0.789,-0.4252,10.40721,0.75,52,Waste — route and sorting automation,False
1292,ESS,"Essex Property Trust, Inc.",USA,Real Estate,REIT - Residential,United States,17640.48227,292.93,USD,43.4,45.8,38.9,68.2,30.6,14.8,45.3,32.98761,47.87111,20.203,13.139,3.46572,10.26975,0.03031,0.02089,0.04869,0.0354,1.1586,-0.00083,24.0,hold,0.10558,0.03174,0.68883,0.35173,0.29132,0.064,-0.478,5.33035,-5954.54707,1.21856,0.3,1717.71349,1686,1018.8099,0.00733,0.715,0.02782,123991.06773,1.0,38,REIT — financial asset; minimal AI operating leverage,False
1293,BRIN-B.ST,Brinova Fastigheter AB (publ),Stockholm,Real Estate,Real Estate Services,Sweden,269.23099,12.9,SEK,43.4,45.3,40.0,60.9,42.3,6.1,48.6,14.33333,7.41379,21.557,12.924,0.40695,2.75009,0.06977,0.13488,0.02438,,0.0,,,none,0.02485,0.02104,0.64114,0.61323,0.16591,0.032,,16.97012,-996.03092,1.52502,0.057,97.89908,96,1019.78204,0.7955,,-0.25,42.17455,0.92,40,Real estate — asset returns dominate; admin automation marginal,False
1294,MTI.ST,MTI Investment AB (publ),Stockholm,Financial Services,Asset Management,Sweden,1.1322,0.6,SEK,43.4,26.4,75.0,29.6,,11.0,30.5,,,-1.193,20.919,4.10959,42.7198,-0.56667,,-0.36958,,0.0,,,none,-0.98881,-0.1068,-0.14871,0.73938,0.0,,,,0.35354,,0.569,0.0265,14,1.89307,0.35373,0.628,-0.35829,0.34811,0.67,80,Asset management — research and back-office automation,False
1295,CI.ST,Cell Impact AB (publ),Stockholm,Industrials,Metal Fabrication,Sweden,2.96766,0.0672,SEK,43.3,35.3,58.2,3.7,64.2,87.9,26.5,,-1.12,-0.43,7.407,0.26773,5.55506,-9.97024,-0.89286,-1.89075,,0.0,,,none,-0.80661,-0.39958,-0.40652,-7.5513,0.0,0.105,,,-0.98932,0.12171,3.057,0.53423,29,18.42158,0.0748,1.838,-0.74642,21.09619,0.83,58,Industrials sector default,False
1296,QCORE.ST,Qlucore AB (publ),Stockholm,Technology,Software - Application,Sweden,1.53205,0.394,SEK,43.3,21.8,83.1,4.9,3.1,76.0,27.0,,,-0.423,1.48,0.46572,1.63123,-2.15736,,-1.29692,,0.0,,,none,-0.77077,-0.406,-0.72718,-1.314,0.0,-0.47,,,0.14221,0.03856,1.6,0.9392,15,62.61335,0.70215,0.329,-0.28364,2.80891,0.83,92,Software economics — AI compounds both the product and dev productivity,False
1297,UPM.HE,UPM-Kymmene Oyj,Helsinki,Basic Materials,Paper & Paper Products,Finland,12365.74925,23.45,EUR,43.2,45.0,40.0,37.9,45.7,58.0,46.2,22.9902,11.94649,13.735,1.659,1.20392,1.29961,0.0435,0.08371,0.01216,0.064,0.7353,0.10149,15.0,buy,0.05178,0.02304,0.11256,0.0998,0.05654,-0.053,0.437,2.67189,-3070.00006,0.35405,1.951,9514.99981,14801,642.86196,0.02343,0.223,0.00171,21113.1137,1.0,46,Paper — process/energy optimisation in a commodity market,False
1298,FPAR-A.ST,FastPartner AB (publ),Stockholm,Real Estate,Real Estate - Diversified,Sweden,681.16438,39.6,SEK,43.1,45.4,38.8,63.3,33.2,10.7,50.0,31.1811,12.26006,16.738,11.288,0.51312,3.33695,0.03207,0.08157,0.05308,0.029,0.8858,0.16162,2.0,buy,0.02195,0.0259,0.70077,0.61814,0.14728,-0.034,0.102,11.62819,-1600.73735,1.1822,0.165,204.12788,80,2551.59853,0.77048,1.829,-0.23107,842.91134,1.0,40,Real estate — asset returns dominate; admin automation marginal,False
1299,SVIK.ST,Studsvik AB (publ),Stockholm,Industrials,Waste Management,Sweden,154.65354,204.5,SEK,43.1,37.1,54.2,42.2,19.9,50.0,36.3,55.27027,24.72793,22.783,1.936,4.23562,1.93301,0.01809,0.04044,0.03428,0.0077,0.4975,,,strong_buy,0.08401,0.02951,0.24047,0.05477,0.0374,-0.003,-0.489,1.049,-7.13328,0.3566,0.846,80.0066,540,148.16037,0.54872,0.424,0.01238,543.26153,1.0,52,Waste — route and sorting automation,False
1300,HILB-B.ST,Hilbert Group AB (publ),Stockholm,Financial Services,Asset Management,Sweden,52.16169,4.4,SEK,43.1,33.9,60.3,6.6,99.8,11.6,33.0,,,-3.465,0.149,18.96552,0.15284,-0.60455,,-0.23752,,0.0,,,none,-16.43277,-0.79996,-0.02681,-0.00987,-0.06022,79.174,,,-5.87409,3.254,0.774,341.27424,2,170637.11795,0.35519,0.926,-0.66917,139.43914,0.83,80,Asset management — research and back-office automation,False
1301,WELL,Welltower Inc.,USA,Real Estate,REIT - Healthcare Facilities,United States,150026.25675,243.25,USD,43.0,48.2,33.2,45.6,88.9,46.3,24.9,117.51208,72.39584,62.947,15.988,3.91417,14.59298,0.00851,0.01381,0.01514,0.0122,1.3961,-0.0029,22.0,buy,0.03665,0.00744,0.39871,0.18039,0.11962,0.383,1.579,5.11364,-13353.03735,0.44486,1.646,10280.71732,712,14439.20971,0.00062,0.763,0.51728,736194.94291,1.0,38,REIT — financial asset; minimal AI operating leverage,False
1302,ESGR-B.ST,ES Group AB (publ),Stockholm,Industrials,Building Products & Equipment,Sweden,11.13335,18.65,SEK,43.0,39.5,49.5,23.9,18.2,82.0,50.8,,4.36768,-8.699,0.635,0.80288,0.63386,-0.19303,0.22895,0.02711,,0.0,0.52815,2.0,none,-0.14142,-0.04786,0.35404,-0.09463,-0.12011,-0.078,,,-0.01804,0.15541,2.85,17.56446,35,501.84169,0.0,0.533,-0.06045,12.71192,0.83,54,Building products — configure-to-order automation,False
1303,NILS.ST,Nilsson Special Vehicles AB (publ),Stockholm,Consumer Cyclical,Auto Manufacturers,Sweden,1.51438,3.56,SEK,43.0,37.8,52.7,43.8,5.2,17.2,62.9,8.47619,,22.436,0.203,2.45179,0.10697,0.11798,,0.07325,,0.0,,,none,0.33963,0.00909,0.23415,0.00127,0.01266,-0.345,,10.59461,-1.35496,2.19771,1.109,14.15752,28,505.62586,0.78976,0.45,0.61818,1.37653,0.92,60,Autos — autonomy optionality against capital intensity,False
1304,FANG,"Diamondback Energy, Inc.",USA,Energy,Oil & Gas E&P,United States,48060.49278,195.54,USD,42.9,42.1,44.5,45.7,22.8,45.5,49.0,199.53061,11.46557,7.38,5.18,1.50818,3.80441,0.00501,0.08722,0.0254,0.0225,4.1327,0.17093,28.0,strong_buy,0.00474,-0.00122,0.72246,0.0579,0.01964,0.042,-0.984,1.35225,-11990.65948,0.32594,0.561,12632.8285,1762,7169.5962,0.27006,0.407,0.39831,414367.61808,1.0,48,Oil & gas — commodity price dominates; ops optimisation real but capped,False
1305,XBRANE.ST,Xbrane Biopharma AB (publ),Stockholm,Healthcare,Biotechnology,Sweden,19.79705,10.6,SEK,42.9,32.9,61.5,28.2,0.9,88.7,31.8,,530.00006,-3.585,2.755,0.38958,2.85684,-0.37547,0.00189,-1.12633,,0.0,0.41509,1.0,none,-0.20407,-0.05201,0.56807,-0.52097,1.38652,-0.814,,,0.89461,0.10338,3.032,6.92971,28,247.48952,0.41039,0.853,-0.68499,44.74797,0.83,60,"Biotech — discovery upside, binary science risk dominates",False
1306,SCA-B.ST,Svenska Cellulosa Aktiebolaget SCA (publ),Stockholm,Basic Materials,Paper & Paper Products,Sweden,6556.93378,103.0,SEK,42.7,40.5,46.8,44.4,14.7,50.8,48.0,26.0101,15.55891,21.388,3.746,0.72258,3.15007,0.03845,0.06427,0.05169,0.0291,0.7576,0.10749,14.0,buy,0.02715,0.00859,0.70081,0.01313,0.12127,-0.051,-0.525,3.39731,-1238.48995,0.15999,1.216,2081.52243,3500,594.72069,0.1002,0.362,-0.15815,16538.39146,1.0,46,Paper — process/energy optimisation in a commodity market,False
1307,MTRS.ST,Munters Group AB (publ),Stockholm,Industrials,Pollution & Treatment Controls,Sweden,2998.01846,181.2,SEK,42.7,36.6,54.1,47.5,23.7,23.4,39.1,65.41516,22.76382,23.286,2.521,6.40532,2.26893,0.01529,0.04393,0.04808,0.0097,0.6062,0.22792,8.0,buy,0.09186,0.03609,0.30464,0.07654,0.026,-0.036,,4.1185,-589.06221,1.52832,1.016,1321.33392,5153,256.42032,0.00136,0.714,0.3811,7107.92812,0.92,55,Environmental services — monitoring automation,False
1308,WTW-A.ST,Wall to Wall Group AB,Stockholm,Industrials,Engineering & Construction,Sweden,42.20165,34.9,SEK,42.7,28.3,69.4,36.4,20.0,34.8,21.1,,,37.478,0.933,0.62596,0.57695,-0.53037,,0.03018,0.0329,0.9901,,,none,-0.28344,-0.00376,0.73656,-0.00524,-0.3088,-0.065,,14.29353,-26.04056,0.43835,1.169,73.14559,408,179.27842,0.2628,0.029,-0.27292,37.14028,0.92,66,"Engineering — design, tendering and site planning automate",False
1309,VIVE.ST,Vivesto AB,Stockholm,Healthcare,Drug Manufacturers - Specialty & Generic,Sweden,8.35913,8.33,SEK,42.7,36.3,54.7,15.9,,92.1,32.1,,-83.29999,-1.938,,35.90517,,-0.42617,-0.012,-0.3117,,0.0,1.88115,1.0,none,-0.20644,-0.11674,0.0,0.0,0.0,,,,2.85358,,3.059,,4,,0.43601,0.917,-0.59187,39.67867,0.67,62,Pharma — AI aids discovery but cycles are long and regulated,False
1310,CLS-B.ST,Clinical Laserthermia Systems AB (publ),Stockholm,Healthcare,Medical Devices,Sweden,8.89845,3.15,SEK,42.6,30.9,64.2,22.9,1.4,83.4,33.7,,-6.3,-2.898,5.737,1.61456,6.88125,-0.35238,-0.15873,-0.22089,,0.0,1.69841,1.0,none,-0.53244,-0.26096,0.61716,-7.57445,-2.36574,-0.716,,,1.18148,,2.911,1.29315,,,0.13202,0.004,-0.22222,22.12551,0.75,66,Devices — embedded intelligence differentiates hardware,False
1311,BEO-SDB.ST,Beowulf Mining plc,Stockholm,Basic Materials,Other Industrial Metals & Mining,United Kingdom,5.92332,1.01,SEK,42.6,43.3,41.2,18.2,,94.3,47.1,,,-3.40144,,0.27025,,-0.36634,,,,0.0,,,none,-0.09989,-0.05095,0.0,0.0,0.0,,,,-0.13751,0.01113,4.07,,14,,,0.948,-0.30727,18.46688,0.67,44,Mining/metals — process optimisation at the margin,False
1312,IS.ST,Image Systems AB,Stockholm,Technology,Consumer Electronics,Sweden,5.15868,0.638,SEK,42.5,28.3,68.8,31.1,2.9,42.9,34.6,,3.19,-4.599,0.532,0.5187,0.35954,-0.53292,0.31348,-0.15528,,0.0,,,none,-0.23751,-0.07557,0.71952,-0.62791,-0.16361,-0.492,,,-1.45022,0.30841,0.724,14.34814,72,199.2797,0.80856,0.365,-0.65791,5.91397,0.83,66,Consumer electronics — on-device AI features,False
1313,NFO.ST,NFO Drives AB (publ),Stockholm,Technology,Scientific & Technical Instruments,Sweden,1.94267,7.0,SEK,42.5,31.8,62.5,15.6,2.5,92.1,40.0,,,-16.984,5.688,2.29659,1.25472,-0.18,,-0.14013,,0.0,,,none,-0.4867,-0.24827,0.29402,-0.32621,-0.35148,-0.605,,,0.29574,,3.328,1.54829,5,309.65788,0.5531,0.443,-0.52055,0.61607,0.75,68,Instruments — measurement + software attach,False
1314,CNP,"CenterPoint Energy, Inc.",USA,Utilities,Utilities - Regulated Electric,United States,24650.86026,43.13,USD,42.4,41.5,44.2,58.0,37.9,20.4,35.1,26.46012,20.69151,14.111,5.493,2.46429,2.9977,0.03779,0.04833,-0.17528,0.0223,0.546,0.07524,16.0,buy,0.09561,0.02843,0.4592,0.21983,0.11379,0.019,0.067,6.41075,-20522.33973,2.15591,1.165,8223.26442,8794,935.09943,0.00237,0.454,0.15259,227317.91585,1.0,48,Utilities — grid optimisation inside a regulated envelope,False
1315,KELAS.HE,Kesla Oyj,Helsinki,Industrials,Farm & Heavy Construction Machinery,Finland,14.09035,4.18,EUR,42.4,31.7,62.2,21.9,6.7,22.5,64.5,,10.19512,-6.359,0.718,1.88288,0.40951,-0.31579,0.09809,0.21261,,0.0,-0.16268,1.0,none,-0.45918,-0.11586,0.42118,-0.26092,-0.12962,-0.268,,,-10.613,1.43285,0.956,34.408,224,153.60714,0.31206,0.221,0.33974,65.9604,0.83,60,Heavy equipment — autonomy retrofit is slow but real,False
1316,LNT,Alliant Energy Corporation,USA,Utilities,Utilities - Regulated Electric,United States,16883.63181,74.82,USD,42.3,41.9,43.1,58.3,42.0,13.8,36.8,23.5283,20.30372,16.729,7.028,2.60361,4.37399,0.0425,0.04925,-0.06223,0.0286,0.647,0.06255,13.0,buy,0.11312,0.02617,0.45224,0.2103,0.18583,0.05,0.049,6.31735,-10244.1328,1.59526,0.688,3860.0066,2948,1309.36452,0.00154,0.54,0.15892,162168.9777,1.0,48,Utilities — grid optimisation inside a regulated envelope,False
1317,AGES-B.ST,AGES Industri AB (publ),Stockholm,Industrials,Metal Fabrication,Sweden,33.10986,50.5,SEK,42.3,35.6,54.8,35.9,19.1,33.1,47.5,17.41379,,9.267,0.703,1.14512,0.41463,0.05743,,-0.26209,0.0198,0.5172,,,none,0.05165,0.02763,0.13307,0.04622,0.01837,-0.021,-0.401,3.80083,-23.02228,0.84326,1.134,79.85469,319,250.32818,0.81367,0.297,-0.10142,2.33898,1.0,58,Industrials sector default,False
1318,EQR,Equity Residential,USA,Real Estate,REIT - Residential,United States,23292.79414,69.0,USD,42.2,44.5,38.0,63.0,22.5,20.1,49.8,27.6,44.06974,18.406,11.188,2.42659,8.56408,0.03623,0.02269,0.05313,0.0407,1.1118,0.04831,18.0,buy,0.08671,0.02706,0.62775,0.27398,0.30632,0.025,-0.646,4.54928,-7521.37055,0.7842,0.115,2719.82387,2400,1133.25995,0.00591,0.754,0.03016,180326.6003,1.0,38,REIT — financial asset; minimal AI operating leverage,False
1319,ATRLJ-B.ST,Atrium Ljungberg AB (publ),Stockholm,Real Estate,Real Estate - Development,Sweden,1517.34524,26.55,SEK,42.2,43.8,39.2,58.2,31.7,12.2,50.7,29.17582,2.58268,22.228,12.092,0.59719,4.47728,0.03427,0.38719,0.08414,0.0279,1.2088,0.12994,4.0,hold,0.02044,0.01972,0.5678,0.5775,0.15298,0.075,-0.554,13.99754,-2580.58026,1.02255,0.255,338.89886,329,1030.08773,0.58184,1.321,-0.20102,1648.77601,1.0,40,Real estate — asset returns dominate; admin automation marginal,False
1320,GAPW-B.ST,Gapwaves AB (publ),Stockholm,Technology,Communication Equipment,Sweden,46.11008,14.0,SEK,42.2,29.0,66.7,7.5,9.8,78.2,42.2,,-9.21053,-13.543,6.117,4.33839,5.70643,-0.15571,-0.10857,-0.06532,,0.0,0.42857,1.0,none,-0.60591,-0.20671,-0.11868,-0.48693,-0.70112,-0.174,,,4.58497,0.21632,2.616,8.08037,40,202.00919,0.16906,1.383,0.05105,110.86769,0.83,74,"Network equipment — AI traffic drives demand, ops automate",False
1321,CCI,Crown Castle Inc.,USA,Real Estate,REIT - Specialty,United States,30189.74423,79.17,USD,42.0,44.3,37.6,77.9,22.2,5.4,39.4,33.40506,26.78426,23.582,15.281,,8.20173,0.02994,0.03734,0.03481,0.0537,1.7932,0.24742,19.0,buy,,0.04048,0.73819,0.47723,0.25136,-0.048,,10.92454,-26057.22872,,0.267,3680.89815,1500,2453.9321,0.00096,0.972,-0.25592,274499.25504,0.75,38,REIT — financial asset; minimal AI operating leverage,False
1322,FLERIE.ST,Flerie AB (publ),Stockholm,Healthcare,Biotechnology,Sweden,156.77079,19.95,SEK,42.0,32.0,60.6,12.5,0.8,95.9,43.5,,-48.65854,-35.375,-254.575,0.50964,-308.86057,-0.46917,-0.02055,-0.01589,,0.0,0.30326,1.0,strong_buy,-0.22176,-0.0067,0.0,-7.46154,0.0,-0.851,,,27.55423,0.0005,66.452,-0.50758,2,-253.78893,0.73544,-0.436,-0.48064,72.77106,0.83,60,"Biotech — discovery upside, binary science risk dominates",False
1323,KOSKI.HE,Koskisen Oyj,Helsinki,Basic Materials,Lumber & Wood Production,Finland,208.65792,8.66,EUR,42.0,40.6,44.7,37.1,42.3,54.3,36.7,39.36364,11.7027,12.738,0.703,1.26794,0.55802,0.0254,0.08545,-0.04021,0.0162,0.5455,-0.01848,1.0,none,0.03352,0.02067,0.34753,0.02365,0.01426,0.218,-0.793,2.62004,-54.033,0.49799,1.891,373.924,1030,363.03301,0.85565,0.099,0.01405,10.71242,1.0,45,Forestry — commodity economics,False
1324,INDERES.HE,Inderes Oyj,Helsinki,Financial Services,Financial Data & Stock Exchanges,Finland,29.46005,16.7,EUR,42.0,24.7,74.2,16.6,,,34.2,119.28572,,,,,,0.00838,,,0.0132,6.3085,,,none,,,0.0,0.0,0.0,,,,,,,,,,0.60943,,-0.08992,16.8002,0.25,88,Financial data — the product is information processing,False
1325,LEMSE.ST,Leading Edge Materials Corp.,Stockholm,Basic Materials,Other Industrial Metals & Mining,Canada,43.88348,1.88,SEK,41.9,42.2,41.2,17.2,,90.8,47.1,,,-22.32749,,2.96996,,-0.03723,,-0.0434,,0.0,,,none,-0.15179,-0.07251,0.0,0.0,0.0,,,,0.32944,0.00108,2.772,,,,0.41617,2.012,0.59322,33.22072,0.75,44,Mining/metals — process optimisation at the margin,False
1326,XEL,Xcel Energy Inc.,USA,Utilities,Utilities - Regulated Electric,United States,42963.0742,78.77,USD,41.8,40.7,43.7,55.4,39.1,14.9,37.4,22.70029,17.3777,14.298,5.861,2.08061,3.32614,0.04405,0.05755,-0.15194,0.0301,0.6635,0.17854,18.0,strong_buy,0.0959,0.02338,0.45928,0.18155,0.14144,0.029,0.06,6.18399,-32741.91007,1.64845,0.77,12916.78117,11534,1119.88739,0.00201,0.405,0.1006,389636.82735,1.0,48,Utilities — grid optimisation inside a regulated envelope,False
1327,DURC-B.ST,Duroc AB (publ),Stockholm,Consumer Cyclical,Textile Manufacturing,Sweden,68.2239,19.3,SEK,41.8,33.0,58.0,29.0,25.9,41.6,38.1,,,30.013,0.406,0.73521,0.26189,-0.07927,,0.09717,0.0181,0.9091,,,none,-0.05229,-0.02101,0.42928,-0.06484,-0.02081,-0.028,,9.69666,-34.18899,0.50188,1.648,260.50527,804,324.01153,0.81849,0.852,0.13529,11.59631,0.92,60,Consumer Cyclical sector default,False
1328,OVARO.HE,Ovaro Kiinteistösijoitus Oyj,Helsinki,Real Estate,Real Estate Services,Finland,22.93642,2.82,EUR,41.8,44.8,36.2,27.2,12.4,46.4,86.1,20.14286,5.03571,-661.197,7.973,0.54064,5.21875,0.04965,0.19858,0.13845,0.1489,2.5714,0.17021,1.0,none,0.02662,-0.0017,0.35586,-1.03648,0.26234,-0.137,,,-12.117,0.30313,0.865,4.395,4,1098.75,0.6138,0.296,-0.11321,14.6358,0.83,40,Real estate — asset returns dominate; admin automation marginal,False
1329,IPCO.ST,International Petroleum Corporation,Stockholm,Energy,Oil & Gas E&P,Canada,2157.79011,211.0,SEK,41.7,38.5,47.7,49.3,22.2,38.1,36.8,98.13953,180.34189,10.64885,3.73251,2.77292,3.65413,0.01019,0.00555,-0.05149,,0.0,0.31079,5.0,buy,0.02855,0.02945,0.37161,0.19041,0.03768,-0.032,-0.154,2.15379,-445.77922,0.58605,0.785,590.50676,,,0.39814,0.889,0.34395,3275.31471,1.0,48,Oil & gas — commodity price dominates; ops optimisation real but capped,False
1330,NOBI.ST,Nobia AB (publ),Stockholm,Consumer Cyclical,"Furnishings, Fixtures & Appliances",Sweden,219.60361,16.0,SEK,41.7,32.7,58.5,30.3,3.6,27.7,57.4,,123.07693,8.5,3.03,1.13218,0.5504,-0.33313,0.00813,0.76176,,0.0,0.34062,2.0,buy,-0.17401,0.0024,0.32667,0.04673,-0.72467,-0.444,,2.04143,-290.31642,1.54487,0.806,398.99244,4192,95.17949,0.01316,,-0.55438,696.2605,0.92,55,Furnishings — design tools and logistics,False
1331,IMMU.ST,Mendus AB (publ),Stockholm,Healthcare,Biotechnology,Sweden,33.32797,6.0,SEK,41.7,35.5,53.2,16.5,,75.1,38.0,,-12.2449,-3.282,,0.65646,,-0.31667,-0.08167,-0.06146,,0.0,1.66667,1.0,buy,-0.17598,-0.0983,0.0,0.0,0.0,,,,5.02656,0.03304,1.525,,19,,0.6721,0.736,-0.20949,20.00002,0.75,60,"Biotech — discovery upside, binary science risk dominates",False
1332,SITOWS.HE,Sitowise Group Oyj,Helsinki,Industrials,Engineering & Construction,Finland,93.19872,2.6,EUR,41.7,29.0,65.4,21.5,37.7,20.5,36.2,,13.22011,27.947,0.88,1.2334,0.492,-0.45385,0.07564,0.14225,,0.0,0.03846,3.0,none,-0.4403,0.00581,0.20194,-0.00039,-0.22352,0.018,,12.33026,-73.587,1.24595,1.075,189.42899,1883,100.59957,0.10256,0.807,-0.01515,27.326,0.92,66,"Engineering — design, tendering and site planning automate",False
1333,ESENSE.HE,Enersense International Oyj,Helsinki,Industrials,Specialty Business Services,Finland,57.68914,3.56,EUR,41.7,24.0,74.7,17.6,13.3,24.7,38.2,,7.57447,40.102,0.254,1.17337,0.1932,-0.31742,0.13202,0.87894,,0.0,0.39747,2.0,none,-0.42023,-0.02191,0.13006,-0.01256,-0.0626,-0.124,,9.59439,-18.143,0.64583,0.79,298.596,1700,175.64471,0.59962,0.4,0.2669,87.17372,0.92,82,Business services — back-office process automation,False
1334,AINO.ST,Aino Health AB (publ),Stockholm,Healthcare,Health Information Services,Sweden,3.61567,0.195,SEK,41.7,23.2,76.0,14.3,7.2,17.0,47.2,,,-8.907,1.811,-4.64286,1.64397,0.0,,-0.05476,,0.0,,,none,,-0.56596,0.25634,-0.36648,-0.32021,-0.25,,,-0.36781,,0.735,2.19935,18,122.18628,0.75393,2.642,-0.0534,1.4108,0.67,80,Health IT — records and diagnostics are data problems,False
1335,ECO-B.ST,EcoRub AB (publ),Stockholm,Basic Materials,Chemicals,Sweden,3.30265,0.07,SEK,41.7,31.1,61.4,27.3,5.9,36.9,49.6,,,-5.751,3.321,,2.78956,-0.28571,,,,0.0,,,none,-9.69195,-0.18285,0.81311,-0.82837,-0.9428,-0.305,,,-0.62953,27.98609,2.165,1.18393,11,107.63024,0.424,0.032,-0.11392,1.97696,0.75,52,Chemicals — process optimisation,False
1336,SPINN.HE,Spinnova Oyj,Helsinki,Consumer Cyclical,Textile Manufacturing,Finland,21.97313,0.42,EUR,41.7,27.4,68.2,25.3,4.3,63.3,27.4,,-2.47059,-0.183,11.054,0.71918,63.87539,-1.85714,-0.40476,-0.62687,,0.0,0.07143,1.0,none,-0.80017,-0.17979,0.74419,-59.13115,0.0,-0.39,,,18.162,0.85981,8.883,0.344,84,4.09524,0.53611,1.86,-0.125,7.61838,0.83,60,Consumer Cyclical sector default,False
1337,MAA,"Mid-America Apartment Communities, Inc.",USA,Real Estate,REIT - Residential,United States,13861.83685,132.96,USD,41.6,43.2,38.7,61.6,24.2,16.9,47.4,40.29091,40.5419,17.128,9.592,2.79216,7.1675,0.02482,0.02467,0.0573,0.046,1.8409,0.06799,25.0,hold,0.06711,0.03188,0.58497,0.26567,0.176,0.008,-0.315,4.52456,-4900.42813,0.99825,0.076,1933.98391,2507,771.43355,0.00461,0.728,-0.11372,114421.6277,1.0,38,REIT — financial asset; minimal AI operating leverage,False
1338,MOFAST.ST,Mofast AB,Stockholm,Real Estate,Real Estate Services,Sweden,48.36292,14.5,SEK,41.6,43.2,38.5,58.7,17.6,11.3,58.0,21.64179,,19.571,9.576,0.3785,2.55274,0.04621,,0.10938,0.0345,0.0,,,none,0.01877,0.02121,0.60475,0.44514,0.12542,-0.08,,13.45456,-124.72013,0.99741,0.052,18.94552,12,1578.79373,0.7154,1.3,-0.00685,18.01593,0.92,40,Real estate — asset returns dominate; admin automation marginal,False
1339,NEO-B.ST,Neovici Holding AB ser. B,Stockholm,Technology,Software - Application,Sweden,17.67957,3.9,SEK,41.6,22.4,77.2,16.6,,,29.2,,,,,,,-0.00513,,,,0.0,,,none,,,0.0,0.0,0.0,,,,,,,,,,0.77526,,-0.22925,7.76975,0.25,92,Software economics — AI compounds both the product and dev productivity,False
1340,ACTI.ST,Active Biotech AB (publ),Stockholm,Healthcare,Biotechnology,Sweden,12.3288,5.16,SEK,41.6,35.4,53.2,10.5,,95.6,34.3,,,-2.48,,2.88107,,-0.42829,0.0,-0.14005,,0.0,3.84496,1.0,none,-1.00792,-0.47865,0.0,0.0,0.0,,,,4.82199,0.00212,5.138,,5,,0.18476,1.356,-0.6881,86.42287,0.75,60,"Biotech — discovery upside, binary science risk dominates",False
1341,FXI.ST,FX International AB,Stockholm,Financial Services,Asset Management,Sweden,0.61448,0.0754,SEK,41.6,23.5,75.3,10.6,,3.8,48.3,,,-9.471,102.125,0.37143,30.81577,-0.66313,,,,0.0,,,none,-0.14954,-0.11926,0.0,-11.96053,0.0,,,,0.08248,,0.225,0.01994,1,19.94056,0.3225,,-0.37167,0.59343,0.58,80,Asset management — research and back-office automation,False
1342,LUMO.HE,Lumo Kodit Oyj,Helsinki,Real Estate,Real Estate Services,Finland,1956.95373,7.39,EUR,41.5,42.9,38.9,59.6,25.0,15.0,49.3,147.79999,12.8194,19.41,11.439,0.5002,4.33242,0.00677,0.07801,0.18185,0.0149,2.2,0.35511,7.0,buy,0.00368,0.02074,0.67478,0.45257,0.02922,-0.032,,12.0586,-3209.99997,0.91268,0.391,451.7,253,1785.37549,0.33395,1.247,-0.33543,2853.46375,0.92,40,Real estate — asset returns dominate; admin automation marginal,False
1343,OBSE.ST,Observit AB,Stockholm,Technology,Information Technology Services,Sweden,32.03173,0.59,SEK,41.5,23.1,75.7,16.6,,,30.7,,,,,,,0.0,,,,0.0,,,none,,,0.0,0.0,0.0,,,,,,,,,,0.37731,,-0.10606,37.56414,0.25,90,IT services — delivery is labor-hours that AI directly automates,False
1344,OPTI.ST,OptiCept Technologies AB (publ),Stockholm,Industrials,Specialty Industrial Machinery,Sweden,22.20239,2.855,SEK,41.5,31.8,59.6,17.1,37.0,53.1,34.8,,-14.275,-3.336,7.333,0.82994,6.6598,-0.54991,-0.07005,-0.12053,,0.0,,,none,-0.31824,-0.14291,0.32748,-1.81554,-2.77567,0.015,,,-2.24386,0.08933,0.793,3.33379,13,256.44535,0.24352,-0.324,-0.20584,88.06392,0.83,62,Machinery — predictive maintenance and embedded software,False
1345,EGTX.ST,Egetis Therapeutics AB (publ),Stockholm,Healthcare,Biotechnology,Sweden,261.28229,6.2,SEK,41.4,31.6,59.7,7.6,49.4,42.5,42.4,,51.66667,-6.808,37.761,9.85692,45.68419,-0.14516,0.01935,-0.04405,,0.0,0.91935,4.0,buy,-1.09723,-0.35484,0.14263,-6.93284,0.0,0.055,,,6.1,0.30249,0.689,5.71931,44,129.98443,0.23228,0.78,0.1418,449.98031,0.83,60,"Biotech — discovery upside, binary science risk dominates",False
1346,CCC.ST,Cavotec Group AB,Stockholm,Industrials,Specialty Industrial Machinery,Sweden,113.63203,11.75,SEK,41.4,29.5,63.4,31.5,11.2,34.9,36.7,,117.5,163.22335,0.75339,2.33554,0.7387,-0.04851,0.00851,0.10049,,0.0,,,none,-0.1003,-0.00167,0.51261,-0.08641,-0.03542,-0.153,,12.14366,-8.622,0.4766,1.21,153.82701,732,210.14619,0.27512,,-0.38158,15.0166,0.92,62,Machinery — predictive maintenance and embedded software,False
1347,AERO.ST,Svenska Aerogel Holding AB (publ),Stockholm,Basic Materials,Specialty Chemicals,Sweden,3.80474,0.848,SEK,41.4,29.5,63.4,22.9,9.6,72.1,29.3,,-28.26667,-0.914,4.977,0.81148,9.38661,-0.69575,-0.03538,-0.54976,,0.0,0.76887,1.0,none,-0.79896,-0.36513,0.66369,-6.84677,0.0,-0.178,,,0.2653,0.02245,1.347,0.40534,11,36.84883,0.24193,2.801,-0.54409,12.15854,0.83,55,Chemicals — formulation R&D and process control,False
1348,DIGIGR.HE,Digitalist Group Plc,Helsinki,Technology,Software - Application,Finland,5.39512,1.965,EUR,41.3,18.9,83.0,14.9,16.1,1.0,34.3,,,-33.263,2.928,-0.1301,0.32634,-0.84987,,-0.63384,,0.0,,,none,,-0.09665,0.0943,-0.12435,-0.27655,-0.096,,,-43.374,,0.077,16.532,118,140.10169,0.55098,0.667,-0.64273,2.71563,0.67,92,Software economics — AI compounds both the product and dev productivity,False
1349,INVEST.HE,Investors House Oyj,Helsinki,Real Estate,Real Estate Services,Finland,21.53006,3.38,EUR,41.2,40.3,43.0,41.9,3.4,40.1,63.0,5.45161,21.80645,19.241,4.594,1.06457,3.01036,0.18343,0.04586,0.05536,0.1627,0.4839,0.01331,2.0,none,0.11939,0.01864,0.43065,-0.07728,0.54754,-0.453,,6.63192,-11.324,0.71492,1.824,7.152,22,325.09091,0.75599,0.621,-0.39643,8.0613,0.92,40,Real estate — asset returns dominate; admin automation marginal,False
1350,STAR-B.ST,Starbreeze AB (publ),Stockholm,Communication Services,Electronic Gaming & Multimedia,Sweden,13.32772,0.089,SEK,41.1,21.9,76.7,5.2,2.4,74.2,28.4,,-2.96667,-0.727,0.6,0.88119,0.81751,-2.92135,-0.33708,-0.36883,,0.0,-0.10112,1.0,none,-1.18371,-0.20152,-0.39717,-2.10382,-2.38687,-0.608,,,3.32944,0.2298,2.153,16.30277,119,136.99803,0.26362,1.467,-0.51683,23.17735,0.83,85,Gaming — content pipelines and live-ops are AI-automatable,False
1351,SOLT.ST,SolTech Energy Sweden AB (publ),Stockholm,Technology,Solar,Sweden,21.82118,0.182,SEK,41.0,32.7,56.3,31.8,17.6,36.8,41.7,,0.28889,-2.427,0.311,0.50838,0.14367,-7.14286,3.46154,,,0.0,,,none,,,0.41656,-0.18637,-0.346,-0.08,,,-25.25426,0.7953,1.097,151.88144,668,227.36742,0.01175,1.679,-0.90257,335.90917,0.58,55,Solar — manufacturing automation and grid software,False
1352,NXTCL.ST,NextCell Pharma AB,Stockholm,Healthcare,Biotechnology,Sweden,10.88407,1.078,SEK,41.0,33.8,54.5,12.2,9.7,92.1,45.8,,,-2.62,11.243,2.47816,12.99127,-0.39889,,,,0.0,2.24675,1.0,none,,,0.16966,-3.76063,0.0,-0.175,,,2.93032,,4.898,0.8378,,,0.29662,0.707,0.05686,49.55162,0.5,60,"Biotech — discovery upside, binary science risk dominates",False
1353,BOMILL.ST,BoMill AB (publ),Stockholm,Industrials,Specialty Industrial Machinery,Sweden,5.42298,0.419,SEK,41.0,26.8,67.4,21.9,0.6,52.4,37.1,,,-3.247,3.28,4.76136,4.04753,-0.2864,,-0.08382,,0.0,,,none,-1.05705,-0.3089,0.6535,-27.57088,-1.01272,-0.889,,,1.02857,,1.421,1.33982,12,111.65202,0.41932,0.407,-0.38382,3.27535,0.75,62,Machinery — predictive maintenance and embedded software,False
1354,SRE,Sempra,USA,Utilities,Utilities - Diversified,United States,52688.04919,92.25,USD,40.9,39.0,44.4,53.3,34.9,36.6,26.1,31.37755,16.66107,18.941,7.852,1.86949,4.44888,0.03187,0.06002,-0.46835,0.0285,0.8818,0.1349,18.0,buy,0.05689,0.01809,0.42457,0.30616,0.1443,-0.039,0.137,6.34259,-31137.79381,0.85267,1.689,11843.00412,15938,743.06714,0.00099,0.568,0.17411,298184.06642,1.0,48,Utilities — grid optimisation inside a regulated envelope,False
1355,ASUNTO.HE,Asuntosalkku Oyj,Helsinki,Real Estate,Real Estate Services,Finland,72.67013,75.0,EUR,40.9,42.0,38.9,59.2,34.6,30.3,32.7,33.33333,26.22378,25.734,12.53,0.62258,4.26994,0.03,0.03813,0.01122,0.0139,0.4622,0.09333,1.0,none,0.01897,0.01847,0.65374,0.447,0.13021,0.006,,16.95499,-140.50601,1.23984,1.832,17.019,11,1547.18182,0.63576,0.261,-0.11765,8.4,0.92,40,Real estate — asset returns dominate; admin automation marginal,False
1356,BESQAB.ST,Besqab AB (publ),Stockholm,Real Estate,Real Estate - Development,Sweden,297.34811,28.5,SEK,40.8,45.0,33.1,42.3,98.9,35.8,16.8,95.0,19.52055,29.434,2.447,0.97569,1.56471,0.01053,0.05123,-0.3039,,0.0,0.5614,2.0,strong_buy,0.04423,0.01659,0.14853,0.22991,0.05623,6.541,,11.94148,-188.65582,0.81098,1.792,190.03353,114,1666.96079,0.62139,,0.20253,101.905,0.92,40,Real estate — asset returns dominate; admin automation marginal,False
1357,RESP.ST,Respiratorius AB,Stockholm,Healthcare,Biotechnology,Sweden,2.07726,2.9,SEK,40.8,34.1,53.2,8.8,,92.1,34.5,,,-2.962,607.255,0.79365,762.07794,-0.24138,,-0.25822,,0.0,,,none,-0.23449,-0.14104,0.0,-157.45454,0.0,,,,0.42201,,5.461,0.00273,,,0.18431,1.708,-0.58453,7.09466,0.67,60,"Biotech — discovery upside, binary science risk dominates",False
1358,MARAS.HE,Martela Oyj,Helsinki,Consumer Cyclical,"Furnishings, Fixtures & Appliances",Finland,2.3931,0.516,EUR,40.8,33.2,55.0,29.1,5.6,13.5,66.4,,-3.03529,-48.287,0.233,-0.54316,0.02799,-1.58915,-0.32946,3.23848,,0.0,-0.4186,1.0,sell,,-0.01989,0.41403,-0.11018,-0.04425,-0.319,,,-17.544,,0.652,85.492,300,284.97333,0.5091,0.367,-0.32105,7.87055,0.67,55,Furnishings — design tools and logistics,False
1359,CPT,Camden Property Trust,USA,Real Estate,REIT - Residential,United States,9780.42924,112.97,USD,40.7,41.8,38.7,49.2,37.7,15.9,49.0,31.55587,143.91083,19.113,10.131,2.91543,7.06319,0.03169,0.00695,0.06147,0.0375,1.176,0.01465,22.0,hold,0.09065,0.01583,0.61622,0.03725,0.24487,-0.005,0.121,5.04039,-3699.58222,1.04147,0.104,1384.70444,1640,844.33198,0.01465,0.798,-0.00238,115219.25866,1.0,38,REIT — financial asset; minimal AI operating leverage,False
1360,STUDBO.ST,Studentbostäder i Norden AB (publ),Stockholm,Real Estate,Real Estate Services,Sweden,82.38003,1.31,SEK,40.7,41.1,40.0,61.0,49.4,3.3,31.2,,4.36667,22.876,13.007,0.37894,1.87324,-0.0229,0.22901,0.03101,,0.0,,,none,0.03972,0.02091,0.62545,0.57148,0.18678,0.055,,19.88313,-497.1562,2.33425,0.083,43.97718,46,956.02567,0.72308,1.098,-0.12667,10.76529,0.92,40,Real estate — asset returns dominate; admin automation marginal,False
1361,BONG.ST,Bong AB (publ),Stockholm,Consumer Cyclical,Packaging & Containers,Sweden,7.99428,0.348,SEK,40.6,34.1,52.8,25.9,16.6,30.9,56.8,,3.48,8.844,0.167,0.14221,0.04998,-0.37356,0.28736,0.96701,,0.0,,,none,-0.05925,0.00362,0.14907,0.0214,-0.01774,-0.091,,6.63704,-20.0312,0.62352,1.059,159.95854,981,163.05661,0.80489,0.956,-0.50708,3.45004,0.92,52,Packaging — plant automation and design,False
1362,ZOOM.ST,Zoomability Int AB,Stockholm,Consumer Cyclical,Recreational Vehicles,Sweden,3.24516,1.165,SEK,40.6,30.1,60.2,6.8,5.4,78.2,49.6,,,-4.16,8.622,4.60474,11.04602,-0.22318,,,,0.0,,,none,-1.1425,-0.3896,0.08683,-2.38443,-2.1673,-0.335,,,0.15551,,2.483,0.29378,4,73.44624,0.39102,1.57,-0.06048,6.9706,0.67,60,Consumer Cyclical sector default,False
1363,ORGC-BTA.ST,OrganoClick AB BTA,Stockholm,,,Sweden,,0.353,SEK,40.6,35.6,49.9,18.4,7.6,6.3,88.9,,,-6.763,1.202,2.75781,,,,,,,,,none,-1.36504,-0.08826,0.20542,0.01169,-0.35168,-0.227,,,-6.74181,4.12646,0.504,8.89711,37,240.46256,,0.757,0.17667,0.75333,0.67,50,No sector data — neutral,False
1364,WBGR-B.ST,Wästbygg Gruppen AB (publ),Stockholm,Industrials,Engineering & Construction,Sweden,29.58984,1.855,SEK,40.5,34.1,52.4,18.2,3.3,58.6,60.8,,0.41592,-1.58,0.133,0.17743,0.09408,-2.20485,2.40431,1.19426,,0.0,1.35467,1.0,none,-0.52423,-0.07721,-0.00202,0.06,-0.12968,-0.46,,,-12.23625,0.26826,1.242,314.51701,319,985.94672,0.3365,0.467,-0.82163,70.96901,0.83,66,"Engineering — design, tendering and site planning automate",False
1365,NIO.ST,Nordic Iron Ore AB (publ),Stockholm,Basic Materials,Other Industrial Metals & Mining,Sweden,27.08537,4.4,SEK,40.5,36.2,48.6,15.2,25.9,89.2,41.1,,,-15.351,-1154.374,1.19565,-1239.947,-0.05909,,-0.24493,,0.0,,,none,-0.06821,-0.04214,0.0,-0.52213,0.0,-0.028,,,1.86925,0.00625,2.617,-0.02184,9,-2.42711,0.572,0.523,0.04265,10.40977,0.83,44,Mining/metals — process optimisation at the margin,False
1366,ANNX.ST,Annexin Pharmaceuticals AB (publ),Stockholm,Healthcare,Biotechnology,Sweden,8.41101,12.95,SEK,40.5,33.6,53.2,9.5,,92.1,32.6,,,-1.909,,6.34182,,-0.42548,,-0.26034,,0.0,4.79151,1.0,none,-1.37651,-0.71964,0.0,0.0,0.0,,,,1.54702,,3.314,,4,,0.57013,0.296,-0.59531,7.66357,0.67,60,"Biotech — discovery upside, binary science risk dominates",False
1367,ORT-B.ST,Ortoma AB (publ),Stockholm,Healthcare,Medical Devices,Sweden,38.08103,8.98,SEK,40.3,30.3,58.8,10.0,2.3,80.3,47.7,,17.96,-9.329,9.104,2.3471,9.85183,-0.12918,0.05568,0.00945,,0.0,1.11581,1.0,strong_buy,-0.26497,-0.14941,-0.1194,-0.50604,-1.02162,-0.609,,,2.89145,,2.603,3.86538,14,276.09832,0.0,0.867,-0.69967,64.73569,0.75,66,Devices — embedded intelligence differentiates hardware,False
1368,CARR,Carrier Global Corporation,USA,Industrials,Building Products & Equipment,United States,49846.83151,68.69,USD,40.2,35.1,49.7,45.0,25.1,31.1,32.1,45.79333,21.40696,21.841,3.137,4.24536,2.60871,0.02184,0.04671,0.01489,0.014,0.61,0.12013,21.0,buy,0.09907,0.03149,0.25181,0.06572,0.0599,0.024,-0.407,3.56638,-9787.18735,0.91102,1.05,19107.81967,47000,406.54935,0.04728,1.309,-0.09583,374814.93581,1.0,54,Building products — configure-to-order automation,False
1369,DMYD-B.ST,Diamyd Medical AB (publ),Stockholm,Healthcare,Biotechnology,Sweden,15.45239,1.1,SEK,40.1,29.1,60.5,3.9,,92.1,27.0,,,0.626,-406.533,0.65711,394.63644,-1.81818,,-0.99138,,0.0,0.27273,1.0,none,-0.97128,-0.4456,0.0,-1817.1143,0.0,,,,31.37058,,15.501,0.03916,44,0.88991,0.22963,2.299,-0.8866,132.95228,0.67,60,"Biotech — discovery upside, binary science risk dominates",False
1370,ALZCUR.ST,AlzeCure Pharma AB (publ),Stockholm,Healthcare,Biotechnology,Sweden,71.87191,6.04,SEK,40.0,32.9,53.2,8.7,,63.3,46.0,,-50.33334,-11.368,,61.63266,,-0.07947,-0.01987,-0.0225,,0.0,1.36755,1.0,none,-4.33791,-1.13687,0.0,0.0,0.0,,,,2.78035,0.20417,1.356,,10,,0.42947,-0.161,0.96104,470.61052,0.75,60,"Biotech — discovery upside, binary science risk dominates",False
1371,ERMA.ST,Enorama Pharma AB (publ),Stockholm,Healthcare,Drug Manufacturers - Specialty & Generic,Sweden,1.75777,0.26,SEK,40.0,28.4,61.4,35.6,,13.0,27.6,,,-0.028,0.748,-0.52953,8.88774,-3.11538,,-0.41577,,0.0,,,none,,-1.24137,0.0,116.25925,0.0,,,,1.60993,,0.644,0.19777,4,49.44352,0.9357,1.683,-0.88696,0.59738,0.58,62,Pharma — AI aids discovery but cycles are long and regulated,False
1372,PADEL.ST,Acenta Group AB,Stockholm,Industrials,Engineering & Construction,Sweden,0.08143,1.92,SEK,40.0,28.8,60.8,10.6,52.1,26.5,35.7,,,6.315,1.206,-38.4,0.0437,-57.23958,,,,0.0,,,none,,,0.03739,-0.74627,-0.78862,0.063,,2.39404,-0.85201,,0.552,1.86348,8,232.93493,0.36233,1.71,-0.73626,2.26861,0.58,66,"Engineering — design, tendering and site planning automate",False
1373,BILL.ST,Billerud AB (publ),Stockholm,Basic Materials,Paper & Paper Products,Sweden,1548.65882,68.7,SEK,39.9,37.7,44.0,33.6,14.2,56.4,48.9,,8.59825,7.672,0.567,0.61587,0.43466,-0.00247,0.1163,0.02903,0.0311,11.2903,0.16206,6.0,buy,0.00272,0.00412,0.46391,-0.01954,0.00196,-0.115,,2.15835,-568.30592,0.29358,1.434,3562.9247,5464,652.0726,0.12505,0.442,-0.1993,4404.58006,0.92,46,Paper — process/energy optimisation in a commodity market,False
1374,KLAR.ST,Klaria Pharma Holding AB (publ.),Stockholm,Healthcare,Drug Manufacturers - Specialty & Generic,Sweden,17.79142,0.798,SEK,39.9,23.1,71.1,34.0,0.2,0.4,37.0,,,-8.481,2057.31,-9.5,1962.8898,-0.35088,0.0,-0.15196,,0.0,,,none,,-0.52188,1.0,-72.08,0.0,-0.989,,,-0.85563,,0.061,0.00906,4,2.26597,0.17402,1.181,0.38542,73.65384,0.67,62,Pharma — AI aids discovery but cycles are long and regulated,False
1375,ALZ.ST,Alzinova AB (publ),Stockholm,Healthcare,Biotechnology,Sweden,12.2876,0.669,SEK,39.9,27.7,62.6,34.7,9.1,74.3,8.5,,-1.115,,3.628,0.69688,5.2838,-0.29895,-0.89686,-0.29774,,0.0,2.06428,2.0,none,-0.19921,-0.10777,1.0,-0.9901,-1.03578,-0.188,,,0.95905,0.00538,1.371,2.32552,7,332.21748,0.13589,0.971,-0.66348,280.7072,0.75,60,"Biotech — discovery upside, binary science risk dominates",False
1376,FASTAT.ST,Aktiebolaget Fastator (publ),Stockholm,Real Estate,Real Estate Services,Sweden,7.74341,0.248,SEK,39.9,35.3,48.4,52.5,10.8,32.7,32.9,,-0.12718,-71.56,3.661,0.05778,0.39566,-6.97581,-7.8629,-6.44172,,0.0,,,none,1.23772,-0.00344,0.58195,-0.11075,4.58515,-0.163,,,-65.54217,0.54307,0.623,19.57075,108,181.21067,0.42246,0.711,-0.77037,24.14185,0.83,40,Real estate — asset returns dominate; admin automation marginal,False
1377,WHITE-B.ST,White Pebbles AB B,Stockholm,Financial Services,Asset Management,Sweden,3.32805,156.0,SEK,39.9,24.7,68.2,16.6,,,34.1,123.80952,,,,,,0.00808,,,,0.0,,,none,,,0.0,0.0,0.0,,,,,,,,,,,,0.11429,0.32521,0.25,80,Asset management — research and back-office automation,False
1378,DUELL.HE,Duell Oyj,Helsinki,Consumer Cyclical,Auto Parts,Finland,11.30011,2.18,EUR,39.9,34.1,50.7,29.2,29.9,53.9,32.8,,9.90909,9.253,0.268,0.23216,0.09102,-0.11009,0.10092,-0.05708,,0.0,-0.15138,2.0,none,-0.04891,-0.00291,0.28368,0.02929,-0.01982,0.035,-0.234,6.1064,-21.972,0.49763,3.357,124.14549,198,626.99741,0.29052,0.753,-0.43669,25.49292,1.0,58,"Auto supply — factory automation, EV/AI transition risk",False
1379,IVACC.ST,Intervacc AB (publ),Stockholm,Healthcare,Biotechnology,Sweden,36.01883,1.166,SEK,39.7,29.5,58.6,7.1,6.9,95.7,37.7,,-1.42195,-3.429,13.349,1.56931,21.0403,-0.21441,-0.70326,-0.0981,,0.0,0.75815,2.0,none,-0.30001,-0.17963,-0.67824,-6.58803,0.0,-0.262,,,13.16702,0.00141,6.464,1.7119,16,106.99356,0.19343,0.154,0.17778,45.95721,0.83,60,"Biotech — discovery upside, binary science risk dominates",False
1380,WETTERI.HE,Wetteri Oyj,Helsinki,Consumer Cyclical,Auto & Truck Dealerships,Finland,28.15517,0.176,EUR,39.4,32.7,51.9,18.8,19.7,13.9,66.9,,17.6,-17.647,0.26,0.76522,0.06604,-0.39773,0.05682,0.71184,,0.0,-0.09091,1.0,none,-0.26659,-0.0454,0.17664,-0.01937,-0.02278,-0.067,,,-82.545,2.47459,0.819,426.30899,800,532.88624,0.90523,0.781,-0.12,8.31987,0.83,60,Consumer Cyclical sector default,False
1381,RECY-B.ST,Recyctec Holding AB ser. B,Stockholm,Basic Materials,Specialty Chemicals,Sweden,0.81964,0.043,SEK,39.4,27.4,61.7,31.9,25.6,2.8,35.5,,,-3.278,0.78,-2.86667,0.70469,-0.23256,,-0.18282,,0.0,,,none,,-0.43688,0.69594,-0.39669,-0.37895,-0.029,,,-0.08791,,0.171,1.16311,8,145.38907,0.09343,3.087,-0.30421,5.73388,0.67,55,Chemicals — formulation R&D and process control,False
1382,ACE.ST,Ascelia Pharma AB (publ),Stockholm,Healthcare,Biotechnology,Sweden,5.93072,0.49,SEK,39.3,31.8,53.2,10.6,,89.7,27.7,,-4.08333,-0.408,,0.74924,,-1.16327,-0.2449,-0.95984,,0.0,4.85035,3.0,strong_buy,-1.00751,-0.40351,0.0,0.0,0.0,,,,3.00903,0.00831,2.805,,,,0.13348,0.912,-0.89813,95.61986,0.75,60,"Biotech — discovery upside, binary science risk dominates",False
1383,EXALT.ST,Exalt AB,Stockholm,Technology,Communication Equipment,Sweden,1.646,0.336,SEK,39.3,22.5,70.6,15.0,8.1,21.2,41.4,,,-26.346,0.448,56.0,0.39776,-0.17857,,-0.10425,,0.0,,,none,-1.72454,-0.04284,0.17503,-0.06188,-0.08833,-0.216,,,-0.20611,3.1746,1.12,4.13816,33,125.39865,0.59369,0.14,-0.20379,0.58506,0.83,74,"Network equipment — AI traffic drives demand, ops automate",False
1384,PALLAS.HE,Pallas Air Oyj,Helsinki,Technology,Consumer Electronics,Finland,0.69458,0.54,EUR,39.3,26.5,63.0,14.3,14.8,4.0,59.7,,-0.49541,-0.697,0.691,-0.06236,0.10159,-15.35185,-2.01852,9.36447,,0.0,,,none,,-0.55767,0.30701,-2.07717,-1.56048,-0.111,,,-4.029,,0.246,6.837,29,235.75862,0.90893,1.852,-0.60584,0.03132,0.67,66,Consumer electronics — on-device AI features,False
1385,STERV.HE,Stora Enso Oyj,Helsinki,Consumer Cyclical,Packaging & Containers,Finland,7706.39462,9.772,EUR,39.2,35.0,47.0,35.0,18.0,36.2,45.9,12.52821,12.84083,17.97,1.197,0.73879,0.82669,0.07982,0.07788,-0.02513,0.0256,0.3205,0.18536,15.0,buy,0.05986,0.00606,0.24608,0.04962,0.06587,-0.002,-0.714,5.80032,-3602.00019,0.44865,1.073,9322.00038,19000,490.6316,0.04297,0.595,0.09552,13047.52554,1.0,52,Packaging — plant automation and design,False
1386,VESTUM.ST,Vestum AB (publ),Stockholm,Industrials,Engineering & Construction,Sweden,533.42593,15.66,SEK,39.2,25.1,65.4,35.0,4.1,46.3,16.9,,20.07692,18.114,2.162,1.76212,1.66861,-0.06641,0.04981,-0.44058,,0.0,0.14943,1.0,strong_buy,-0.10804,0.00796,0.52396,0.0,-0.09753,-0.414,,4.08789,-155.98955,0.54897,1.686,319.68342,1257,254.32253,0.50627,,0.57704,959.3916,0.92,66,"Engineering — design, tendering and site planning automate",False
1387,OXE.ST,OXE Marine AB (publ),Stockholm,Industrials,Aerospace & Defense,Sweden,17.52579,0.279,SEK,39.2,24.7,66.1,16.0,2.1,44.9,39.7,,-2.79,-4.134,1.802,1.9375,1.28067,-0.17921,-0.35842,-0.06336,,0.0,0.97133,1.0,none,-0.55267,-0.1609,0.31828,-1.28973,-0.50506,-0.655,,,-7.13664,0.80207,1.43,13.68484,46,297.49658,0.44489,-0.216,-0.45508,19.32834,0.83,72,Defence — autonomy and sensor fusion are budget priorities,False
1388,KAMUX.HE,Kamux Oyj,Helsinki,Consumer Cyclical,Auto & Truck Dealerships,Finland,57.84781,1.512,EUR,39.2,34.2,48.4,23.9,14.1,48.6,52.4,151.2,8.64,17.413,0.121,0.57644,0.06818,0.00661,0.11574,0.28242,0.0331,7.0,0.0582,1.0,none,0.00389,0.00616,0.09972,-0.00488,0.00047,-0.118,,7.59322,-44.8,0.50348,2.608,848.4,745,1138.79195,0.2781,0.757,-0.24324,86.27774,0.92,60,Consumer Cyclical sector default,False
1389,TOURN.ST,Tourn International AB (publ),Stockholm,Communication Services,Internet Content & Information,Sweden,5.26884,5.96,SEK,39.0,21.2,72.2,12.4,7.5,18.7,41.7,,12.16327,-6.671,0.986,5.28369,1.03518,-0.12584,0.08221,-0.06279,,0.0,,,none,-0.3499,-0.17002,0.0562,-0.19765,-0.07295,-0.229,,,0.24927,,0.777,5.08976,10,508.97638,0.45924,1.203,0.40235,12.38751,0.75,88,"Digital platform — data-rich, AI-native product surface",False
1390,TOBII.ST,Tobii AB (publ),Stockholm,Technology,Computer Hardware,Sweden,37.48295,1.594,SEK,38.9,18.9,76.0,34.6,10.1,13.4,9.1,,-3.88781,20.585,1.081,0.94937,0.51693,-0.79674,-0.25721,-0.47909,,0.0,0.25471,1.0,none,-0.5873,-0.00298,0.8175,-0.17073,-0.36875,-0.172,,11.59524,-44.14115,1.50716,0.776,72.51112,404,179.48298,0.23642,0.652,-0.76764,281.40783,0.92,74,Hardware — AI demand pull plus design productivity,False
1391,HERNO-B.ST,HERNO-B.ST,Stockholm,Consumer Defensive,Beverages - Wineries & Distilleries,Sweden,12.57643,3.4,SEK,38.9,33.2,49.4,16.6,,,52.6,30.90909,,,,,,0.03235,,,0.0294,0.0,,,none,,,0.0,0.0,0.0,,,,,,,,,,0.29736,,-0.28118,3.19205,0.25,55,Consumer staples — demand forecasting and trade-spend optimisation,False
1392,SFL.ST,Safello Group AB (publ),Stockholm,Technology,Software - Application,Sweden,5.18988,2.8,SEK,38.9,21.6,70.9,11.7,6.5,83.3,12.5,,,,0.061,2.4055,0.07573,-0.23929,,,,0.0,,,none,-0.44754,-0.36748,0.00642,-0.02585,-0.01814,-0.279,,,1.03664,,2.907,68.53479,30,2284.49308,0.44621,0.672,-0.59885,3.38656,0.58,92,Software economics — AI compounds both the product and dev productivity,False
1393,DTE,DTE Energy Company,USA,Utilities,Utilities - Regulated Electric,United States,26934.17678,148.19,USD,38.8,38.3,39.7,47.4,42.6,15.5,36.3,24.37336,17.73692,16.23,3.486,2.50165,1.86665,0.04103,0.05638,-0.07098,0.0314,0.7418,0.09162,15.0,buy,0.10423,0.02778,0.28689,0.10231,0.07654,0.158,-0.444,7.53707,-23357.4967,2.18787,0.953,14429.1562,4800,3006.07421,0.00404,0.381,0.0747,191687.74638,1.0,48,Utilities — grid optimisation inside a regulated envelope,False
1394,AGROUP.ST,Arlandastad Group AB (publ),Stockholm,Real Estate,Real Estate - Development,Sweden,200.66958,35.0,SEK,38.8,37.2,41.8,26.5,55.7,29.7,41.1,10.9375,,50.649,10.622,0.48905,6.45397,0.09143,,-0.00665,0.0443,0.4844,1.28571,1.0,strong_buy,0.04473,0.00308,0.15372,-0.02247,0.56092,-0.022,1.033,20.91905,-136.41154,0.37245,0.868,31.09241,129,241.02641,0.80904,,0.4,22.04474,1.0,40,Real estate — asset returns dominate; admin automation marginal,False
1395,TOIVO.HE,Toivo Group Oyj,Helsinki,Real Estate,Real Estate - Diversified,Finland,55.39146,0.938,EUR,38.8,40.9,35.0,42.2,50.3,38.0,34.5,18.76,10.42222,17.713,1.961,0.7486,0.88803,0.0533,0.09595,-0.36318,0.032,0.0,0.27932,1.0,none,0.05076,0.02606,0.27134,0.09827,0.05844,0.058,,9.70365,-66.994,1.03035,2.452,62.376,54,1155.11111,0.84391,0.836,-0.02088,7.973,0.92,40,Real estate — asset returns dominate; admin automation marginal,False
1396,ELUX-B.ST,AB Electrolux (publ),Stockholm,Consumer Cyclical,"Furnishings, Fixtures & Appliances",Sweden,1749.07779,23.78,SEK,38.7,31.7,51.7,30.5,16.3,15.5,51.5,18.29231,2.35446,6.27,0.317,0.68804,0.15047,0.05467,0.42473,-0.16598,,0.0,0.6504,11.0,hold,0.04141,0.0148,0.16438,0.00667,0.00285,-0.093,,5.27657,-3100.57569,4.76791,0.935,11624.34904,39000,298.06023,0.00266,1.036,-0.58986,8153.66679,0.92,55,Furnishings — design tools and logistics,False
1397,MINEST.ST,Minesto AB (publ),Stockholm,Utilities,Utilities - Renewable,Sweden,51.15441,2.17,SEK,38.7,31.5,52.2,18.7,15.3,,57.2,,6.02778,-16.71,23.076,0.9053,25.31969,-0.07834,0.1659,,,0.0,,,none,-0.05533,-0.03191,0.1808,-1.25734,-1.46604,-0.108,,,4.53929,,,2.02034,36,56.12059,0.13329,0.95,-0.40138,236.22826,0.58,48,Utilities — grid optimisation inside a regulated envelope,False
1398,ELON.ST,Elon AB (publ),Stockholm,Consumer Cyclical,Specialty Retail,Sweden,23.53824,17.5,SEK,38.7,31.7,51.6,25.3,23.9,23.7,48.5,,,14.42,0.163,0.67145,0.05607,-0.31486,,0.58467,0.0643,0.6868,,,none,-0.17805,0.0092,0.16682,0.01719,-0.01765,-0.035,,9.44519,-44.74843,1.31629,1.203,419.83188,316,1328.5819,0.73012,0.655,-0.26471,7.88332,0.92,64,"Retail — inventory, pricing and service automation",False
1399,PSX,Phillips 66,USA,Energy,Oil & Gas Refining & Marketing,United States,72462.42039,206.86,USD,38.6,39.1,37.6,42.4,30.6,34.3,43.3,20.44071,11.48363,15.066,0.789,2.90722,0.6167,0.04892,0.08708,-0.01368,0.0246,0.4812,-0.04068,18.0,buy,0.14547,0.038,0.1252,0.00639,0.03066,0.069,-0.568,3.12131,-19198.68492,0.91385,1.132,117500.42128,12600,9325.43026,0.00217,0.681,0.64109,467019.20412,1.0,48,Oil & gas — commodity price dominates; ops optimisation real but capped,False
1400,SOLWERS.HE,Solwers Oyj,Helsinki,Industrials,Engineering & Construction,Finland,16.27281,1.6,EUR,38.6,24.3,65.1,27.7,31.4,28.6,13.6,,12.30769,27.322,0.536,0.39673,0.20198,-0.05625,0.08125,-0.2825,0.0118,0.5818,0.4375,2.0,none,-0.02227,0.00519,0.19657,0.01922,-0.01185,-0.003,,16.90582,-26.745,0.84638,1.321,80.567,716,112.52374,0.5681,0.923,-0.28889,7.976,0.92,66,"Engineering — design, tendering and site planning automate",False
1401,ARE,"Alexandria Real Estate Equities, Inc.",USA,Real Estate,REIT - Office,United States,7646.4589,50.22,USD,38.5,39.4,36.7,50.6,14.2,25.6,50.0,,-57.06818,13.351,8.478,0.54488,2.98681,-0.12485,-0.01752,0.16096,0.0573,6.8947,0.01553,14.0,hold,-0.04144,0.01001,0.6859,0.15891,-0.36141,-0.115,,6.69676,-10886.20211,0.66509,0.797,2560.07136,514,4980.68358,0.01381,1.183,-0.35837,90054.34254,0.92,38,REIT — financial asset; minimal AI operating leverage,False
1402,MNDRK.ST,MindArk PE AB,Stockholm,Technology,Software - Application,Sweden,1.09151,0.382,SEK,38.5,17.7,77.2,16.6,,,18.9,,0.63667,,,,,-0.10471,1.57068,,,0.0,,,none,,,0.0,0.0,0.0,,,,,,,,,,0.7418,,-0.75434,3.37225,0.25,92,Software economics — AI compounds both the product and dev productivity,False
1403,TENEO.ST,Teneo AI AB (publ),Stockholm,Technology,Software - Infrastructure,Sweden,2.66847,0.0597,SEK,38.4,14.1,83.4,11.0,3.5,1.9,31.0,,-0.66333,-9.335,3.286,-0.11706,0.30572,-3.35008,-1.50754,-1.04914,,0.0,,,none,,-0.30098,0.15265,-1.11561,-0.66771,-0.447,,,-26.01337,,0.108,8.72853,60,145.47544,0.56642,1.138,-0.90494,24.84102,0.67,92,Software economics — AI compounds both the product and dev productivity,False
1404,HCRTO1.ST,Hunter Capital RTO 1 AB (publ),Stockholm,Financial Services,Shell Companies,Sweden,2.59274,0.63,SEK,38.4,23.1,66.7,16.6,,,30.7,,,,,,,-0.0,,,,0.0,,,none,,,0.0,0.0,0.0,,,,,,,,,,,,-0.42466,1.36309,0.25,78,Financial Services sector default,False
1405,HCRTO2.ST,Hunter Capital RTO 2 AB (publ),Stockholm,Financial Services,Shell Companies,Sweden,1.33752,0.325,SEK,38.4,23.1,66.7,16.6,,,30.7,,,,,,,-0.0,,,,0.0,,,none,,,0.0,0.0,0.0,,,,,,,,,,0.9491,,-0.56782,0.58989,0.25,78,Financial Services sector default,False
1406,LUC.ST,Lucara Diamond Corp.,Stockholm,Basic Materials,Other Precious Metals & Mining,Canada,160.82156,1.19,SEK,38.3,36.0,42.6,29.5,6.4,47.7,57.4,2.42857,0.85612,6.27449,1.31804,0.45554,1.21791,0.41176,1.16807,-0.68057,,0.0,,,none,0.03425,0.01335,0.32674,-0.46516,0.07729,-0.281,,4.59456,-127.44489,0.96476,11.261,132.04666,,,0.30954,0.702,-0.23718,47.64448,0.92,42,Mining — commodity price dominates,False
1407,VTR,"Ventas, Inc.",USA,Real Estate,REIT - Healthcare Facilities,United States,40820.05965,96.1,USD,38.2,40.8,33.3,46.0,62.0,17.2,32.3,174.72726,113.50349,26.096,9.769,3.55913,7.64307,0.00572,0.00881,0.03174,0.0208,3.5636,0.01788,22.0,buy,0.0214,0.02212,0.40493,0.13771,0.0426,0.219,0.1,5.4811,-10958.41413,0.93736,0.206,5340.79534,542,9853.86594,0.00528,0.724,0.44642,368802.15697,1.0,38,REIT — financial asset; minimal AI operating leverage,False
1408,RROS.ST,Rottneros AB (publ),Stockholm,Basic Materials,Paper & Paper Products,Sweden,52.51544,2.17,SEK,38.2,37.2,40.2,18.0,22.5,64.0,55.9,,2.14852,-4.192,0.386,0.38966,0.23102,-0.93088,0.46544,0.07184,,0.0,,,none,-0.29684,-0.08939,0.23166,-0.11897,-0.18381,-0.047,,,-35.25853,0.2764,1.517,227.32237,278,817.70636,0.6592,0.257,-0.25812,25.52557,0.83,46,Paper — process/energy optimisation in a commodity market,False
1409,MANTEX.ST,Mantex AB (publ),Stockholm,Industrials,Specialty Industrial Machinery,Sweden,1.48277,7.54,SEK,38.2,21.4,69.3,23.1,2.5,19.1,33.1,,,-1.152,6.84,7.79731,6.76589,-1.36737,,-0.07668,,0.0,,,none,-1.68389,-0.37425,0.72695,-15.7193,0.0,-0.601,,,0.0939,,0.784,0.21915,6,36.52571,0.50295,0.582,-0.3386,1.47003,0.75,62,Machinery — predictive maintenance and embedded software,False
1410,ACRI-B.ST,Acrinova AB (publ),Stockholm,Real Estate,Real Estate - Diversified,Sweden,28.49133,7.22,SEK,38.1,38.3,37.7,51.4,1.3,48.5,42.6,11.64516,,16.142,5.438,0.56165,3.11371,0.08587,,-0.24803,0.5194,2.2581,,,none,0.04885,0.01261,0.55353,0.16638,0.3738,-0.663,-0.941,6.89999,-21.2706,0.71345,3.189,9.15027,5,1830.05384,0.57793,0.43,-0.43813,63.0854,1.0,40,Real estate — asset returns dominate; admin automation marginal,False
1411,SRV1V.HE,SRV Yhtiöt Oyj,Helsinki,Industrials,Engineering & Construction,Finland,90.18609,5.32,EUR,38.1,29.6,53.9,30.4,13.0,38.6,35.3,14.0,9.67273,30.056,0.266,0.76723,0.13169,0.07143,0.10338,-0.11086,,0.0,-0.01316,2.0,none,0.09107,0.00624,0.14014,-0.00213,0.02053,-0.129,,15.20806,-92.1,0.98704,2.806,684.84998,716,956.49439,0.29931,1.42,0.02308,35.96852,0.92,66,"Engineering — design, tendering and site planning automate",False
1412,SPOTR.ST,Spotr Group AB,Stockholm,Technology,Software - Application,Sweden,1.21261,9.35,SEK,38.1,12.4,85.9,8.0,1.3,54.9,3.7,,,,,76.01626,1.62656,-0.50802,,-1.64671,,0.0,,,none,-1.8004,-0.69406,0.21009,-5.35521,-1.54736,-0.753,,,,0.04622,0.768,0.7455,25,29.8202,0.52427,1.784,-0.67336,1.34155,0.75,92,Software economics — AI compounds both the product and dev productivity,False
1413,HONBS.HE,Honkarakenne Oyj,Helsinki,Consumer Cyclical,Residential Construction,Finland,15.78618,2.68,EUR,38.0,30.2,52.5,19.6,17.9,45.3,43.3,,10.72,-7.519,0.452,1.65126,0.42473,-0.26119,0.09328,-0.00879,,0.0,0.00746,1.0,none,-0.3545,-0.10293,0.29872,-0.05794,-0.11077,-0.079,,,-0.997,0.36252,0.909,37.168,159,233.76101,0.48744,0.919,-0.04965,9.0182,0.83,52,"Construction — planning automation, execution stays physical",False
1414,NEOBO.ST,Neobo Fastigheter AB (publ),Stockholm,Real Estate,Real Estate Services,Sweden,228.03091,17.94,SEK,37.9,37.4,38.7,56.5,32.6,10.7,31.7,33.22222,,21.381,9.926,0.39814,2.68497,0.0301,,-0.01381,,0.0,,,none,0.01229,0.01947,0.52935,0.5339,0.08218,0.0,,15.5977,-614.98495,1.09274,0.165,84.92865,82,1035.71527,0.36207,0.957,0.01242,634.59993,0.92,40,Real estate — asset returns dominate; admin automation marginal,False
1415,SPEONE.ST,SpectrumOne AB (publ),Stockholm,Technology,Software - Application,Sweden,6.29266,0.15,SEK,37.9,14.0,82.3,6.5,1.0,13.8,31.5,,5.0,-6.3,9.888,0.91463,12.68047,-2.06667,0.2,-0.373,,0.0,,,none,-0.86764,-0.10827,-0.39489,-4.20356,0.0,-0.811,,,0.1811,,0.658,0.49625,4,124.062,0.40396,0.928,-0.38525,7.36798,0.75,92,Software economics — AI compounds both the product and dev productivity,False
1416,AIRA.ST,AI Revenue Assistant Software Stockholm AB,Stockholm,Technology,Software - Application,Sweden,5.18912,3.4,SEK,37.8,16.6,77.2,16.6,,,16.5,,,,,,,-0.14412,,,,0.0,,,none,,,0.0,0.0,0.0,,,,,,,,,,0.55814,,-0.47692,75.25166,0.25,92,Software economics — AI compounds both the product and dev productivity,False
1417,MOBA.ST,M.O.B.A. Network AB,Stockholm,Technology,Software - Application,Sweden,2.59049,1.26,SEK,37.8,19.1,72.6,20.8,4.8,20.9,25.6,,0.54783,4.974,0.654,0.12323,0.12123,-1.8254,1.8254,-1.36753,,0.0,,,none,-0.19942,-0.03593,0.26293,-0.09805,-0.22726,-0.371,,4.05192,-11.38216,1.00366,0.51,21.36867,8,2671.08315,0.51642,0.153,-0.80763,9.98209,0.92,92,Software economics — AI compounds both the product and dev productivity,False
1418,INSP.ST,Insplorion AB (publ),Stockholm,Technology,Scientific & Technical Instruments,Sweden,0.83595,0.117,SEK,37.8,18.8,73.1,23.0,7.9,7.1,26.9,,-0.09669,-0.49,1.427,1.06364,1.64312,-2.82051,-10.34188,-1.14355,,0.0,,,none,-1.53327,-0.52946,0.7064,-2.55528,0.0,-0.219,,,0.11013,,0.416,0.50876,8,63.59452,0.39054,-2.053,-0.69531,8.92459,0.75,68,Instruments — measurement + software attach,False
1419,AEC.ST,Africa Energy Corp.,Stockholm,Energy,Oil & Gas E&P,Canada,50.81398,1.17,SEK,37.7,34.2,44.2,18.7,,92.1,23.4,,,,,1.44497,,-0.08547,,-0.0165,,0.0,,,none,-0.10643,-0.02908,0.0,0.0,0.0,,,,2.3852,,7.932,,6,,0.68716,0.627,0.13372,31.19865,0.58,48,Oil & gas — commodity price dominates; ops optimisation real but capped,False
1420,EFFH.ST,Effnetplattformen Holding AB (publ),Stockholm,Financial Services,Asset Management,Sweden,10.44478,8.5,SEK,37.7,21.3,68.2,16.6,,,26.7,,,,,,,-0.02235,,,,0.0,,,none,,,0.0,0.0,0.0,,,,,,,,,,0.54983,,1.26064,14.75683,0.25,80,Asset management — research and back-office automation,False
1421,WYLD.ST,Wyld Networks AB (publ),Stockholm,Technology,Information Technology Services,Sweden,5.93672,0.4,SEK,37.7,13.3,83.1,2.5,0.7,4.5,38.7,,,-0.083,-4.997,-0.88496,-146.52936,-0.025,,-0.13229,,0.0,,,none,,-1.88328,0.0,-92.15254,0.0,-0.883,,,0.01459,,0.272,-0.04052,20,-2.02578,0.01026,1.203,22.66864,292.03097,0.67,90,IT services — delivery is labor-hours that AI directly automates,False
1422,LOVE-B.ST,I Love Lund AB ser. B,Stockholm,Financial Services,Asset Management,Sweden,3.98196,102.0,SEK,37.7,21.3,68.2,16.6,,,26.8,,,,,,,-0.02225,,,,0.0,,,none,,,0.0,0.0,0.0,,,,,,,,,,,,0.07368,3.74429,0.25,80,Asset management — research and back-office automation,False
1423,SIN.ST,Solution International Nordics AB (publ),Stockholm,Consumer Defensive,Household & Personal Products,United Kingdom,13.56826,3.39,SEK,37.6,31.4,49.1,26.0,,45.3,30.7,30.81818,,30.226,1.26,-3.16527,1.2218,0.03245,,,,0.0,,,none,,,0.29091,-0.03256,-0.04853,,,0.91413,-0.42315,,0.925,11.10515,20,555.25762,0.98704,,1.42143,3.27207,0.5,55,Staples — marketing and supply-chain optimisation,False
1424,ADM,Archer-Daniels-Midland Company,USA,Consumer Defensive,Farm Products,United States,36171.23876,85.9,USD,37.4,36.0,39.9,29.7,34.3,43.3,40.8,38.34821,15.93343,20.375,0.642,1.81565,0.51375,0.02608,0.06276,0.03813,0.0242,0.9152,-0.13155,10.0,hold,0.04766,0.01669,0.06298,0.01274,0.01341,0.016,0.009,3.95156,-8765.83275,0.46128,1.311,70406.2424,40798,1725.72779,0.00661,0.609,0.58633,277204.22635,1.0,50,Agriculture — precision farming at the margin,False
1425,F,Ford Motor Company,USA,Consumer Cyclical,Auto Manufacturers,United States,49540.69373,14.23,USD,37.4,31.2,48.8,25.6,73.8,13.5,18.1,,7.78131,25.662,1.024,1.51399,0.29865,-0.10892,0.12851,-0.03964,0.0422,0.641,0.0577,20.0,hold,-0.14813,0.0034,0.07064,0.05743,-0.03216,0.064,4.308,18.17524,-120336.45525,4.25544,1.09,165881.56337,168000,987.39026,0.00289,1.828,0.25818,755111.0114,1.0,60,Autos — autonomy optionality against capital intensity,False
1426,SPAGO.ST,Spago Nanomedical AB (publ),Stockholm,Healthcare,Biotechnology,Sweden,7.96007,0.11,SEK,37.4,25.8,58.9,2.9,6.2,92.1,32.5,,,-1.784,10.687,2.97297,20.03235,-0.54545,,-0.18142,,0.0,1.40909,1.0,none,-1.0413,-0.544,-1.73312,-6.44486,0.0,-0.29,,,2.34963,,5.58,0.39736,5,79.47219,0.32101,1.301,-0.5941,5.76424,0.75,60,"Biotech — discovery upside, binary science risk dominates",False
1427,MERUS.HE,Merus Power Oyj,Helsinki,Industrials,Specialty Industrial Machinery,Finland,39.03574,4.75,EUR,37.3,26.9,56.7,30.0,30.5,42.0,13.3,,25.0,64.463,0.747,3.75197,0.69623,-0.02947,0.04,-0.14606,,0.0,-0.01053,1.0,none,-0.11187,0.00713,0.31086,0.0265,-0.01989,-0.006,,4.41538,-2.87,0.76031,1.76,56.067,146,384.02055,0.38282,0.611,-0.02062,37.2305,0.92,62,Machinery — predictive maintenance and embedded software,False
1428,STHLM.ST,Stockholm Treasury AB (publ),Stockholm,Financial Services,Asset Management,Sweden,0.7677,0.258,SEK,37.3,22.2,65.4,19.6,0.2,3.0,49.4,,,-9.06,0.517,3.58333,0.51838,-0.42636,,,,0.0,,,none,-0.17318,-0.04558,0.36006,-16.70833,-0.28796,-0.995,,,0.00172,,0.186,1.48095,1,1480.94904,0.39158,0.954,-0.4625,5.31402,0.67,80,Asset management — research and back-office automation,False
1429,CORE-B.ST,Corem Property Group AB (publ),Stockholm,Real Estate,Real Estate - Diversified,Sweden,256.38111,2.288,SEK,37.2,35.9,39.6,57.0,13.7,4.6,41.9,,4.48627,17.002,10.121,0.18722,0.86793,-1.0708,0.2229,0.18967,0.0524,0.0683,0.09266,1.0,hold,-0.15749,0.02199,0.63056,0.62262,-0.85609,-0.122,,15.5232,-2729.59061,1.97082,0.074,295.39219,266,1110.49696,0.48864,1.518,-0.47858,1414.25498,0.92,40,Real estate — asset returns dominate; admin automation marginal,False
1430,TRAIN-B.ST,Train Alliance AB (publ),Stockholm,Industrials,Engineering & Construction,Sweden,49.07737,6.84,SEK,37.2,28.0,54.4,36.7,3.7,51.2,22.3,,10.20895,11.037,4.559,0.38334,2.00775,-0.24269,0.09795,-0.56841,,0.0,,,none,0.0577,0.03229,0.35936,-0.34798,0.26631,-0.44,,6.1765,-62.35902,0.61505,3.641,24.44395,12,2036.99599,0.57407,0.511,-0.59286,27.8565,0.92,66,"Engineering — design, tendering and site planning automate",False
1431,SMOL.ST,Smoltek Nanotech Holding AB,Stockholm,Technology,Semiconductor Equipment & Materials,Sweden,41.03324,1.9,SEK,37.1,17.4,73.7,6.9,16.8,40.6,18.3,,,,87.24,5.35211,110.41736,-0.08947,,-0.07666,,0.0,,,none,-0.50913,-0.20897,0.0,-8.65196,0.0,-0.09,,,-1.23187,0.26004,0.44,0.37162,18,20.64553,0.33349,1.098,3.56731,685.28446,0.75,78,Semis — rides the AI capex cycle and design automation,False
1432,ONCOZ.ST,OncoZenge AB (publ),Stockholm,Healthcare,Biotechnology,Sweden,9.05806,6.1,SEK,37.0,19.5,69.6,24.9,,22.8,11.6,,-30.5,,1299.411,244.0,1407.5441,-0.30328,-0.03279,-0.12689,,0.0,0.88525,1.0,none,-4.466,-1.20163,1.0,-318.77466,0.0,,,,-0.59504,20.94972,1.256,0.00644,1,6.43536,0.45101,1.35,-0.1223,21.29373,0.67,60,"Biotech — discovery upside, binary science risk dominates",False
1433,BUY.ST,Sweden Buyersclub AB,Stockholm,Consumer Cyclical,Internet Retail,Sweden,7.48582,5.0,SEK,36.9,19.2,69.7,16.6,,,22.2,,,,,,,-0.064,,,,0.0,,,none,,,0.0,0.0,0.0,,,,,,,,,,0.52767,,0.71233,10.41985,0.25,82,"E-commerce — recommendation, logistics and support automation",False
1434,DICOT.ST,Dicot Pharma AB,Stockholm,Healthcare,Drug Manufacturers - Specialty & Generic,Sweden,57.37767,0.1825,SEK,36.8,27.2,54.7,10.3,,92.1,14.5,,,,,6.2931,,-0.21918,,-0.08377,,0.0,,,none,-0.9821,-0.53433,0.0,0.0,0.0,,,,5.09391,,5.718,,4,,0.06981,0.876,-0.74296,274.09289,0.58,62,Pharma — AI aids discovery but cycles are long and regulated,False
1435,HAYPP.ST,Haypp Group AB (publ),Stockholm,Consumer Defensive,Tobacco,Sweden,374.65469,132.8,SEK,36.7,35.4,39.2,29.1,40.2,62.8,26.0,255.38463,27.72443,51.277,1.026,5.97472,1.01577,0.00392,0.03607,0.02153,,0.0,0.21988,3.0,none,0.02443,0.01733,0.11339,0.01188,0.00408,0.192,-0.857,0.49251,-3.63335,0.2417,1.216,368.83844,282,1307.93773,0.50576,0.981,-0.15414,597.36461,1.0,48,Tobacco — limited AI surface,False
1436,IBT-B.ST,Infant Bacterial Therapeutics AB (publ),Stockholm,Healthcare,Biotechnology,Sweden,79.48936,65.1,SEK,36.5,27.5,53.2,12.0,,75.1,21.7,,,,,10.6199,,-0.08141,,-0.0403,,0.0,,,none,-0.60451,-0.26707,0.0,0.0,0.0,,,,11.9579,,2.233,,6,,0.17512,0.355,0.2191,60.19785,0.58,60,"Biotech — discovery upside, binary science risk dominates",False
1437,AIXIA-B.ST,Aixia Group AB ser. B,Stockholm,Technology,Information Technology Services,Sweden,10.05642,70.4,SEK,36.4,14.5,77.1,20.4,1.8,20.0,13.2,,,64.866,0.673,5.54374,0.60611,-0.05057,,,0.0179,0.0,,,none,-0.24534,-0.03128,0.12866,0.01079,-0.03059,-0.473,-0.965,6.44023,-1.10851,1.0767,0.829,16.59172,52,319.07158,0.57256,1.118,-0.53531,4.55602,0.92,90,IT services — delivery is labor-hours that AI directly automates,False
1438,BRIGHT.ST,BrightBid Group AB (publ),Stockholm,Communication Services,Internet Content & Information,Sweden,4.2894,0.407,SEK,36.4,13.2,79.6,4.8,8.8,9.6,27.6,,-0.68983,-0.587,1.165,1.42807,1.34926,-3.34152,-1.44963,-0.50857,,0.0,,,none,-1.24968,-0.5,-0.04251,-0.78725,-1.93824,-0.199,,,0.58625,,0.517,3.17907,28,113.53817,0.69842,1.201,0.05577,2.5505,0.75,88,"Digital platform — data-rich, AI-native product surface",False
1439,ECOUP.HE,EcoUp Oyj,Helsinki,Industrials,Waste Management,Finland,12.97612,1.165,EUR,36.4,24.5,58.5,33.1,13.0,38.5,15.2,,-116.5,19.276,0.522,0.73363,0.44268,-0.28326,-0.00858,-0.13918,,0.0,-0.14163,1.0,none,-0.18925,-0.05472,0.65052,-0.011,-0.10139,-0.13,,6.14349,-4.877,0.45733,1.227,29.31235,176,166.54745,0.81762,0.536,-0.28528,2.35913,0.92,52,Waste — route and sorting automation,False
1440,BG,Bunge Global SA,USA,Consumer Defensive,Farm Products,United States,20197.54956,119.15,USD,36.3,34.5,39.6,31.5,49.2,34.3,28.4,31.35526,10.68351,17.584,0.488,1.44075,0.287,0.03189,0.0936,-0.29534,0.0242,0.7368,0.18711,9.0,buy,0.04933,0.02379,0.04442,0.01235,0.00848,0.878,-0.764,6.5949,-12872.22242,0.94032,1.599,70373.91264,34000,2069.82096,0.18188,0.639,0.60493,171873.94463,1.0,50,Agriculture — precision farming at the margin,False
1441,ABSL-B.ST,Absolicon Solar Collector AB,Stockholm,Technology,Solar,Sweden,4.70374,3.72,SEK,36.3,25.6,56.1,6.0,4.2,82.8,34.2,,,-3.113,24.461,1.34978,40.35411,-0.83602,,-0.10695,,0.0,,,none,-0.36987,-0.19903,-0.32582,-27.88618,0.0,-0.394,,,-0.13251,0.06648,2.404,0.11656,12,9.71347,0.0,-1.313,0.14815,16.7243,0.83,55,Solar — manufacturing automation and grid software,False
1442,HEXI.ST,Hexicon AB (publ),Stockholm,Industrials,Engineering & Construction,Sweden,4.20427,0.1275,SEK,36.2,21.5,63.4,37.6,0.8,46.6,4.1,,0.17708,26.617,10.013,-0.06815,0.5151,-10.82353,5.64706,-3.39774,,0.0,,,none,,0.00636,0.71927,-18.71429,0.0,-0.875,,25.26863,-77.5869,,7.462,8.16212,18,453.45133,0.40075,0.901,-0.28969,7.70247,0.75,66,"Engineering — design, tendering and site planning automate",False
1443,TRANS.ST,Transtema Group AB,Stockholm,Communication Services,Telecom Services,Sweden,18.05222,3.93,SEK,36.1,18.0,69.8,28.2,17.3,19.9,5.7,,2.48734,34.647,0.269,0.41965,0.07811,-0.76845,0.40204,-0.33953,,0.0,1.01018,1.0,none,-0.32206,-0.0365,0.50711,-0.03117,-0.05973,-0.084,,26.11818,-46.8517,1.29291,1.124,231.12504,1210,191.01243,0.53544,0.812,-0.75529,19.00065,0.92,70,"Telecom — network ops and service automation, capital-heavy core",False
1444,EAGLE.HE,Eagle Filters Group Oyj,Helsinki,Industrials,Specialty Industrial Machinery,Finland,18.7716,0.0686,EUR,36.1,20.4,65.4,16.5,2.2,12.6,41.0,,,-8.0,6.976,-68.6,6.0534,-0.29155,,-0.04284,,0.0,,,none,-5.14847,-0.20277,0.41503,-1.24589,-1.53434,-0.63,,,-5.449,,0.629,3.101,52,59.63462,0.52555,0.361,-0.03107,17.97931,0.75,62,Machinery — predictive maintenance and embedded software,False
1445,WY,Weyerhaeuser Company,USA,Real Estate,REIT - Specialty,United States,15428.08615,24.49,USD,36.0,36.8,34.4,34.5,55.4,37.8,26.6,43.73214,37.19284,32.677,3.32,1.87075,2.57073,0.02287,0.02689,-0.0026,0.0343,1.5,0.26953,11.0,buy,0.04161,0.00721,0.14675,0.08975,0.0578,-0.02,0.966,7.37822,-4499.55507,0.57729,1.418,6001.44564,9517,630.60267,0.0033,0.911,-0.02236,117012.48844,1.0,38,REIT — financial asset; minimal AI operating leverage,False
1446,SYNACT.ST,SynAct Pharma AB,Stockholm,Healthcare,Biotechnology,Sweden,99.88775,19.68,SEK,36.0,26.8,53.2,11.7,,95.1,10.2,,-11.05618,,,5.40511,,-2.52337,-0.09045,-0.06009,,0.0,0.77846,2.0,none,-0.59555,-0.32477,0.0,0.0,0.0,,,,5.86533,0.00553,5.735,,8,,0.29874,0.769,-0.05612,792.21489,0.67,60,"Biotech — discovery upside, binary science risk dominates",False
1447,ORX.ST,Orexo AB (publ),Stockholm,Healthcare,Drug Manufacturers - Specialty & Generic,Sweden,49.28642,15.48,SEK,36.0,21.9,62.1,2.8,0.4,77.1,30.9,,-3.61682,-0.708,-2.852,1.4909,-5.61163,-0.78553,-0.27649,-0.21089,,0.0,0.71189,1.0,strong_buy,-12.93674,-0.51324,0.0,-29.48571,0.0,-0.97,,,24.20059,0.03649,1.652,-8.78291,74,-118.68797,0.18888,,-0.1971,57.4369,0.83,62,Pharma — AI aids discovery but cycles are long and regulated,False
1448,INIT.ST,Initiator Pharma A/S,Stockholm,Healthcare,Biotechnology,Denmark,15.69737,2.53,SEK,35.9,26.6,53.2,11.1,,89.8,13.1,,-3.89231,,,6.51808,,-0.19763,-0.25692,-0.12912,,0.0,2.21687,2.0,none,-0.61753,-0.45537,0.0,0.0,0.0,,,,3.22333,0.07273,25.768,,1,,0.0,0.103,-0.25148,29.12181,0.67,60,"Biotech — discovery upside, binary science risk dominates",False
1449,PROGEN.ST,Prostatype Genomics AB (publ),Stockholm,Healthcare,Diagnostics & Research,Sweden,2.55925,0.1815,SEK,35.9,17.0,70.9,3.4,7.0,42.5,26.9,,-1.815,-0.19,11.742,0.40513,47.53479,-2.75482,-0.55096,-0.89131,,0.0,,,none,-1.48348,-0.52431,0.0,-54.23276,0.0,-0.258,,,0.34153,0.19978,0.437,0.05384,7,7.69136,0.28844,1.489,-0.81442,10.52067,0.83,74,Diagnostics — imaging and lab interpretation are AI-tractable,False
1450,HRTIS.HE,Herantis Pharma Oyj,Helsinki,Healthcare,Biotechnology,Finland,44.79145,1.69,EUR,35.8,26.5,53.2,11.1,,83.5,16.0,,-9.38889,,,-24.14286,,-0.16568,-0.10651,-0.07604,,0.0,0.30178,1.0,none,,-1.52571,0.0,0.0,0.0,,,,2.52772,,2.923,,13,,0.24994,0.627,0.03681,42.37844,0.5,60,"Biotech — discovery upside, binary science risk dominates",False
1451,DMXSE-SDB.ST,District Metals Corporation,Stockholm,Basic Materials,Other Industrial Metals & Mining,Canada,70.64094,4.085,SEK,35.7,32.8,41.2,15.5,,92.1,23.4,,,,,4.27128,,-0.05141,,-0.03596,,0.0,,,none,-0.21301,-0.14003,0.0,0.0,0.0,,,,5.3894,,29.761,,,,0.0,1.242,-0.29847,49.01464,0.58,44,Mining/metals — process optimisation at the margin,False
1452,ISOFOL.ST,Isofol Medical AB (publ),Stockholm,Healthcare,Biotechnology,Sweden,21.20578,0.73,SEK,35.7,26.3,53.2,11.3,,92.1,10.8,,-14.6,,,2.21212,,-0.30137,-0.06849,-0.15358,,0.0,3.93151,2.0,none,-0.70741,-0.36308,0.0,0.0,0.0,,,,10.03744,,5.566,,6,,0.20279,1.011,-0.22175,34.27453,0.58,60,"Biotech — discovery upside, binary science risk dominates",False
1453,ALM-PREF.ST,ALM Equity AB (publ),Stockholm,Real Estate,Real Estate - Diversified,Sweden,256.11084,88.3,SEK,35.6,37.3,32.5,17.9,9.4,62.5,66.1,,,-16.453,2.617,0.89272,3.40436,-0.07905,,0.09697,0.0951,0.0228,,,none,-0.00677,-0.01878,-0.04217,-0.109,0.01446,-0.182,,,-57.91825,0.57237,2.198,75.23029,69,1090.29405,0.0595,,0.06643,171.04899,0.83,40,Real estate — asset returns dominate; admin automation marginal,False
1454,MAGLE.ST,Magle Chemoswed Holding AB (publ),Stockholm,Healthcare,Biotechnology,Sweden,1.87164,1.0,SEK,35.6,19.3,65.8,32.1,10.1,31.2,4.6,,0.41667,,,0.07381,0.07557,-13.23,2.4,-0.18688,,0.0,2.0,1.0,strong_buy,-0.43557,-0.09948,0.80218,-0.25895,-0.66139,-0.172,,,,1.27305,1.184,24.76708,150,165.11386,0.27417,0.522,-0.96124,2.69379,0.75,60,"Biotech — discovery upside, binary science risk dominates",False
1455,EATG.ST,EatGood Sweden AB (Publ),Stockholm,Technology,Consumer Electronics,Sweden,0.5985,0.17,SEK,35.6,20.3,63.9,3.7,12.6,45.4,32.1,,,-1.234,2.871,3.4,3.25758,-1.05882,,-0.12769,,0.0,,,none,-2.36983,-0.39341,-2.29748,-1.1405,-2.41835,-0.135,,,-0.10632,0.97078,1.615,0.18373,4,45.93126,0.46773,-1.063,-0.61009,2.18315,0.83,66,Consumer electronics — on-device AI features,False
1456,LYB,LyondellBasell Industries N.V.,USA,Basic Materials,Specialty Chemicals,Netherlands,16686.9496,59.17,USD,35.5,30.9,44.1,27.7,17.4,30.7,43.6,,8.84692,13.922,1.042,1.90221,0.64365,-0.03583,0.11303,0.05168,0.0696,11.4681,0.14724,17.0,hold,-0.06009,0.01744,0.09227,0.03474,-0.02686,-0.063,-0.295,5.26655,-10219.66936,1.4124,1.538,25925.30169,18970,1366.64743,0.2015,0.362,-0.05555,284029.05566,1.0,55,Chemicals — formulation R&D and process control,False
1457,SERV.ST,Servana AB,Stockholm,Healthcare,Medical Instruments & Supplies,Sweden,2.89334,0.0044,SEK,35.2,23.1,57.7,16.6,,,30.7,,,,,,,0.0,,,,0.0,,,none,,,0.0,0.0,0.0,,,,,,,,,,0.10283,,0.1,13.57391,0.25,66,Instruments — software layer increasingly the differentiator,False
1458,SBB-B.ST,Samhällsbyggnadsbolaget i Norden AB (publ),Stockholm,Real Estate,Real Estate Services,Sweden,557.84647,3.153,SEK,35.0,31.9,40.7,56.9,34.1,7.7,13.5,,6.43469,62.757,25.953,0.47823,3.28421,-0.06026,0.15541,-0.09406,,0.0,0.06248,1.0,none,0.02684,0.0063,0.6206,0.49688,-2.0619,0.004,,48.35613,-3396.78368,1.56138,0.445,169.8573,228,744.98818,0.30081,2.528,-0.40711,3928.44665,0.92,40,Real estate — asset returns dominate; admin automation marginal,False
1459,SES.ST,Scandinavian Enviro Systems AB (publ),Stockholm,Industrials,Waste Management,Sweden,18.85086,0.1898,SEK,35.0,26.0,51.7,4.2,32.0,64.3,28.3,,-3.796,-2.081,5.487,1.42707,6.5989,-2.21286,-0.26344,-1.1333,,0.0,7.42993,1.0,none,-1.66396,-0.21142,-1.13567,-3.04936,0.0,-0.002,,,3.17517,,1.754,2.85667,20,142.83332,0.18204,-0.261,-0.74861,148.72265,0.75,52,Waste — route and sorting automation,False
1460,WEG.ST,Windon Energy Group AB,Stockholm,Technology,Solar,Sweden,9.60702,0.615,SEK,35.0,25.4,52.9,14.2,3.7,58.4,36.3,,,-1.316,0.732,0.33699,7.07559,-1.41463,,-0.01918,,0.0,,,none,-0.31709,-0.17119,0.20981,-0.95455,-0.78077,-0.44,,,0.02257,,1.583,1.35777,5,271.55415,0.04626,0.552,-0.71262,7.01268,0.75,55,Solar — manufacturing automation and grid software,False
1461,MAXENT-B.ST,Maximum Entertainment AB,Stockholm,Communication Services,Electronic Gaming & Multimedia,Sweden,1.25079,0.27,SEK,35.0,15.8,70.7,17.9,6.3,2.9,26.2,,,-0.33863,0.10269,-0.02185,0.02166,-69.88889,,-5.2052,,0.0,,,none,,-0.2079,0.25774,-0.12124,-1.5006,-0.287,,,-51.648,,0.175,57.741,92,627.61957,0.61921,0.781,0.10204,4.03853,0.67,85,Gaming — content pipelines and live-ops are AI-automatable,False
1462,LGOLD-B.ST,Lappland Guldprospektering AB (publ),Stockholm,Basic Materials,Gold,Sweden,18.13022,158.4,SEK,34.9,32.3,39.7,14.9,,92.1,22.8,,,,,4.66376,,-0.04653,,-0.05048,,0.0,,,none,-0.25921,-0.15976,0.0,0.0,0.0,,,,2.68599,,34.219,,1,,0.59414,,0.52896,21.85166,0.58,42,Mining — commodity price dominates,False
1463,UPGRAD.ST,Upgrade Invest Nordic AB,Stockholm,Financial Services,Asset Management,Sweden,0.53622,2.9,SEK,34.9,17.0,68.2,16.6,,,17.4,,,,,,,-0.12759,,,,0.0,,,none,,,0.0,0.0,0.0,,,,,,,,,,,,-0.275,0.5378,0.25,80,Asset management — research and back-office automation,False
1464,ZENZIP-B.ST,Zenergy AB (publ),Stockholm,Industrials,Building Products & Equipment,Sweden,0.6404,0.0914,SEK,34.8,26.2,50.9,4.2,4.0,40.4,59.5,0.19447,,-0.23,0.329,1.03864,0.46264,5.14223,,-1.46492,,0.0,,,none,-3.50618,-0.29381,-0.0935,-1.43937,-1.6523,-0.419,,,0.18527,0.48131,0.886,1.38424,6,230.70622,,-9.838,-0.7489,3.95293,0.83,54,Building products — configure-to-order automation,False
1465,BTC-B.ST,B Treasury Capital AB (publ),Stockholm,Financial Services,Capital Markets,Sweden,7.1434,101.0,SEK,34.7,16.6,68.2,16.6,,,,,,,,,,,,,,,,,none,,,0.0,0.0,0.0,,,,,,,,,,0.28403,,-0.72404,7.23208,0.17,80,"Capital markets — research, ops and compliance are text-heavy",False
1466,APRTEC.ST,APR Technologies AB,Stockholm,Technology,Electronic Components,Sweden,60.90321,24.3,SEK,34.6,21.4,59.2,16.6,,,26.9,,,,,,,-0.02016,,,,0.0,,,none,,,0.0,0.0,0.0,,,,,,,,,,0.76234,,0.62,67.18143,0.25,68,Components — factory automation and quality inspection,False
1467,HIGHCO-B.ST,High Coast Distillery AB (Publ),Stockholm,Consumer Defensive,Beverages - Wineries & Distilleries,Sweden,14.7826,28.4,SEK,34.6,26.6,49.4,16.6,,,38.3,57.95918,,,,,,0.01725,,,,0.0,,,none,,,0.0,0.0,0.0,,,,,,,,,,0.51964,,-0.47407,1.6423,0.25,55,Consumer staples — demand forecasting and trade-spend optimisation,False
1468,QBIM.ST,QBIM AB,Stockholm,Technology,Software - Application,Sweden,1.14241,0.192,SEK,34.6,11.6,77.2,16.6,,,5.7,,,,,,,-0.625,,,,0.0,,,none,,,0.0,0.0,0.0,,,,,,,,,,0.65379,,-0.16522,4.02842,0.25,92,Software economics — AI compounds both the product and dev productivity,False
1469,GUARD.ST,Guard Therapeutics International AB (publ),Stockholm,Healthcare,Biotechnology,Sweden,3.01615,1.65,SEK,34.5,24.4,53.2,9.1,,92.1,8.5,,-0.20471,,,0.9106,,-2.16364,-4.88485,-0.08586,,0.0,,,none,-1.72667,-0.86456,0.0,0.0,0.0,,,,3.71574,,7.13,,12,,0.28672,-0.177,-0.91361,6.23671,0.58,60,"Biotech — discovery upside, binary science risk dominates",False
1470,GIGA.ST,Gigasun AB (publ),Stockholm,Technology,Solar,Sweden,11.76835,2.27,SEK,34.4,24.7,52.3,39.1,10.7,6.5,26.3,,,9.603,7.219,0.26568,0.65938,-0.10573,,-0.92569,,0.0,,,none,-0.02779,0.01549,0.71343,-0.30245,-0.0701,-0.164,,8.72586,-117.07891,2.65943,0.279,17.84762,20,892.38075,0.70798,0.025,-0.17754,3.21793,0.92,55,Solar — manufacturing automation and grid software,False
1471,GSKR-SDB.ST,Goldsky Resources Corp.,Stockholm,Basic Materials,Other Precious Metals & Mining,Canada,319.37086,19.0,SEK,34.3,31.4,39.7,12.2,,95.6,21.8,,,,,2.86753,,-0.15895,,-0.01132,,0.0,,,none,-0.50796,-0.30532,0.0,0.0,0.0,,,,53.55031,0.00208,32.14,,,,,1.341,0.81298,10.39139,0.67,42,Mining — commodity price dominates,False
1472,UMIDA-B.ST,Umida Group AB ser. B,Stockholm,Consumer Defensive,Beverages - Wineries & Distilleries,Sweden,3.40609,0.848,SEK,34.3,26.5,48.7,19.8,11.1,23.1,46.4,,,-12.28,0.548,7.85185,0.47967,-0.1533,,-0.00152,,0.0,,,none,-0.83242,-0.1151,0.3788,-0.14656,-0.09084,-0.158,,,-0.37878,1.11089,0.81,7.10092,9,788.99151,0.41726,0.353,-0.38327,7.9419,0.83,55,Consumer staples — demand forecasting and trade-spend optimisation,False
1473,HFRTO-B.ST,HF Reverse (RTO) AB,Stockholm,Financial Services,Shell Companies,Sweden,0.94909,10.6,SEK,34.1,16.6,66.7,16.6,,,,,,,,,,,,,,,,,none,,,0.0,0.0,0.0,,,,,,,,,,0.0,,0.51429,0.20176,0.17,78,Financial Services sector default,False
1474,PVRTO2-B.ST,PVRTO2-B.ST,Stockholm,Financial Services,Shell Companies,Sweden,,4.14,SEK,34.1,16.6,66.7,16.6,,,,,,,,,,,,,,,,,none,,,0.0,0.0,0.0,,,,,,,,,,,,7.18182,25.05098,0.17,78,Financial Services sector default,False
1475,MODTX.ST,Modus Therapeutics Holding AB (publ),Stockholm,Healthcare,Biotechnology,Sweden,4.94649,0.367,SEK,34.0,23.6,53.2,8.5,,92.1,6.9,,-0.367,,,7.64583,,-0.6812,-2.7248,-0.21607,,0.0,,,none,-7.43886,-1.67511,0.0,0.0,0.0,,,,0.6284,,3.884,,2,,0.76822,0.389,-0.70522,32.27636,0.58,60,"Biotech — discovery upside, binary science risk dominates",False
1476,BRAVE.ST,Kinda Brave Entertainment Group,Stockholm,Communication Services,Electronic Gaming & Multimedia,Sweden,10.34289,2.33,SEK,33.9,13.4,71.9,16.6,,,9.7,,,,,,,-0.34764,,,,0.0,,,none,,,0.0,0.0,0.0,,,,,,,,,,0.26841,,1.0991,86.75566,0.25,85,Gaming — content pipelines and live-ops are AI-automatable,False
1477,NRG,"NRG Energy, Inc.",USA,Utilities,Utilities - Independent Power Producers,United States,23799.99263,129.11,USD,33.8,30.9,39.2,35.7,40.5,10.3,29.1,143.45557,11.24027,22.618,1.577,6.5033,0.84117,0.00697,0.08897,0.01584,0.0147,1.9725,0.53631,17.0,buy,0.06248,0.02245,0.16446,0.03637,0.00738,0.195,-0.856,10.26572,-20252.36581,4.79237,0.838,28293.90162,16702,1694.04273,0.04411,1.201,-0.15232,304530.40337,1.0,48,Utilities — grid optimisation inside a regulated envelope,False
1478,OUT1V.HE,Outokumpu Oyj,Helsinki,Basic Materials,Steel,Finland,2573.72237,5.46,EUR,33.8,30.7,39.5,22.4,22.2,51.9,35.3,,10.17025,55.191,0.522,0.7576,0.47706,-0.05128,0.09833,0.07693,0.0256,0.2688,0.03397,11.0,buy,-0.03544,-0.01325,0.03689,0.00138,-0.02317,-0.048,,4.72549,-241.0,0.18222,1.556,5394.99981,8172,660.18108,0.2196,1.474,0.50829,6110.95212,0.92,46,Steel — process and energy optimisation,False
1479,2CUREX.ST,2cureX AB (publ),Stockholm,Healthcare,Biotechnology,Sweden,4.18655,1.84,SEK,33.8,19.5,60.3,2.9,2.1,55.9,32.4,,,-1.022,14.808,11.64557,23.37519,-0.22826,,-0.38907,,0.0,,,none,-1.74784,-0.97986,0.0,-19.244,0.0,-0.631,,,0.28361,,1.511,0.1791,14,12.79303,0.51231,3.038,-0.40453,13.81052,0.75,60,"Biotech — discovery upside, binary science risk dominates",False
1480,LYKO-A.ST,Lyko Group AB (publ),Stockholm,Consumer Defensive,Household & Personal Products,Sweden,117.95303,85.0,SEK,32.9,22.2,52.9,31.8,22.5,10.0,17.0,,25.67976,35.495,0.655,2.85072,0.33193,-0.01459,0.03894,,,0.0,0.01765,4.0,buy,-0.08128,,0.42116,-0.00674,-0.00941,-0.047,,20.52282,-134.49,3.38779,0.883,355.35889,927,383.34292,0.69048,1.362,-0.41621,59.13055,0.75,55,Staples — marketing and supply-chain optimisation,False
1481,ORIOLA.HE,Oriola Oyj,Helsinki,Healthcare,Pharmaceutical Retailers,Finland,170.61098,0.926,EUR,32.8,23.2,50.7,22.3,0.6,49.9,25.9,,8.41818,12.432,0.059,1.8483,0.11657,-0.14039,0.11879,-0.07774,0.108,2.0,0.06911,3.0,buy,-0.19136,0.00263,0.11499,0.01154,-0.01332,-0.895,,-5.01449,34.6,0.87542,0.77,1463.6,833,1757.02281,0.32092,,-0.17321,127.43982,0.92,64,Pharmacy — inventory and advice workflows,False
1482,QLIFE.ST,Qlife Holding AB (publ),Stockholm,Healthcare,Medical Devices,Sweden,5.69485,1.986,SEK,32.8,15.9,64.3,0.4,1.0,39.6,32.0,,-11.03333,-2.94,229.532,27.20548,267.36218,-1.18832,-0.09063,-0.17734,,0.0,,,none,-26.86996,-0.93446,-1.9234,-277.14285,0.0,-0.809,,,-0.18871,4.5748,2.314,0.0213,3,7.10005,0.0,0.608,-0.47599,13.58689,0.83,66,Devices — embedded intelligence differentiates hardware,False
1483,METSB.HE,Metsä Board Oyj,Helsinki,Consumer Cyclical,Packaging & Containers,Finland,974.5369,2.744,EUR,32.7,26.5,44.1,21.5,9.5,42.2,35.8,,10.55385,222.385,0.891,0.66943,0.57403,-0.16764,0.09475,0.16741,0.0262,0.0,0.07872,5.0,hold,-0.09734,-0.02051,0.19909,-0.05004,-0.09678,-0.181,,50.19118,-341.30003,0.36279,1.646,1697.69997,1855,915.20214,0.53608,0.346,-0.13981,848.61767,0.92,52,Packaging — plant automation and design,False
1484,CLIME-B.ST,Climeon AB (publ),Stockholm,Utilities,Utilities - Renewable,Sweden,14.51117,2.54,SEK,32.7,23.2,50.3,4.9,3.8,73.3,32.3,,-12.7,-1.49,6.606,0.91268,7.13707,-1.00787,-0.07874,-0.13671,,0.0,,,none,-0.58345,-0.26501,-0.17448,-8.90701,0.0,-0.433,,,1.07996,,2.16,2.03321,37,54.95167,0.24235,2.041,-0.39466,22.91707,0.75,48,Utilities — grid optimisation inside a regulated envelope,False
1485,ORGC.ST,OrganoClick AB (publ),Stockholm,Basic Materials,Specialty Chemicals,Sweden,6.90842,0.416,SEK,32.7,21.4,53.6,18.4,7.6,6.3,41.5,,-20.8,-7.161,1.272,3.25,0.77648,-0.81731,-0.04808,-0.00181,,0.0,3.80769,1.0,none,-1.36504,-0.08826,0.20542,0.01169,-0.35168,-0.227,,,-6.74181,4.12646,0.504,8.89711,37,240.46256,0.75516,0.757,-0.75529,2.58277,0.83,55,Chemicals — formulation R&D and process control,False
1486,DOXA.ST,Doxa AB (publ),Stockholm,Real Estate,Real Estate - Development,Sweden,42.95871,0.361,SEK,32.4,25.6,45.1,17.1,6.4,47.6,37.4,,,218.445,42.254,0.23734,17.29761,-0.24931,,1.65322,,0.0,,,none,-0.0602,-0.0141,0.12409,-2.42857,0.0,-0.284,,129.01887,-61.97888,0.35999,2.402,2.48351,26,95.51946,0.6587,0.403,-0.17955,27.88869,0.92,40,Real estate — asset returns dominate; admin automation marginal,False
1487,ATORX.ST,Alligator Bioscience AB (publ),Stockholm,Healthcare,Biotechnology,Sweden,10.58915,0.186,SEK,32.4,17.3,60.5,3.1,1.6,51.1,27.3,,-2.325,-1.399,223.521,2.81818,224.669,-7.15054,-0.43011,-1.61783,,0.0,0.6129,1.0,none,,-0.62919,0.0,-182.15306,0.0,-0.693,,,0.05411,0.7845,1.757,0.04713,11,4.28475,0.16451,1.267,-0.96629,123.12193,0.75,60,"Biotech — discovery upside, binary science risk dominates",False
1488,ECHO,EchoStar Corporation,USA,Communication Services,Telecom Services,United States,23295.32605,92.0,USD,32.3,18.6,57.8,28.1,21.6,3.2,13.3,,-807.0175,34.29,3.677,4.72619,1.80121,-0.54576,-0.00124,-0.01717,,0.0,0.47464,6.0,strong_buy,-1.12284,0.00397,0.27082,0.08908,-0.97559,-0.052,,17.46513,-24224.13779,5.1506,0.302,12933.13662,12100,1068.85427,0.13111,1.004,2.24744,675981.66069,0.92,70,"Telecom — network ops and service automation, capital-heavy core",False
1489,PRPORT.ST,Proport Invest AB,Stockholm,Financial Services,Asset Management,Sweden,,2.64,SEK,32.0,12.5,68.2,16.6,,,7.7,,,,,,,-0.46212,,,,0.0,,,none,,,0.0,0.0,0.0,,,,,,,,,,,,-0.52,16.21407,0.25,80,Asset management — research and back-office automation,False
1490,ARP.ST,Arctic Paper S.A.,Stockholm,Basic Materials,Paper & Paper Products,Sweden,97.3175,15.496,SEK,31.8,25.6,43.2,19.7,29.1,67.2,9.3,,,,,0.29415,,-0.26071,,-0.28143,,0.0,1.09732,2.0,strong_buy,-0.10697,-0.04055,0.05802,0.0,-0.03376,-0.011,,,,0.17878,1.492,,1500,,0.68264,-0.201,-0.50333,26.46576,0.75,46,Paper — process/energy optimisation in a commodity market,False
1491,GABA.ST,Gabather AB (publ),Stockholm,Healthcare,Drug Manufacturers - Specialty & Generic,Sweden,1.82603,0.033,SEK,31.6,19.1,54.7,9.4,,61.7,9.2,,,,,6.6,,-0.30303,,-0.23854,,0.0,,,none,-3.36859,-0.51335,0.0,0.0,0.0,,,,0.54719,,1.66,,2,,0.1124,-0.765,-0.28261,20.1645,0.58,62,Pharma — AI aids discovery but cycles are long and regulated,False
1492,BIOSGN.ST,Biosergen AB (publ),Stockholm,Healthcare,Biotechnology,Sweden,1.28769,6.05,SEK,31.1,19.2,53.2,9.7,,78.0,0.9,,-302.50003,,,1.20783,,-2.67603,-0.00331,-1.58916,,0.0,,,none,-1.26771,-0.65269,0.0,0.0,0.0,,,,1.39285,,2.459,,1,,0.57554,-0.018,-0.88498,2.10353,0.58,60,"Biotech — discovery upside, binary science risk dominates",False
1493,DOW,Dow Inc.,USA,Basic Materials,Chemicals,United States,18840.97753,29.92,USD,31.0,24.7,42.8,21.4,20.6,35.4,25.9,,15.41386,14.528,0.976,1.41419,0.54828,-0.13369,0.06488,-0.03134,0.0468,7.0,0.23454,16.0,buy,-0.15262,-0.00135,0.06255,0.0001,-0.07244,-0.061,,5.79296,-13371.97838,1.17133,1.848,34363.49598,34600,993.16462,0.00236,0.435,0.05389,314065.84627,0.92,52,Chemicals — process optimisation,False
1494,BIOF.ST,Biofrigas Sweden AB,Stockholm,Basic Materials,Chemicals,Sweden,1.42706,0.1695,SEK,30.9,18.3,54.2,6.7,5.5,37.2,30.8,,,-1.884,44.973,0.90642,33.51467,-0.58997,,-0.38848,,0.0,,,none,-0.59717,-0.25769,0.0,-3.45347,0.0,-0.33,,,-0.48791,0.34284,0.424,0.04258,2,21.29008,0.08422,0.068,-0.37222,4.9538,0.83,52,Chemicals — process optimisation,False
1495,BOHO.ST,Boho Group AB (publ),Stockholm,Consumer Cyclical,Lodging,Sweden,40.68623,7.78,SEK,30.8,15.9,58.5,16.7,4.7,35.8,12.6,,,90.507,6.242,3.34336,4.28995,-0.11825,,-0.06707,,0.0,,,none,-0.18717,-0.00558,0.12224,-0.67784,-0.2691,-0.377,,28.30913,-18.51816,1.55815,3.087,9.48409,95,99.83255,0.6235,0.583,-0.00765,12.33414,0.92,58,Lodging — revenue management and service automation,False
1496,BONAV-B.ST,Bonava AB (publ),Stockholm,Consumer Cyclical,Residential Construction,Sweden,281.60199,9.66,SEK,30.7,23.3,44.4,30.9,10.0,38.4,15.6,,43.90909,21.972,1.188,0.44731,0.44806,-0.02899,0.02277,-0.4402,,0.0,0.68219,4.0,buy,-0.01298,0.01287,0.13859,0.06278,-0.01284,-0.173,,13.67467,-464.79627,0.78096,2.167,628.49017,909,691.40832,0.1679,,-0.19231,329.94523,0.92,52,"Construction — planning automation, execution stays physical",False
1497,MRSELL.ST,mResell Group AB,Stockholm,Consumer Cyclical,Specialty Retail,Sweden,8.34413,1.68,SEK,30.6,16.8,56.2,16.6,,,17.0,,,,,,,-0.1369,,,,0.0,,,none,,,0.0,0.0,0.0,,,,,,,,,,0.72244,,-0.33858,10.15618,0.25,64,"Retail — inventory, pricing and service automation",False
1498,CIRCHE.ST,CirChem AB (publ),Stockholm,Industrials,Waste Management,Sweden,2.59765,0.7,SEK,30.6,18.7,52.8,8.0,2.7,41.5,30.6,,,-3.051,3.406,0.71283,2.39126,-0.57143,,-0.74165,,0.0,,,none,-0.37016,-0.14779,-0.46792,-1.73136,-1.29345,-0.58,,,-1.14903,0.49248,0.943,1.08631,12,90.5256,0.12431,2.332,-0.66019,6.39796,0.83,52,Waste — route and sorting automation,False
1499,LANE-B.ST,Lane Capital Group AB (publ),Stockholm,Financial Services,Asset Management,Sweden,1.42804,0.084,SEK,30.2,9.8,68.2,16.6,,,1.8,,,,,0.6,,-2.02381,,,,0.0,,,none,,,0.0,0.0,0.0,,,,,,,,,,0.88092,,-0.89831,45.02426,0.25,80,Asset management — research and back-office automation,False
1500,GRANGX.ST,GRANGEX AB,Stockholm,Basic Materials,Other Precious Metals & Mining,Sweden,47.26093,37.05,SEK,29.9,19.3,49.5,20.3,4.1,0.1,37.8,,,-30.743,80.784,-3.7641,25.55103,-0.21916,,-0.38974,,0.0,,,none,,-0.0385,0.33974,-4.99823,0.0,-0.408,,,-102.41398,,0.038,1.84967,38,48.67548,0.3388,-0.208,0.0,,0.67,42,Mining — commodity price dominates,False
1501,SUY1V.HE,Suominen Oyj,Helsinki,Consumer Defensive,Household & Personal Products,Finland,77.73824,0.576,EUR,28.3,18.3,47.0,18.1,9.1,29.3,19.2,,7.68,27.664,0.284,0.35955,0.19906,-0.29514,0.13021,0.01126,,0.0,0.5625,3.0,none,-0.15241,-0.02096,0.05756,-0.04591,-0.04,-0.186,,19.36393,-77.63,1.17858,1.685,390.528,700,557.89714,0.22397,0.965,-0.70462,28.33517,0.92,55,Staples — marketing and supply-chain optimisation,False
1502,ARCTIC.ST,Arctic Blue Beverages AB (publ),Stockholm,Consumer Defensive,Beverages - Wineries & Distilleries,Sweden,1.13979,0.16,SEK,27.6,12.2,56.3,6.3,1.6,5.4,29.7,,,-2.192,5.98,-1.03226,3.02213,-1.25,,-0.44979,,0.0,,,none,,-0.67833,0.10094,-7.44543,0.0,-0.702,,,-1.11558,,0.305,0.37715,4,94.28712,,4.617,-0.76119,22.2342,0.67,55,Consumer staples — demand forecasting and trade-spend optimisation,False
1503,MYBEAT.ST,My Beat AB,Stockholm,Communication Services,Telecom Services,Sweden,0.49123,0.3595,SEK,27.3,8.3,62.7,18.5,5.2,3.8,0.7,,,,,-0.16552,0.26202,-3.8943,,,,0.0,,,none,,,0.24901,-0.93089,-2.06459,-0.34,,,-1.1677,,0.224,1.87478,,,0.63844,,-0.88659,5.01589,0.42,70,"Telecom — network ops and service automation, capital-heavy core",False
1504,BRETEC.HE,Bioretec Oy,Helsinki,Healthcare,Medical Devices,Finland,28.98258,0.0216,EUR,26.8,10.1,57.7,16.6,,,2.5,,,,,,,-1.38889,0.0,,,0.0,0.2037,1.0,none,,,0.0,0.0,0.0,,,,,,,,,,0.00518,,-0.98826,71.96541,0.25,66,Devices — embedded intelligence differentiates hardware,False
1505,BTC-BTA-PREF-A.ST,B Treasury Capital AB BTA PREF ,Stockholm,,,Sweden,,120.0,SEK,26.8,16.6,45.7,16.6,,,,,,,,,,,,,,,,,none,,,0.0,0.0,0.0,,,,,,,,,,,,,,0.17,50,No sector data — neutral,False
1506,QBIM-BTA.ST,Qbim Aktiebolag,Stockholm,,,Sweden,,0.19,SEK,26.8,16.6,45.7,16.6,,,,,,,,,,,,,,,,,none,,,0.0,0.0,0.0,,,,,,,,,,,,0.17284,0.02366,0.17,50,No sector data — neutral,False
1507,JM.ST,JM AB (publ),Stockholm,Consumer Cyclical,Residential Construction,Sweden,710.36773,121.5,SEK,26.7,16.4,45.9,22.8,6.6,23.9,11.6,,14.83517,132.532,2.165,0.97662,0.80789,-0.01424,0.06741,-0.31101,0.0165,3.9634,0.21605,4.0,buy,-0.01411,0.00066,0.10978,-0.01149,-0.01155,-0.278,,83.08517,-1193.62373,1.804,1.612,879.28802,1870,470.2075,0.08201,1.442,-0.13952,3841.65572,0.92,52,"Construction — planning automation, execution stays physical",False
1508,TESSIN.ST,Tessin Nordic Holding AB (publ),Stockholm,Real Estate,Real Estate Services,Sweden,1.3427,3.14,SEK,23.9,13.2,43.9,5.8,1.2,14.5,29.1,,,-4.666,12.959,-0.14749,1.27859,-4.02229,,-5.3561,,0.0,,,none,,-0.12212,-0.80036,-8.17709,0.0,-0.756,,,-11.05097,,0.675,1.05014,13,80.78018,0.64414,-0.014,-0.56986,1.90544,0.67,40,Real estate — asset returns dominate; admin automation marginal,False
1509,NORDEN.ST,Norden Estates AB,Stockholm,,,,1.27262,0.34,SEK,21.5,6.1,50.0,,,,6.1,,,,,,,-0.58824,,,,,,,none,,,,,,,,,,,,,,,,,-0.53529,1.74422,0.08,50,No sector data — neutral,False
,GOOG,Alphabet Inc.,USA,Communication Services,Internet Content & Information,United States,3690119.71903,346.12,USD,70.1,68.0,74.1,85.8,81.0,75.8,34.6,26.3811,23.62765,25.804,9.852,8.75943,9.99663,0.03791,0.04232,0.00661,0.0025,0.0641,0.23591,13.0,strong_buy,0.38885,0.14641,0.60368,0.36121,0.37919,0.218,0.82,-0.19195,27053.24647,0.20026,1.922,369136.52126,194668,1896.23627,0.06647,1.247,0.81072,6559714.76233,1.0,88,"Digital platform — data-rich, AI-native product surface",True
,FOX,Fox Corporation,USA,Communication Services,Entertainment,United States,18941.35401,51.63,USD,58.8,58.3,59.7,67.5,12.6,62.5,75.9,13.58684,9.51705,7.286,1.596,1.98059,1.33816,0.0736,0.10507,0.06488,0.0108,0.1474,,,none,0.152,0.08713,0.36843,0.21357,0.10561,-0.086,-0.493,1.11947,-3471.21037,0.67867,2.896,14154.81405,10400,1361.03981,0.39737,0.55,0.01097,75401.04238,1.0,72,Entertainment — content pipeline productivity,True
,NWS,News Corporation,USA,Communication Services,Entertainment,United States,15354.78414,32.42,USD,59.2,54.4,68.2,56.7,41.3,67.0,54.0,41.03797,25.10881,15.333,2.182,2.07807,1.99709,0.02437,0.03983,0.09924,0.0062,0.2532,,,none,0.06524,0.04113,0.5717,0.10114,0.1292,0.088,-0.104,0.60064,-657.02242,0.31559,1.702,7688.56022,22300,344.77849,0.34837,0.899,-0.03368,45075.12852,1.0,72,Entertainment — content pipeline productivity,True
,INVE-A.ST,Investor AB (publ),Stockholm,Financial Services,Asset Management,Sweden,108182.18342,389.6,SEK,82.5,88.8,70.8,93.0,92.5,77.1,87.4,4.54768,,4.778,3.962,1.21197,3.6387,0.21989,,0.13909,0.0144,0.0636,0.12166,1.0,buy,0.27254,0.15066,0.89444,0.88697,0.80067,1.17,1.589,0.38914,-9593.04023,0.11589,2.236,29731.01071,21005,1415.42541,0.49436,0.778,0.34067,13184.78368,1.0,80,Asset management — research and back-office automation,True
,ATCO-B.ST,Atlas Copco AB (publ),Stockholm,Industrials,Specialty Industrial Machinery,Sweden,76632.01962,173.3,SEK,58.5,57.3,60.6,73.8,50.4,61.3,40.7,31.73993,,20.527,5.102,6.94033,4.97575,0.03151,,0.03072,0.0173,0.5495,0.29833,1.0,strong_buy,0.25698,0.10741,0.42188,0.20565,0.15665,0.091,0.08,0.50082,-1916.92232,0.33668,1.272,15401.09102,56473,272.71601,0.00016,1.072,0.27897,22285.07912,1.0,62,Machinery — predictive maintenance and embedded software,True
,VOLV-A.ST,AB Volvo (publ),Stockholm,Industrials,Farm & Heavy Construction Machinery,Sweden,62481.04132,339.0,SEK,51.0,50.0,52.9,56.1,54.1,26.3,52.1,19.22859,,16.073,1.914,3.61538,1.46191,0.05201,,0.03484,0.0251,0.4824,0.03245,1.0,hold,0.20883,0.04512,0.24358,0.10563,0.07601,0.027,0.401,3.79737,-19332.09954,1.47349,1.103,42739.32546,85330,500.87104,0.57874,0.969,0.28215,2966.19119,1.0,60,Heavy equipment — autonomy retrofit is slow but real,True
,NDA-SE.ST,Nordea Bank Abp,Stockholm,Financial Services,Banks - Regional,Finland,57783.80933,187.85,SEK,62.9,59.9,68.5,49.8,35.2,,88.1,12.34231,137.11679,,6.32243,1.79605,4.97108,0.08102,0.00729,,0.0759,0.7007,0.01545,10.0,buy,0.15337,0.00699,0.0,0.54154,0.4058,0.015,0.029,,-173695.00877,,,11623.99949,28412,409.12289,0.01767,0.637,0.36867,32938.22462,0.58,82,"Banking — document-heavy processes, fraud/KYC, service automation",True
,NOKIA-SEK.ST,Nokia Oyj,Stockholm,Technology,Communication Equipment,Finland,49455.92794,97.74,SEK,54.6,46.1,70.4,45.0,39.4,75.8,37.0,63.05806,30.07384,19.44322,2.46683,2.33933,2.47329,0.01586,0.03325,0.03229,0.0157,1.0,,,none,0.03725,0.02756,0.45359,0.05292,0.03981,0.024,,-0.98739,2505.00019,0.1563,1.567,19996.00026,78005,256.34255,0.06678,0.794,1.12617,8929.1746,0.92,74,"Network equipment — AI traffic drives demand, ops automate",True
,SHB-B.ST,Svenska Handelsbanken AB (publ),Stockholm,Financial Services,Banks - Diversified,Sweden,40487.89562,225.6,SEK,56.9,50.8,68.1,47.6,24.9,,71.8,18.83139,25.54926,,25.987,2.59367,7.93136,0.0531,0.03914,,0.0355,0.6683,,,none,0.12749,0.00631,0.0,0.50089,0.41731,-0.038,-0.061,,-92168.97434,,,5104.78302,11669,437.46534,0.01381,0.503,0.19492,1356.01817,0.58,82,"Banking — document-heavy processes, fraud/KYC, service automation",True
,SEB-C.ST,Skandinaviska Enskilda Banken AB (publ),Stockholm,Financial Services,Banks - Regional,Sweden,38330.65515,217.0,SEK,62.7,59.2,69.2,49.2,39.2,,84.1,13.83047,,,8.35,1.96758,5.67361,0.0723,,,0.0392,0.5421,,,none,0.14083,0.00736,0.0,0.54663,0.41787,0.023,0.076,,-18066.32534,,,6755.952,18400,367.1713,0.00038,0.417,0.2587,661.04339,0.58,82,"Banking — document-heavy processes, fraud/KYC, service automation",True
,ERIC-A.ST,Telefonaktiebolaget LM Ericsson (publ),Stockholm,Technology,Communication Equipment,Sweden,28669.7653,95.8,SEK,64.8,61.3,71.3,69.6,21.5,61.9,78.0,12.98103,,8.583,1.331,3.04436,1.39008,0.07704,,0.09708,0.0313,0.3957,,,none,0.26077,0.06946,0.48125,0.12484,0.10831,-0.061,-0.109,-0.41453,1325.68431,0.37682,1.12,20624.52034,86536,238.33457,0.32875,0.521,0.30874,285.01758,1.0,74,"Network equipment — AI traffic drives demand, ops automate",True
,CORE-D.ST,Corem Property Group AB (publ),Stockholm,Real Estate,Real Estate - Diversified,Sweden,25492.43845,227.5,SEK,33.0,29.4,39.6,57.0,13.7,4.6,20.2,,,162.53,96.75,18.6155,86.30032,-0.01081,,0.00191,0.0879,6.8259,,,none,-0.15749,0.02199,0.63056,0.62262,-0.85609,-0.122,,15.5232,-2729.59061,1.97082,0.074,295.39219,266,1110.49696,0.46473,1.518,-0.0194,240.66011,0.92,40,Real estate — asset returns dominate; admin automation marginal,True
,SAMPO-SEK.ST,Sampo Oyj,Stockholm,Financial Services,Insurance - Diversified,Finland,25455.66026,106.4,SEK,59.6,54.0,69.9,57.3,18.2,79.0,61.5,15.7164,,10.18618,2.26208,3.12103,2.38528,0.06363,,0.02782,0.0368,0.0,,,none,0.21256,0.05185,0.40976,0.02462,0.1562,-0.078,,-6.84304,16217.99936,0.29555,1.896,10672.0,15129,705.40022,0.07637,0.24,0.03957,758.74007,0.92,82,"Insurance — claims, underwriting and pricing are data workflows",True
,EPI-B.ST,Epiroc AB (publ),Stockholm,Industrials,Farm & Heavy Construction Machinery,Sweden,21977.38362,200.4,SEK,58.2,58.5,57.7,69.5,56.4,67.0,42.7,27.4145,35.91398,17.311,4.077,5.28175,3.8867,0.03648,0.02784,0.02336,0.019,0.5198,,,none,0.2123,0.09637,0.35712,0.19854,0.14168,0.104,0.158,0.80628,-1073.61782,0.42095,2.133,5654.50801,19398,291.49954,0.00018,1.227,0.10413,6765.12262,1.0,60,Heavy equipment — autonomy retrofit is slow but real,True
,INDU-A.ST,AB Industrivärden (publ),Stockholm,Financial Services,Asset Management,Sweden,20610.82244,526.5,SEK,84.2,91.9,69.8,95.7,98.6,80.4,88.7,3.61806,19.44239,3.636,3.63,1.01381,3.59256,0.27639,0.05143,0.17355,0.0166,0.0601,-0.02612,4.0,hold,0.32275,0.19579,1.0,0.99879,0.99306,11.979,12.356,0.03719,-213.00143,0.02799,1.974,5737.08001,15,382472.00055,0.50772,0.937,0.45764,7492.63882,1.0,80,Asset management — research and back-office automation,True
,ESSITY-A.ST,Essity AB (publ),Stockholm,Consumer Defensive,Household & Personal Products,Sweden,17333.07059,282.0,SEK,54.1,55.0,52.4,59.7,31.7,49.8,67.8,15.89628,20.4793,9.289,1.654,2.18844,1.39006,0.06291,0.04883,0.04695,0.031,0.4935,,,none,0.13964,0.06621,0.3329,0.12624,0.08808,0.026,-0.103,1.45909,-3239.07189,0.45728,1.088,12469.28382,36000,346.36899,0.55602,0.367,0.15574,525.18483,1.0,55,Staples — marketing and supply-chain optimisation,True
,SKF-A.ST,AB SKF (publ),Stockholm,Industrials,Tools & Accessories,Sweden,10318.13048,250.0,SEK,55.7,55.0,57.1,48.6,60.4,69.3,51.6,25.30364,,11.949,1.388,1.97807,1.27166,0.03952,,0.02766,0.031,0.4049,,,none,0.08305,0.04247,0.28587,0.09567,0.05032,0.001,1.451,0.7799,-735.17219,0.34361,2.191,8113.90374,37271,217.70019,0.00014,0.849,0.06383,173.77744,1.0,58,Industrials sector default,True
,TEL2-A.ST,Tele2 AB (publ),Stockholm,Communication Services,Telecom Services,Sweden,10248.49456,162.5,SEK,59.6,58.8,61.1,75.5,34.8,26.3,71.5,11.2069,,11.595,4.649,3.91557,3.75409,0.08923,,0.06686,0.0646,0.5797,,,none,0.47615,0.07079,0.43401,0.24337,0.3358,0.019,0.012,2.2489,-2461.75256,1.35225,0.697,2729.95313,3711,735.63814,0.84613,0.328,0.0906,18.17537,1.0,70,"Telecom — network ops and service automation, capital-heavy core",True
,SSAB-A.ST,SSAB AB (publ),Stockholm,Basic Materials,Steel,Sweden,9013.35982,99.78,SEK,48.6,52.9,40.5,43.6,49.4,82.5,51.3,18.47778,16.88325,9.022,0.936,1.41904,1.0355,0.05412,0.05923,-0.05624,0.02,0.4815,0.03084,14.0,buy,0.07771,0.03975,0.13711,0.086,0.056,-0.007,0.423,-0.96766,873.39645,0.16461,2.545,8704.32554,14650,594.15191,0.27507,1.237,0.53413,7362.04641,1.0,46,Steel — process and energy optimisation,True
,STE-A.ST,Stora Enso Oyj,Stockholm,Consumer Cyclical,Packaging & Containers,Finland,7996.66896,109.0,SEK,40.4,36.8,47.0,35.0,18.0,36.2,51.6,12.60116,160.29411,13.05037,0.86941,0.74693,0.85783,0.07936,0.00624,-0.02421,0.0232,0.3205,,,none,0.05986,0.00606,0.24608,0.04962,0.06587,-0.002,-0.714,5.80032,-3602.00019,0.44865,1.073,9322.00038,19000,490.6316,0.0,0.595,0.00926,21.94268,1.0,52,Packaging — plant automation and design,True
,STE-R.ST,Stora Enso Oyj,Stockholm,Consumer Cyclical,Packaging & Containers,Finland,7972.12739,107.8,SEK,40.4,36.8,47.0,35.0,18.0,36.2,51.8,12.44804,,12.91224,0.86016,0.73871,0.85519,0.08033,,-0.02429,0.0235,0.3205,,,none,0.05986,0.00606,0.24608,0.04962,0.06587,-0.002,-0.714,5.80032,-3602.00019,0.44865,1.073,9322.00038,19000,490.6316,0.0,0.595,0.07692,2235.04829,1.0,52,Packaging — plant automation and design,True
,SAGA-A.ST,AB Sagax (publ),Stockholm,Real Estate,Real Estate Services,Sweden,7622.77832,170.0,SEK,50.2,56.1,39.3,74.5,68.3,13.9,47.7,11.27321,,29.596,23.121,1.78731,15.35802,0.08871,,0.02309,0.0218,0.2454,0.15588,2.0,strong_buy,0.12469,0.02982,0.81209,0.78545,0.9832,0.046,1.764,9.89645,-3837.37934,0.93339,0.107,496.33861,107,4638.6786,0.82663,1.447,-0.2093,27.45815,1.0,40,Real estate — asset returns dominate; admin automation marginal,True
,SCA-A.ST,Svenska Cellulosa Aktiebolaget SCA (publ),Stockholm,Basic Materials,Paper & Paper Products,Sweden,6525.10369,102.5,SEK,42.8,40.6,46.8,44.4,14.7,50.8,48.2,25.88384,,21.301,3.731,0.71908,3.13477,0.03863,,0.05194,0.0293,0.7576,,,none,0.02715,0.00859,0.70081,0.01313,0.12127,-0.051,-0.525,3.39731,-1238.48995,0.15999,1.216,2081.52243,3500,594.72069,0.53463,0.362,-0.16258,172.58939,1.0,46,Paper — process/energy optimisation in a commodity market,True
,VOLO-PREF.ST,Volati AB (publ),Stockholm,Industrials,Conglomerates,Sweden,4581.83791,624.0,SEK,47.4,42.4,56.7,52.3,51.6,39.4,26.1,243.75,,86.353,6.837,22.94202,6.77257,0.0041,,0.02314,0.0641,15.6863,,,none,0.12482,0.04019,0.40849,0.05019,0.57489,-0.424,34.09,2.49577,-133.69238,1.32483,1.574,676.52877,2263,298.95218,0.31142,,-0.03704,194.67496,1.0,58,Conglomerate — mixed exposure,True
,SWEC-A.ST,Sweco AB (publ),Stockholm,Industrials,Engineering & Construction,Sweden,4414.78639,135.0,SEK,61.8,59.3,66.4,62.5,57.9,48.6,62.0,21.42857,,11.999,1.694,3.6964,1.49336,0.04667,,0.06259,0.0274,0.5873,,,none,0.18761,0.07787,0.33989,0.10434,0.06984,0.095,0.212,1.41008,-588.42774,0.56526,1.119,2956.27842,23555,125.50535,0.80059,,-0.10596,19.79826,1.0,66,"Engineering — design, tendering and site planning automate",True
,HOLM-A.ST,Holmen AB (publ),Stockholm,Basic Materials,Paper & Paper Products,Sweden,4172.14102,300.0,SEK,45.0,45.3,44.5,47.2,18.1,63.3,52.1,16.94915,,14.591,2.264,0.84234,2.06368,0.059,,0.02337,0.0317,0.5367,,,none,0.04946,0.01611,0.47151,0.11584,0.12307,-0.084,-0.167,1.29096,-404.97463,0.11108,1.295,2021.70068,3500,577.62877,0.95,0.245,-0.16898,60.01202,1.0,46,Paper — process/energy optimisation in a commodity market,True
,ERIBR.HE,Telefonaktiebolaget LM Ericsson (publ),Helsinki,Technology,Communication Equipment,Sweden,28513.8985,8.636,EUR,62.3,58.9,68.7,61.3,21.5,50.8,85.2,13.08485,,,,3.09438,,0.07642,,0.09761,0.0326,0.3957,,,none,0.26077,0.06946,0.48125,0.0,0.10831,-0.061,-0.109,,,0.37682,1.12,,86536,,0.00098,0.521,0.34016,35.89122,0.83,74,"Network equipment — AI traffic drives demand, ops automate",True
,CORE-PREF.ST,Corem Property Group AB (publ),Stockholm,Real Estate,Real Estate - Diversified,Sweden,2256.64043,230.0,SEK,34.5,31.7,39.6,57.0,13.7,4.6,27.6,51.22494,,164.146,97.712,18.82006,7.63947,0.01952,,0.02155,0.087,3.4188,,,none,-0.15749,0.02199,0.63056,0.62262,-0.85609,-0.122,,15.5232,-2729.59061,1.97082,0.074,295.39219,266,1110.49696,0.00379,1.518,-0.03967,310.7863,0.92,40,Real estate — asset returns dominate; admin automation marginal,True
,TIETOS.ST,Tieto Oyj,Stockholm,Technology,Information Technology Services,Finland,1955.92045,190.7,SEK,62.1,51.0,82.8,51.5,22.2,47.4,71.3,27.24286,8.29491,7.90897,1.11948,1.88823,1.06893,0.03671,0.12056,0.15129,0.0488,1.8889,,,none,0.06853,0.04871,0.21833,0.17934,0.0,-0.048,,1.44749,-374.89997,0.66439,1.179,1829.79994,13476,135.78213,0.1261,0.7,0.04265,156.51422,0.92,90,IT services — delivery is labor-hours that AI directly automates,True
,HUSQ-A.ST,Husqvarna AB (publ),Stockholm,Industrials,Tools & Accessories,Sweden,1891.95158,36.5,SEK,51.9,50.5,54.4,47.4,16.5,52.1,76.1,14.71774,,6.75,0.696,0.82956,0.4641,0.06795,,0.06914,0.0411,0.4032,,,none,0.05645,0.03122,0.31239,0.13558,0.03164,-0.059,-0.348,2.24941,-945.81694,0.53914,1.597,4076.5754,11655,349.77052,0.36647,1.473,-0.30476,66.27888,1.0,58,Industrials sector default,True
,ELUX-A.ST,AB Electrolux (publ),Stockholm,Consumer Cyclical,"Furnishings, Fixtures & Appliances",Sweden,1765.25921,24.0,SEK,38.6,31.6,51.7,30.5,16.3,15.5,51.3,18.46154,,6.279,0.317,0.6944,0.15186,0.05417,,-0.16446,,0.0,,,none,0.04141,0.0148,0.16438,0.00667,0.00285,-0.093,,5.27657,-3100.57569,4.76791,0.935,11624.34904,39000,298.06023,0.0,1.036,-0.70552,6.66087,0.92,55,Furnishings — design tools and logistics,True
,KINV-A.ST,Kinnevik AB,Stockholm,Financial Services,Asset Management,Sweden,1628.43748,63.8,SEK,56.4,46.1,75.6,33.4,93.3,90.1,7.3,,,,-1.323,0.60648,-2.22851,-0.40674,,-0.29456,,0.0,,,none,-0.21639,-0.14424,0.0,0.95497,0.0,1.644,1.743,,661.66397,0.06937,6.335,-730.73085,45,-16238.46329,0.78424,1.379,-0.41252,51.24684,0.83,80,Asset management — research and back-office automation,True
,NCC-A.ST,NCC AB (publ),Stockholm,Industrials,Engineering & Construction,Sweden,1506.8448,170.0,SEK,46.6,41.3,56.5,34.8,27.8,45.1,55.9,217.94873,,8.241,0.389,2.26157,0.30805,0.00459,,0.05723,0.0529,11.3924,,,none,0.01059,0.03595,0.10134,0.04465,0.00145,-0.022,-0.034,1.6947,-390.92559,0.75412,1.222,4891.50964,10714,456.55307,0.63386,1.08,-0.08108,53.00563,1.0,66,"Engineering — design, tendering and site planning automate",True
,TELIA1.HE,Telia Company AB (publ),Helsinki,Communication Services,Telecom Services,Sweden,16564.4329,4.185,EUR,53.5,46.8,65.9,48.9,46.3,13.3,61.4,38.04546,24.61765,,,3.44261,,0.02628,0.04062,0.07215,0.047,1.608,,,none,0.10558,0.03328,0.5027,0.0,0.06035,0.046,0.132,,,1.69141,0.661,,14598,,0.42033,,0.3328,992.87869,0.83,70,"Telecom — network ops and service automation, capital-heavy core",True
,SAGA-D.ST,AB Sagax (publ),Stockholm,Real Estate,Real Estate Services,Sweden,1479.71584,33.0,SEK,55.6,64.4,39.3,74.5,68.3,13.9,75.4,2.18833,,13.753,10.744,0.34695,2.98126,0.45697,,0.11893,0.0606,0.1326,,,none,0.12469,0.02982,0.81209,0.78545,0.9832,0.046,1.764,9.89645,-3837.37934,0.93339,0.107,496.33861,107,4638.6786,0.18842,1.447,-0.01345,1755.3594,1.0,40,Real estate — asset returns dominate; admin automation marginal,True
,MTG-A.ST,Modern Times Group MTG AB,Stockholm,Communication Services,Electronic Gaming & Multimedia,Sweden,1240.41726,115.0,SEK,66.2,60.5,76.8,53.6,84.1,47.0,59.5,1437.5,,8.314,1.381,1.21489,1.12349,0.0007,,0.08837,,0.0,,,none,0.00094,0.0307,0.66185,0.11776,0.0009,0.235,1.105,1.48245,-271.8261,0.38502,0.851,1104.0725,2323,475.27873,0.00618,0.835,0.09524,2.06385,1.0,85,Gaming — content pipelines and live-ops are AI-automatable,True
,FPAR-D.ST,FastPartner AB (publ),Stockholm,Real Estate,Real Estate - Diversified,Sweden,1226.44008,71.3,SEK,40.4,41.2,38.8,63.3,33.2,10.7,36.0,56.14173,,20.828,14.046,0.92387,6.00819,0.01781,,0.02948,0.0701,3.937,,,none,0.02195,0.0259,0.70077,0.61814,0.14728,-0.034,0.102,11.62819,-1600.73735,1.1822,0.165,204.12788,80,2551.59853,0.33899,1.829,-0.08355,165.5577,1.0,40,Real estate — asset returns dominate; admin automation marginal,True
,RATO-A.ST,Ratos AB (publ),Stockholm,Industrials,Engineering & Construction,Sweden,1091.99876,36.8,SEK,49.2,39.6,67.0,48.2,29.1,40.2,36.4,,,23.739,0.93,0.91091,0.61844,-0.00978,,0.05048,0.038,0.4205,,,none,0.00322,0.00695,0.56039,0.16245,-0.00585,0.066,-0.676,7.9502,-549.81561,0.47023,1.437,1765.73646,8591,205.53329,0.94531,,-0.00541,7.36481,1.0,66,"Engineering — design, tendering and site planning automate",True
,VPLAY-A.ST,Viaplay Group AB (publ),Stockholm,Communication Services,Entertainment,Sweden,993.78978,2.42,SEK,43.8,36.5,57.4,19.4,80.4,17.9,36.5,,,37.588,0.886,4.80159,0.58989,-0.13223,,0.10543,,0.0,,,none,-0.57153,0.00681,0.14236,-0.00947,-0.08404,0.207,,12.67352,-503.13653,3.46804,1.243,1684.70537,1277,1319.2681,0.00658,1.342,0.71631,0.02325,0.92,72,Entertainment — content pipeline productivity,True
,ORNAV.HE,Orion Oyj,Helsinki,Healthcare,Drug Manufacturers - General,Finland,10931.21024,77.6,EUR,69.4,75.0,59.1,88.9,80.7,81.2,52.0,18.56459,,13.77,5.313,9.73896,5.31209,0.05387,,0.02458,0.0232,0.4115,,,none,0.53653,0.26308,0.65934,0.33838,0.2853,0.252,0.695,0.00315,-2.5,0.10458,2.639,2057.79994,4000,514.44998,0.32656,0.288,0.12627,525.5072,1.0,62,Pharma — AI aids discovery but cycles are long and regulated,True
,SBB-D.ST,Samhällsbyggnadsbolaget i Norden AB (publ),Stockholm,Real Estate,Real Estate Services,Sweden,966.51576,6.03,SEK,35.6,32.8,40.7,56.9,34.1,7.7,16.2,,,69.322,28.668,0.91461,5.69016,-0.03151,,-0.05429,,0.0,,,none,0.02684,0.0063,0.6206,0.49688,-2.0619,0.004,,48.35613,-3396.78368,1.56138,0.445,169.8573,228,744.98818,0.01013,2.528,-0.24294,239.43594,0.92,40,Real estate — asset returns dominate; admin automation marginal,True
,INTEA-D.ST,Intea Fastigheter AB ser. D,Stockholm,Real Estate,Real Estate Services,Sweden,849.60584,32.4,SEK,57.3,66.6,39.9,75.5,89.7,11.3,68.6,4.73684,,17.108,13.642,0.71602,5.33496,0.21111,,0.08135,0.0617,0.2924,,,none,0.13195,0.03079,0.8321,0.80088,0.91064,0.266,3.735,10.18059,-1292.78272,1.09835,0.067,159.25255,71,2242.99362,0.27727,,-0.19503,231.13301,1.0,40,Real estate — asset returns dominate; admin automation marginal,True
,SVOL-A.ST,Svolder AB (publ),Stockholm,Financial Services,Asset Management,Sweden,839.96884,90.5,SEK,69.3,63.1,80.9,62.6,56.7,92.1,53.6,,,-507.826,672.278,1.63178,696.782,-0.00796,,0.0047,0.0199,0.1051,,,none,-0.01283,-0.00189,1.0,0.90641,0.0,-0.093,9.317,,29.53922,,6.193,1.2055,6,200.91624,0.21299,1.279,0.15287,0.96793,0.83,80,Asset management — research and back-office automation,True
,SSABAH.HE,SSAB AB (publ),Helsinki,Basic Materials,Steel,Sweden,8997.46406,9.028,EUR,47.0,48.9,43.6,37.4,49.4,79.7,46.5,18.42449,,,,1.45827,,0.05428,,-0.05634,0.0204,0.4815,,,none,0.07771,0.03975,0.13711,0.0,0.056,-0.007,0.423,,,0.16461,2.545,,14650,,0.27507,1.237,0.55816,146.84042,0.83,46,Steel — process and energy optimisation,True
,SSABBH.HE,SSAB AB (publ),Helsinki,Basic Materials,Steel,Sweden,8947.63315,8.978,EUR,47.0,48.9,43.6,37.4,49.4,79.7,46.5,18.32245,,,,1.45019,,0.05458,,-0.05666,0.0206,0.4815,,,none,0.07771,0.03975,0.13711,0.0,0.056,-0.007,0.423,,,0.16461,2.545,,14650,,0.13059,1.237,0.58398,2184.6347,0.83,46,Steel — process and energy optimisation,True
,KESKOA.HE,Kesko Oyj,Helsinki,Consumer Defensive,Grocery Stores,Finland,7988.32538,19.94,EUR,48.1,46.0,52.1,46.8,46.8,20.3,57.5,19.35922,,13.68,0.922,3.15956,0.63019,0.05165,,0.04567,0.0451,1.0971,,,none,0.16302,0.04358,0.14494,0.03189,0.03212,0.071,0.074,4.34477,-3710.0001,1.5256,0.868,12675.99974,18864,671.96776,0.40261,0.82,-0.00549,437.1845,1.0,62,Grocery — thin margins make automation gains material,True
,STEAV.HE,Stora Enso Oyj,Helsinki,Consumer Cyclical,Packaging & Containers,Finland,7775.79264,9.86,EUR,39.2,35.0,47.0,35.0,18.0,36.2,45.7,12.64103,14.71642,18.082,1.205,0.74544,0.83413,0.07911,0.06795,-0.0249,0.0254,0.3205,,,none,0.05986,0.00606,0.24608,0.04962,0.06587,-0.002,-0.714,5.80032,-3602.00019,0.44865,1.073,9322.00038,19000,490.6316,0.52499,0.595,0.04449,48.45204,1.0,52,Packaging — plant automation and design,True
,GOTL-B.ST,Rederiaktiebolaget Gotland (publ),Stockholm,Industrials,Marine Shipping,Sweden,620.87647,274.0,SEK,43.9,42.0,47.4,24.0,38.5,94.9,39.0,,,8.588,1.108,1.29823,1.82296,-0.00091,,-0.03276,0.0075,0.5944,,,none,-0.00114,0.00239,0.23095,-0.27976,-0.00164,0.021,,-5.54817,243.74615,,3.34,340.58692,1500,227.05795,0.655,-0.103,0.02239,8.17073,0.83,46,Shipping — routing helps at the margin; the ship is the cost,True
,CORE-A.ST,Corem Property Group AB (publ),Stockholm,Real Estate,Real Estate - Diversified,Sweden,330.56129,2.95,SEK,37.0,35.6,39.6,57.0,13.7,4.6,40.7,,5.67308,17.429,10.375,0.24139,1.11906,-0.83051,0.17627,0.14711,0.0407,0.0683,0.18644,1.0,none,-0.15749,0.02199,0.63056,0.62262,-0.85609,-0.122,,15.5232,-2729.59061,1.97082,0.074,295.39219,266,1110.49696,0.51211,1.518,-0.38669,2.98081,0.92,40,Real estate — asset returns dominate; admin automation marginal,True
,BONAV-A.ST,Bonava AB (publ),Stockholm,Consumer Cyclical,Residential Construction,Sweden,272.56509,9.35,SEK,30.6,23.2,44.4,30.9,10.0,38.4,15.5,,42.5,21.707,1.174,0.44212,0.43368,-0.02995,0.02353,-0.45479,,0.0,,,none,-0.01298,0.01287,0.13859,0.06278,-0.01284,-0.173,,13.67467,-464.79627,0.78096,2.167,628.49017,909,691.40832,0.00505,,-0.22083,1.9797,0.92,52,"Construction — planning automation, execution stays physical",True
,MSON-A.ST,Midsona AB (publ),Stockholm,Consumer Defensive,Packaged Foods,Sweden,205.6305,15.6,SEK,47.8,46.8,49.7,34.7,34.6,70.0,57.6,20.52632,19.74684,12.077,0.74,0.74067,0.63177,0.04872,0.05064,0.03995,0.0141,0.2895,,,none,0.03707,0.01978,0.27541,0.01839,0.03119,0.006,,1.44091,-28.73253,0.19511,2.299,325.48431,697,466.97892,0.47498,,0.27869,0.09474,0.92,55,Consumer staples — demand forecasting and trade-spend optimisation,True
,CAT-A.ST,Catella AB (publ),Stockholm,Financial Services,Asset Management,Sweden,145.7423,18.2,SEK,61.3,55.9,71.3,45.1,14.8,69.3,89.3,8.96552,,4.639,0.829,0.88106,0.8229,0.11154,,1.16204,0.0495,0.4433,,,none,0.10564,0.04487,0.39048,-0.15182,0.09212,-0.111,,-0.04298,1.35959,0.79579,3.441,177.10842,471,376.02636,0.53323,0.684,-0.38095,0.45365,0.92,80,Asset management — research and back-office automation,True
,ALM.ST,ALM Equity AB (publ),Stockholm,Real Estate,Real Estate - Diversified,Sweden,139.63192,47.4,SEK,35.8,37.5,32.5,17.9,9.4,62.5,66.7,,-6.15584,-11.074,1.761,0.47922,1.85606,-0.14726,-0.16245,0.17786,,0.0,1.16772,2.0,strong_buy,-0.00677,-0.01878,-0.04217,-0.109,0.01446,-0.182,,,-57.91825,0.57237,2.198,75.23029,69,1090.29405,0.67964,,-0.40452,6.77094,0.83,40,Real estate — asset returns dominate; admin automation marginal,True
,LOGIST-A.ST,Logistri Fastighets AB ser. A,Stockholm,Real Estate,Real Estate Services,Sweden,136.70704,15.6,SEK,56.2,64.8,40.3,76.1,73.9,14.9,70.5,8.3871,,19.197,15.428,0.97598,7.72156,0.11923,,0.20261,0.0179,0.2097,0.1859,1.0,none,0.1199,0.03214,0.91826,0.83077,0.8076,0.283,0.322,9.58957,-136.44627,1.05091,0.473,17.70459,8,2213.07354,0.0,,-0.07143,2.60594,1.0,40,Real estate — asset returns dominate; admin automation marginal,True
,METSA.HE,Metsä Board Oyj,Helsinki,Consumer Cyclical,Packaging & Containers,Finland,1441.9168,4.06,EUR,32.6,26.4,44.1,21.5,9.5,42.2,35.4,,,293.507,1.176,0.99049,0.84934,-0.1133,,0.11315,0.016,0.0,,,none,-0.09734,-0.02051,0.19909,-0.05004,-0.09678,-0.181,,50.19118,-341.30003,0.36279,1.646,1697.69997,1855,915.20214,0.80312,0.346,-0.29758,8.323,0.92,52,Packaging — plant automation and design,True
,TINGS-A.ST,Tingsvalvet Fastighets AB ser. ,Stockholm,Real Estate,Real Estate Services,Sweden,86.23383,54.5,SEK,70.3,83.9,45.0,88.5,84.9,52.0,93.9,8.80452,,,76.43,0.83176,25.45035,0.11358,,,0.0055,0.0,,,none,,,0.71239,0.68541,2.14964,0.325,0.885,,-172.73554,1.74813,3.018,3.38832,9,376.47956,0.70471,,0.60294,1.81785,0.58,40,Real estate — asset returns dominate; admin automation marginal,True
,NANOFS.ST,Nanoform Finland Oyj,Stockholm,Healthcare,Biotechnology,Finland,69.80754,8.99,SEK,58.3,52.6,68.8,30.4,90.8,86.3,36.3,,,-4.10069,12.64259,1.75613,12.87962,-0.23471,,-0.15929,,0.0,,,none,-0.33709,-0.19773,0.92288,-2.62559,-2.94594,0.454,,,14.174,0.1601,4.015,5.42,139,38.99281,0.23304,0.772,-0.22097,20.11116,0.83,60,"Biotech — discovery upside, binary science risk dominates",True
,ALBAV.HE,Ålandsbanken Abp,Helsinki,Financial Services,Banks - Regional,Finland,711.97267,46.2,EUR,59.9,52.8,73.1,46.3,19.3,,82.8,14.39252,,,7.043,2.41354,3.2666,0.06948,,,0.0758,0.8567,,,none,0.15085,0.00992,0.0,0.23596,0.2284,-0.033,-0.3,,-831.0,,,217.95501,1065,204.65259,0.52984,,0.11325,23.4234,0.58,82,"Banking — document-heavy processes, fraud/KYC, service automation",True
,TINGS-B.ST,Tingsvalvet Fastighets AB ser. ,Stockholm,Real Estate,Real Estate Services,Sweden,62.49975,39.5,SEK,70.7,84.6,45.0,88.5,84.9,52.0,96.3,6.38126,,,69.425,0.59128,18.44567,0.15671,,,0.0076,0.0,,,none,,,0.71239,0.68541,2.14964,0.325,0.885,,-172.73554,1.74813,3.018,3.38832,9,376.47956,0.72254,,0.31229,18.986,0.58,40,Real estate — asset returns dominate; admin automation marginal,True
,HAKI-A.ST,HAKI Safety AB (publ),Stockholm,Industrials,Metal Fabrication,Sweden,62.15226,23.0,SEK,59.4,61.0,56.4,43.2,59.0,57.1,85.0,13.06818,,5.782,0.885,0.9754,0.57048,0.07652,,0.27818,0.0227,0.2841,,,none,0.07623,0.03179,0.36772,0.01748,0.04243,0.087,,2.21739,-36.98067,0.60171,2.453,108.94796,376,289.75522,0.9539,0.746,-0.17857,0.39401,0.92,58,Industrials sector default,True
,NAVIGO-STAM.ST,Navigo Invest AB (publ),Stockholm,Financial Services,Asset Management,Sweden,45.95089,3.43,SEK,66.1,62.1,73.4,52.7,72.5,54.6,70.0,4.45455,,7.236,0.736,0.24121,0.76302,0.22449,,0.02302,,0.0,0.39942,1.0,none,0.03683,0.02258,0.61396,0.12676,0.06398,0.07,1.912,2.12091,-12.99753,0.15563,1.097,60.22239,146,412.48212,0.65661,0.415,0.75448,19.57932,1.0,80,Asset management — research and back-office automation,True
,RAIKV.HE,Raisio plc,Helsinki,Consumer Defensive,Packaged Foods,Finland,419.24669,2.65,EUR,57.0,61.4,48.7,55.1,47.2,91.5,63.3,16.5625,,9.208,1.509,1.59351,1.87247,0.06038,,0.03187,0.0566,0.6875,,,none,0.09355,0.05662,0.30683,0.14261,0.10987,-0.005,0.333,-2.21526,81.3,0.06689,4.531,223.9,350,639.71429,0.29943,0.499,0.07724,12.8737,1.0,55,Consumer staples — demand forecasting and trade-spend optimisation,True
,ACRI-A.ST,Acrinova AB (publ),Stockholm,Real Estate,Real Estate - Diversified,Sweden,31.4115,7.96,SEK,37.8,37.9,37.7,51.4,1.3,48.5,41.1,12.83871,,17.09,5.757,0.61921,3.43285,0.07789,,-0.22497,0.4711,2.2581,,,none,0.04885,0.01261,0.55353,0.16638,0.3738,-0.663,-0.941,6.89999,-21.2706,0.71345,3.189,9.15027,5,1830.05384,0.74982,0.43,-0.40597,7.89666,1.0,40,Real estate — asset returns dominate; admin automation marginal,True
,SUMMAS.ST,Summa Defence Oyj,Stockholm,Industrials,Aerospace & Defense,Finland,26.04397,6.29,SEK,60.5,55.9,68.9,30.6,92.7,53.6,62.0,,,-4.4259,0.24826,0.15645,0.24579,-0.94436,,0.22563,,0.0,,,none,-0.2472,-0.08531,0.67915,-0.27633,-0.23069,0.551,,,-2.83742,0.045,0.69,105.95866,290,365.3747,0.69085,,-0.88042,30.96771,0.83,72,Defence — autonomy and sensor fusion are budget priorities,True
,STAR-A.ST,Starbreeze AB (publ),Stockholm,Communication Services,Electronic Gaming & Multimedia,Sweden,20.61322,0.14,SEK,41.5,22.5,76.7,5.2,2.4,74.2,30.1,,,-1.286,1.06,1.38614,1.2644,-1.85714,,-0.23847,,0.0,,,none,-1.18371,-0.20152,-0.39717,-2.10382,-2.38687,-0.608,,,3.32944,0.2298,2.153,16.30277,119,136.99803,0.61624,1.467,-0.36364,0.68028,0.83,85,Gaming — content pipelines and live-ops are AI-automatable,True
,ORTI-A.ST,Ortivus AB (publ),Stockholm,Healthcare,Medical Instruments & Supplies,Sweden,15.10009,1.88,SEK,48.3,39.2,65.3,19.8,77.9,32.4,39.3,,,-11.699,2.416,7.83333,2.17072,-0.20745,,-0.13601,,0.0,,,none,-3.76343,-0.16878,0.41762,-0.0504,-0.27071,0.184,,,-1.71099,1.22541,1.208,6.95626,34,204.596,0.49646,0.891,-0.46132,0.10497,0.83,66,Instruments — software layer increasingly the differentiator,True
,TRAN-A.ST,Transferator AB ser. A,Stockholm,Financial Services,Asset Management,Sweden,11.85938,1.36,SEK,68.3,69.1,66.7,48.0,93.4,31.8,96.1,6.8,,,,1.95122,2.06375,0.14706,,,,0.0,,,none,0.3254,0.02422,0.10569,0.06493,0.29596,0.605,,,,,1.026,5.74651,12,478.87554,0.0,0.702,-0.11974,0.50392,0.58,80,Asset management — research and back-office automation,True
,BULL-NOKIA-X3-H.HE,BULL NOKIA X3 H ETN,Helsinki,,,,,0.869,EUR,,,50.0,,,,,,,,,,,,,,,,,,,,,,,,,,,,,,,,,,,,,0.0,50,No sector data — neutral,False
,BULL-OMXH15-X3-H.HE,BULL OMXH15 X3 H ETN,Helsinki,,,,,72.97,EUR,,,50.0,,,,,,,,,,,,,,,,,,,,,,,,,,,,,,,,,,,,,0.0,50,No sector data — neutral,False
,BULL-VEHNA-X2-H.HE,BULL VEHNA X2 H ETN,Helsinki,,,,,2.88,EUR,,,50.0,,,,,,,,,,,,,,,,,,,,,,,,,,,,,,,,,,,,,0.0,50,No sector data — neutral,False
,NP3-PREF.ST,NP3 Fastigheter AB (publ),Stockholm,Real Estate,Real Estate Services,Sweden,,30.9,SEK,56.8,66.2,39.2,76.8,71.6,11.8,77.4,0.84764,,10.29,7.409,0.16896,,1.17974,,,0.0647,,,,none,0.14529,0.03816,0.75943,0.74879,0.6404,0.101,0.815,9.156,-1425.74996,1.41516,0.474,216.26441,78,2772.62066,0.28538,1.623,0.00162,687.45055,0.92,40,Real estate — asset returns dominate; admin automation marginal,True
,K2A-PREF.ST,K2A Knaust & Andersson Fastigheter AB (publ),Stockholm,Real Estate,Real Estate Services,Sweden,,117.5,SEK,46.9,49.2,42.5,64.0,67.0,4.4,42.5,13.92015,,135.617,56.485,4.34847,,0.07184,,,,,,,none,0.10764,0.00884,0.65126,0.48883,0.95337,0.033,2.383,39.06986,-370.06052,1.85678,0.104,22.7413,44,516.84774,0.21296,,-0.26562,14.81425,0.92,40,Real estate — asset returns dominate; admin automation marginal,True
,BESQAB-PREF-B.ST,Besqab AB (publ),Stockholm,Real Estate,Real Estate - Development,Sweden,,100.0,SEK,38.0,40.7,33.1,42.3,98.9,35.8,2.4,,,71.886,5.976,3.42349,,,,,0.0748,,,,none,0.04423,0.01659,0.14853,0.22991,0.05623,6.541,,11.94148,-188.65582,0.81098,1.792,190.03353,114,1666.96079,0.18689,,0.07066,85.98913,0.75,40,Real estate — asset returns dominate; admin automation marginal,True
,BOHO-PREF.ST,Boho Group AB (publ),Stockholm,Consumer Cyclical,Lodging,Sweden,,12.0,SEK,28.7,12.6,58.5,16.7,4.7,35.8,1.4,,,124.244,8.569,5.15685,,,,,0.08,,,,none,-0.18717,-0.00558,0.12224,-0.67784,-0.2691,-0.377,,28.30913,-18.51816,1.55815,3.087,9.48409,95,99.83255,0.26441,0.583,0.05263,9.51273,0.75,58,Lodging — revenue management and service automation,True
,EMIL-PREF.ST,Fastighetsbolaget Emilshus AB (publ),Stockholm,Real Estate,Real Estate Services,Sweden,,30.35,SEK,61.4,73.3,39.3,75.2,78.3,12.4,98.1,3.77206,,,11.957,0.89897,,0.26511,,,0.0659,,,,none,0.11563,0.03752,0.78558,0.75547,0.59064,0.286,0.46,,-649.15581,1.33433,0.301,92.99551,32,2906.10983,0.31089,1.182,-0.02097,404.31766,0.75,40,Real estate — asset returns dominate; admin automation marginal,True
,ETHEREUM-XBTE.ST,CoinShares XBT Ether Tracker Euro ETN,Stockholm,,,,,125.0,EUR,,,50.0,,,,,,,,,,,,,,,,,,none,,,,,,,,,,,,,,,,,-0.58014,343.25,0.0,50,No sector data — neutral,False
,EXUS.ST,Xtrackers MSCI World ex USA UCITS ETF 1C USD,Stockholm,,,,,433.0,SEK,,,50.0,,,,,,,,,,,,,,,,,,,,,,,,,,,,,,,,,,,10.33846,69.5843,0.0,50,No sector data — neutral,False
,LXB-BTU.ST,Luxbright AB (publ),Stockholm,,,Sweden,,0.096,SEK,51.7,47.8,58.9,25.6,27.3,64.6,79.1,,,-0.699,0.855,0.46377,,,,,,,,,none,-0.63719,-0.29106,0.70517,-1.31571,-1.41598,-0.02,,,0.06699,0.1694,1.345,1.24592,11,113.26545,,-0.059,-0.32155,0.19968,0.67,50,No sector data — neutral,True
,SMOL-BTU.ST,Smoltek Nanotech Holding AB,Stockholm,,,Sweden,,4.7,SEK,29.4,16.9,52.7,6.9,16.8,40.6,,,,,,,,,,,,,,,none,-0.50913,-0.20897,0.0,-8.65196,0.0,-0.09,,,-1.23187,0.26004,0.44,0.37162,18,20.64553,,1.098,,,0.58,50,No sector data — neutral,True
,WIRE.ST,Xtrackers Electrification Technologies & Smart Grid UCITS ETF 1C,Stockholm,,,,,336.0,SEK,,,50.0,,,,,,,,,,,,,,,,,,,,,,,,,,,,,,,,,,,-0.11029,11.26823,0.0,50,No sector data — neutral,False
,XAIX.ST,Xtrackers Artificial Intelligence & Big Data UCITS ETF 1C,Stockholm,,,,,2117.5,SEK,,,50.0,,,,,,,,,,,,,,,,,,,,,,,,,,,,,,,,,,,0.36701,137.61229,0.0,50,No sector data — neutral,False
,XCMC.ST,Xtrackers Bloomberg Commodity Swap UCITS ETF 1C - USD,Stockholm,,,,,142.22,SEK,,,50.0,,,,,,,,,,,,,,,,,,,,,,,,,,,,,,,,,,,0.03992,1.3793,0.0,50,No sector data — neutral,False
,XCTE.ST,Xtrackers Harvest MSCI China Tech 100 UCITS ETF 1C,Stockholm,,,,,329.5,SEK,,,50.0,,,,,,,,,,,,,,,,,,,,,,,,,,,,,,,,,,,7.30048,6.8392,0.0,50,No sector data — neutral,False
,XD3E.ST,Xtrackers Euro Stoxx Quality Dividend UCITS ETF 1D,Stockholm,,,,,348.25,SEK,,,50.0,,,,,,,,,,,,,,,,,,,,,,,,,,,,,,,,,,,12.45551,16.00345,0.0,50,No sector data — neutral,False
,XDAX.ST,Xtrackers DAX UCITS ETF 1C,Stockholm,,,,,2540.0,SEK,,,50.0,,,,,,,,,,,,,,,,,,,,,,,,,,,,,,,,,,,10.41145,7.13691,0.0,50,No sector data — neutral,False
,XDEF.ST,Xtrackers Europe Defence Technologies UCITS ETF 1C EUR,Stockholm,,,,,321.05,SEK,,,50.0,,,,,,,,,,,,,,,,,,,,,,,,,,,,,,,,,,,9.39431,15.3646,0.0,50,No sector data — neutral,False
,XDPU.ST,Xtrackers S&P 500 UCITS ETF 4C - USD,Stockholm,,,,,140.16,SEK,,,50.0,,,,,,,,,,,,,,,,,,,,,,,,,,,,,,,,,,,10.31564,58.67954,0.0,50,No sector data — neutral,False
,XDWH.ST,Xtrackers MSCI World Health Care UCITS ETF 1C,Stockholm,,,,,583.1,SEK,,,50.0,,,,,,,,,,,,,,,,,,,,,,,,,,,,,,,,,,,9.18014,55.49412,0.0,50,No sector data — neutral,False
,XMME.ST,Xtrackers MSCI Emerging Markets UCITS ETF 1C,Stockholm,,,,,843.8,SEK,,,50.0,,,,,,,,,,,,,,,,,,,,,,,,,,,,,,,,,,,11.37398,119.76941,0.0,50,No sector data — neutral,False
,XMN1.ST,Xtrackers MSCI Nordic UCITS ETF 1C,Stockholm,,,,,112.36,SEK,,,50.0,,,,,,,,,,,,,,,,,,,,,,,,,,,,,,,,,,,11.37649,9.89903,0.0,50,No sector data — neutral,False
,XNAS.ST,Xtrackers NASDAQ 100 UCITS ETF 1C,Stockholm,,,,,637.6,SEK,,,50.0,,,,,,,,,,,,,,,,,,,,,,,,,,,,,,,,,,,10.63215,235.26865,0.0,50,No sector data — neutral,False
,XRS2.ST,Xtrackers Russell 2000 UCITS ETF 1C,Stockholm,,,,,4223.0,SEK,,,50.0,,,,,,,,,,,,,,,,,,,,,,,,,,,,,,,,,,,11.50202,28.70761,0.0,50,No sector data — neutral,False
,XSWC.ST,Xtrackers MSCI World Small Cap UCITS ETF 1C,Stockholm,,,,,311.2,SEK,,,50.0,,,,,,,,,,,,,,,,,,,,,,,,,,,,,,,,,,,10.08053,3.55406,0.0,50,No sector data — neutral,False
,4C-TR.ST,4C Group AB TR,Stockholm,,,,,0.2125,SEK,,,50.0,,,,,,,,,,,,,,,,,,,,,,,,,,,,,,,,,,,,,0.0,50,No sector data — neutral,False
,ABB6L1250SHB.ST,ABB6L1250SHB.ST,Stockholm,,,,,2.0,SEK,,,50.0,,,,,,,,,,,,,,,,,,,,,,,,,,,,,,,,,,,,,0.0,50,No sector data — neutral,False
,AERO-TO9.ST,AERO-TO9.ST,Stockholm,,,,,0.13,SEK,,,50.0,,,,,,,,,,,,,,,,,,,,,,,,,,,,,,,,,,,,,0.0,50,No sector data — neutral,False
,ATC6L-196NDSY.ST,ATC6L-196NDSY.ST,Stockholm,,,,,1.5,SEK,,,50.0,,,,,,,,,,,,,,,,,,,,,,,,,,,,,,,,,,,,,0.0,50,No sector data — neutral,False
,ATC6L-199NDSX.ST,ATC6L-199NDSX.ST,Stockholm,,,,,1.3,SEK,,,50.0,,,,,,,,,,,,,,,,,,,,,,,,,,,,,,,,,,,,,0.0,50,No sector data — neutral,False
,AXIC-TO2A.ST,AXIC-TO2A.ST,Stockholm,,,,,0.49,SEK,,,50.0,,,,,,,,,,,,,,,,,,,,,,,,,,,,,,,,,,,,,0.0,50,No sector data — neutral,False
,BEAR-ABB-X5-AVA-4.ST,BEAR-ABB-X5-AVA-4.ST,Stockholm,,,,,4.59,SEK,,,50.0,,,,,,,,,,,,,,,,,,,,,,,,,,,,,,,,,,,,,0.0,50,No sector data — neutral,False
,BEAR-AMD-X3-AVA-3.ST,BEAR-AMD-X3-AVA-3.ST,Stockholm,,,,,0.659,SEK,,,50.0,,,,,,,,,,,,,,,,,,,,,,,,,,,,,,,,,,,,,0.0,50,No sector data — neutral,False
,BEAR-AMD-X4-AVA-2.ST,BEAR-AMD-X4-AVA-2.ST,Stockholm,,,,,0.031,SEK,,,50.0,,,,,,,,,,,,,,,,,,,,,,,,,,,,,,,,,,,,,0.0,50,No sector data — neutral,False
,BEAR-AMD-X8-AVA-6.ST,BEAR-AMD-X8-AVA-6.ST,Stockholm,,,,,0.001,SEK,,,50.0,,,,,,,,,,,,,,,,,,,,,,,,,,,,,,,,,,,,,0.0,50,No sector data — neutral,False
,BEAR-ARM-X3-AVA-3.ST,BEAR-ARM-X3-AVA-3.ST,Stockholm,,,,,33.1,SEK,,,50.0,,,,,,,,,,,,,,,,,,,,,,,,,,,,,,,,,,,,,0.0,50,No sector data — neutral,False
,BEAR-ARM-X8-AVA-10.ST,BEAR-ARM-X8-AVA-10.ST,Stockholm,,,,,0.259,SEK,,,50.0,,,,,,,,,,,,,,,,,,,,,,,,,,,,,,,,,,,,,0.0,50,No sector data — neutral,False
,BEAR-ARM-X8-AVA-12.ST,BEAR-ARM-X8-AVA-12.ST,Stockholm,,,,,37.73,SEK,,,50.0,,,,,,,,,,,,,,,,,,,,,,,,,,,,,,,,,,,,,0.0,50,No sector data — neutral,False
,BEAR-CIFR-X2-AVA-3.ST,BEAR-CIFR-X2-AVA-3.ST,Stockholm,,,,,4.15,SEK,,,50.0,,,,,,,,,,,,,,,,,,,,,,,,,,,,,,,,,,,,,0.0,50,No sector data — neutral,False
,BEAR-DAX-X8-AVA-16.ST,BEAR-DAX-X8-AVA-16.ST,Stockholm,,,,,6.52,SEK,,,50.0,,,,,,,,,,,,,,,,,,,,,,,,,,,,,,,,,,,,,0.0,50,No sector data — neutral,False
,BEAR-GULD-X3-H.ST,BEAR GULD X3 H,Stockholm,,,,,0.354,SEK,,,50.0,,,,,,,,,,,,,,,,,,,,,,,,,,,,,,,,,,,,,0.0,50,No sector data — neutral,False
,BEAR-GULD-X8-AVA-2.ST,BEAR-GULD-X8-AVA-2.ST,Stockholm,,,,,38.39,SEK,,,50.0,,,,,,,,,,,,,,,,,,,,,,,,,,,,,,,,,,,,,0.0,50,No sector data — neutral,False
,BEAR-NOVO-X5-AVA-6.ST,BEAR-NOVO-X5-AVA-6.ST,Stockholm,,,,,6.72,SEK,,,50.0,,,,,,,,,,,,,,,,,,,,,,,,,,,,,,,,,,,,,0.0,50,No sector data — neutral,False
,BEAR-NOVO-X8-AVA-7.ST,BEAR-NOVO-X8-AVA-7.ST,Stockholm,,,,,0.304,SEK,,,50.0,,,,,,,,,,,,,,,,,,,,,,,,,,,,,,,,,,,,,0.0,50,No sector data — neutral,False
,BEAR-NOVO-X8-AVA-8.ST,BEAR-NOVO-X8-AVA-8.ST,Stockholm,,,,,19.26,SEK,,,50.0,,,,,,,,,,,,,,,,,,,,,,,,,,,,,,,,,,,,,0.0,50,No sector data — neutral,False
,BEAR-OLJA-X2-AVA-5.ST,BEAR-OLJA-X2-AVA-5.ST,Stockholm,,,,,21.01,SEK,,,50.0,,,,,,,,,,,,,,,,,,,,,,,,,,,,,,,,,,,,,0.0,50,No sector data — neutral,False
,BEAR-OLJA-X3-AVA-2.ST,BEAR-OLJA-X3-AVA-2.ST,Stockholm,,,,,10.08,SEK,,,50.0,,,,,,,,,,,,,,,,,,,,,,,,,,,,,,,,,,,,,0.0,50,No sector data — neutral,False
,BEAR-OLJA-X3-AVA-3.ST,BEAR-OLJA-X3-AVA-3.ST,Stockholm,,,,,16.18,SEK,,,50.0,,,,,,,,,,,,,,,,,,,,,,,,,,,,,,,,,,,,,0.0,50,No sector data — neutral,False
,BEAR-OLJA-X4-AVA-2.ST,BEAR-OLJA-X4-AVA-2.ST,Stockholm,,,,,6.21,SEK,,,50.0,,,,,,,,,,,,,,,,,,,,,,,,,,,,,,,,,,,,,0.0,50,No sector data — neutral,False
,BEAR-OLJA-X5-AVA-2.ST,BEAR-OLJA-X5-AVA-2.ST,Stockholm,,,,,6.93,SEK,,,50.0,,,,,,,,,,,,,,,,,,,,,,,,,,,,,,,,,,,,,0.0,50,No sector data — neutral,False
,BEAR-OLJA-X5-AVA-3.ST,BEAR OLJA X5 AVA 3,Stockholm,,,,,8.65,SEK,,,50.0,,,,,,,,,,,,,,,,,,,,,,,,,,,,,,,,,,,,,0.0,50,No sector data — neutral,False
,BEAR-OLJA-X5-AVA-5.ST,BEAR-OLJA-X5-AVA-5.ST,Stockholm,,,,,16.61,SEK,,,50.0,,,,,,,,,,,,,,,,,,,,,,,,,,,,,,,,,,,,,0.0,50,No sector data — neutral,False
,BEAR-OLJA-X8-AVA-1.ST,BEAR-OLJA-X8-AVA-1.ST,Stockholm,,,,,0.784,SEK,,,50.0,,,,,,,,,,,,,,,,,,,,,,,,,,,,,,,,,,,,,0.0,50,No sector data — neutral,False
,BEAR-OLJA-X9-AVA-1.ST,BEAR-OLJA-X9-AVA-1.ST,Stockholm,,,,,0.215,SEK,,,50.0,,,,,,,,,,,,,,,,,,,,,,,,,,,,,,,,,,,,,0.0,50,No sector data — neutral,False
,BEAR-OLJA-X9-AVA-2.ST,BEAR-OLJA-X9-AVA-2.ST,Stockholm,,,,,4.05,SEK,,,50.0,,,,,,,,,,,,,,,,,,,,,,,,,,,,,,,,,,,,,0.0,50,No sector data — neutral,False
,BEAR-OMX-X8-AVA-14.ST,BEAR-OMX-X8-AVA-14.ST,Stockholm,,,,,3.35,SEK,,,50.0,,,,,,,,,,,,,,,,,,,,,,,,,,,,,,,,,,,,,0.0,50,No sector data — neutral,False
,BEAR-SAAB-X2-AVA-2.ST,BEAR-SAAB-X2-AVA-2.ST,Stockholm,,,,,116.72,SEK,,,50.0,,,,,,,,,,,,,,,,,,,,,,,,,,,,,,,,,,,,,0.0,50,No sector data — neutral,False
,BEAR-SAAB-X5-AVA-7.ST,BEAR-SAAB-X5-AVA-7.ST,Stockholm,,,,,20.18,SEK,,,50.0,,,,,,,,,,,,,,,,,,,,,,,,,,,,,,,,,,,,,0.0,50,No sector data — neutral,False
,BEAR-SAAB-X6-AVA-4.ST,BEAR-SAAB-X6-AVA-4.ST,Stockholm,,,,,0.142,SEK,,,50.0,,,,,,,,,,,,,,,,,,,,,,,,,,,,,,,,,,,,,0.0,50,No sector data — neutral,False
,BEAR-SAAB-X6-AVA-5.ST,BEAR-SAAB-X6-AVA-5.ST,Stockholm,,,,,9.5,SEK,,,50.0,,,,,,,,,,,,,,,,,,,,,,,,,,,,,,,,,,,,,0.0,50,No sector data — neutral,False
,BEAR-SAAB-X8-AVA-6.ST,BEAR-SAAB-X8-AVA-6.ST,Stockholm,,,,,0.357,SEK,,,50.0,,,,,,,,,,,,,,,,,,,,,,,,,,,,,,,,,,,,,0.0,50,No sector data — neutral,False
,BEAR-SAAB-X8-AVA-7.ST,BEAR-SAAB-X8-AVA-7.ST,Stockholm,,,,,23.12,SEK,,,50.0,,,,,,,,,,,,,,,,,,,,,,,,,,,,,,,,,,,,,0.0,50,No sector data — neutral,False
,BEAR-SKHY-X5-AVA-1.ST,BEAR-SKHY-X5-AVA-1.ST,Stockholm,,,,,130.37,,,,50.0,,,,,,,,,,,,,,,,,,,,,,,,,,,,,,,,,,,,,0.0,50,No sector data — neutral,False
,BEAR-SKHY-X6-AVA-1.ST,BEAR-SKHY-X6-AVA-1.ST,Stockholm,,,,,80.09,,,,50.0,,,,,,,,,,,,,,,,,,,,,,,,,,,,,,,,,,,,,0.0,50,No sector data — neutral,False
,BEAR-WTI-X10-AVA-5.ST,BEAR-WTI-X10-AVA-5.ST,Stockholm,,,,,3.66,SEK,,,50.0,,,,,,,,,,,,,,,,,,,,,,,,,,,,,,,,,,,,,0.0,50,No sector data — neutral,False
,BEAR-WTI-X8-AVA-4.ST,BEAR-WTI-X8-AVA-4.ST,Stockholm,,,,,15.07,SEK,,,50.0,,,,,,,,,,,,,,,,,,,,,,,,,,,,,,,,,,,,,0.0,50,No sector data — neutral,False
,BEAR-WTI-X9-AVA-3.ST,BEAR-WTI-X9-AVA-3.ST,Stockholm,,,,,11.7,SEK,,,50.0,,,,,,,,,,,,,,,,,,,,,,,,,,,,,,,,,,,,,0.0,50,No sector data — neutral,False
,BIOF-TO-5.ST,BIOF-TO-5.ST,Stockholm,,,,,0.0182,SEK,,,50.0,,,,,,,,,,,,,,,,,,,,,,,,,,,,,,,,,,,,,0.0,50,No sector data — neutral,False
,BITCOIN-XBT.ST,CoinShares XBT Bitcoin Tracker One ETN,Stockholm,,,,,2600.09,SEK,,,50.0,,,,,,,,,,,,,,,,,,,,,,,,,,,,,,,,,,,-0.50888,905.2058,0.0,50,No sector data — neutral,False
,BITCOIN-XBTE.ST,CoinShares XBT Bitcoin Tracker EUR ETN,Stockholm,,,,,2351.8,EUR,,,50.0,,,,,,,,,,,,,,,,,,,,,,,,,,,,,,,,,,,-0.49996,604.4126,0.0,50,No sector data — neutral,False
,BOL7F-585NDS.ST,BOL7F-585NDS.ST,Stockholm,,,,,6.2,SEK,,,50.0,,,,,,,,,,,,,,,,,,,,,,,,,,,,,,,,,,,,,0.0,50,No sector data — neutral,False
,BONG-TR.ST,Bong AB TR,Stockholm,,,,,0.0152,SEK,,,50.0,,,,,,,,,,,,,,,,,,,,,,,,,,,,,,,,,,,,,0.0,50,No sector data — neutral,False
,BTC-ZERO-EUR.ST,VALOUR BITCOIN ZERO,Stockholm,,,,,55.07,EUR,,,50.0,,,,,,,,,,,,,,,,,,,,,,,,,,,,,,,,,,,-0.45505,,0.0,50,No sector data — neutral,False
,BULL-ADE-X2-AVA-2.ST,BULL-ADE-X2-AVA-2.ST,Stockholm,,,,,8.49,SEK,,,50.0,,,,,,,,,,,,,,,,,,,,,,,,,,,,,,,,,,,,,0.0,50,No sector data — neutral,False
,BULL-AMD-X8-AVA-8.ST,BULL-AMD-X8-AVA-8.ST,Stockholm,,,,,142.8,SEK,,,50.0,,,,,,,,,,,,,,,,,,,,,,,,,,,,,,,,,,,,,0.0,50,No sector data — neutral,False
,BULL-ASTS-X3-AVA-1.ST,BULL-ASTS-X3-AVA-1.ST,Stockholm,,,,,4.03,SEK,,,50.0,,,,,,,,,,,,,,,,,,,,,,,,,,,,,,,,,,,,,0.0,50,No sector data — neutral,False
,BULL-BMNR-X2-AVA-1.ST,BULL-BMNR-X2-AVA-1.ST,Stockholm,,,,,3.12,SEK,,,50.0,,,,,,,,,,,,,,,,,,,,,,,,,,,,,,,,,,,,,0.0,50,No sector data — neutral,False
,BULL-BTC-X2-VALOU.ST,BULL BITCOIN X2 VALOUR,Stockholm,,,,,35.65,SEK,,,50.0,,,,,,,,,,,,,,,,,,,,,,,,,,,,,,,,,,,,,0.0,50,No sector data — neutral,False
,BULL-ETH-X2-VALOU.ST,BULL ETHEREUM X2 VALOUR,Stockholm,,,,,20.34,SEK,,,50.0,,,,,,,,,,,,,,,,,,,,,,,,,,,,,,,,,,,,,0.0,50,No sector data — neutral,False
,BULL-EVO-X10-AVA-7.ST,BULL-EVO-X10-AVA-7.ST,Stockholm,,,,,9.23,SEK,,,50.0,,,,,,,,,,,,,,,,,,,,,,,,,,,,,,,,,,,,,0.0,50,No sector data — neutral,False
,BULL-EVO-X6-AVA-4.ST,BULL-EVO-X6-AVA-4.ST,Stockholm,,,,,25.14,SEK,,,50.0,,,,,,,,,,,,,,,,,,,,,,,,,,,,,,,,,,,,,0.0,50,No sector data — neutral,False
,BULL-GULD-X3-AVA-4.ST,BULL-GULD-X3-AVA-4.ST,Stockholm,,,,,13.57,SEK,,,50.0,,,,,,,,,,,,,,,,,,,,,,,,,,,,,,,,,,,,,0.0,50,No sector data — neutral,False
,BULL-GULD-X3-H.ST,BULL GULD X3 H,Stockholm,,,,,181.0,SEK,,,50.0,,,,,,,,,,,,,,,,,,,,,,,,,,,,,,,,,,,,,0.0,50,No sector data — neutral,False
,BULL-GULD-X5-AVA-4.ST,BULL-GULD-X5-AVA-4.ST,Stockholm,,,,,9.89,SEK,,,50.0,,,,,,,,,,,,,,,,,,,,,,,,,,,,,,,,,,,,,0.0,50,No sector data — neutral,False
,BULL-GULD-X5-AVA-5.ST,BULL-GULD-X5-AVA-5.ST,Stockholm,,,,,17.66,SEK,,,50.0,,,,,,,,,,,,,,,,,,,,,,,,,,,,,,,,,,,,,0.0,50,No sector data — neutral,False
,BULL-GULD-X5-H2.ST,BULL-GULD-X5-H2.ST,Stockholm,,,,,38.61,SEK,,,50.0,,,,,,,,,,,,,,,,,,,,,,,,,,,,,,,,,,,,,0.0,50,No sector data — neutral,False
,BULL-GULD-X8-AVA-3.ST,BULL-GULD-X8-AVA-3.ST,Stockholm,,,,,5.36,SEK,,,50.0,,,,,,,,,,,,,,,,,,,,,,,,,,,,,,,,,,,,,0.0,50,No sector data — neutral,False
,BULL-NIBE-X5-AVA-7.ST,BULL-NIBE-X5-AVA-7.ST,Stockholm,,,,,15.77,SEK,,,50.0,,,,,,,,,,,,,,,,,,,,,,,,,,,,,,,,,,,,,0.0,50,No sector data — neutral,False
,BULL-NIBE-X8-AVA-6.ST,BULL-NIBE-X8-AVA-6.ST,Stockholm,,,,,7.63,SEK,,,50.0,,,,,,,,,,,,,,,,,,,,,,,,,,,,,,,,,,,,,0.0,50,No sector data — neutral,False
,BULL-NOVO-X5-AVA-5.ST,BULL-NOVO-X5-AVA-5.ST,Stockholm,,,,,6.48,SEK,,,50.0,,,,,,,,,,,,,,,,,,,,,,,,,,,,,,,,,,,,,0.0,50,No sector data — neutral,False
,BULL-NOVO-X5-AVA-6.ST,BULL-NOVO-X5-AVA-6.ST,Stockholm,,,,,83.24,SEK,,,50.0,,,,,,,,,,,,,,,,,,,,,,,,,,,,,,,,,,,,,0.0,50,No sector data — neutral,False
,BULL-NOVO-X8-AVA-9.ST,BULL-NOVO-X8-AVA-9.ST,Stockholm,,,,,23.06,SEK,,,50.0,,,,,,,,,,,,,,,,,,,,,,,,,,,,,,,,,,,,,0.0,50,No sector data — neutral,False
,BULL-OLJA-X2-AVA-5.ST,BULL-OLJA-X2-AVA-5.ST,Stockholm,,,,,17.8,SEK,,,50.0,,,,,,,,,,,,,,,,,,,,,,,,,,,,,,,,,,,,,0.0,50,No sector data — neutral,False
,BULL-OLJA-X3-AVA-5.ST,BULL-OLJA-X3-AVA-5.ST,Stockholm,,,,,15.81,SEK,,,50.0,,,,,,,,,,,,,,,,,,,,,,,,,,,,,,,,,,,,,0.0,50,No sector data — neutral,False
,BULL-OLJA-X5-AVA-4.ST,BULL-OLJA-X5-AVA-4.ST,Stockholm,,,,,9.34,SEK,,,50.0,,,,,,,,,,,,,,,,,,,,,,,,,,,,,,,,,,,,,0.0,50,No sector data — neutral,False
,BULL-OLJA-X5-AVA-5.ST,BULL-OLJA-X5-AVA-5.ST,Stockholm,,,,,11.45,SEK,,,50.0,,,,,,,,,,,,,,,,,,,,,,,,,,,,,,,,,,,,,0.0,50,No sector data — neutral,False
,BULL-OLJA-X7-AVA-1.ST,BULL-OLJA-X7-AVA-1.ST,Stockholm,,,,,3.09,SEK,,,50.0,,,,,,,,,,,,,,,,,,,,,,,,,,,,,,,,,,,,,0.0,50,No sector data — neutral,False
,BULL-OLJA-X8-AVA-2.ST,BULL-OLJA-X8-AVA-2.ST,Stockholm,,,,,0.39,SEK,,,50.0,,,,,,,,,,,,,,,,,,,,,,,,,,,,,,,,,,,,,0.0,50,No sector data — neutral,False
,BULL-OLJA-X8-AVA-3.ST,BULL-OLJA-X8-AVA-3.ST,Stockholm,,,,,5.66,SEK,,,50.0,,,,,,,,,,,,,,,,,,,,,,,,,,,,,,,,,,,,,0.0,50,No sector data — neutral,False
,BULL-OLJA-X9-AVA-1.ST,BULL-OLJA-X9-AVA-1.ST,Stockholm,,,,,0.331,SEK,,,50.0,,,,,,,,,,,,,,,,,,,,,,,,,,,,,,,,,,,,,0.0,50,No sector data — neutral,False
,BULL-SAAB-X3-AVA-3.ST,BULL-SAAB-X3-AVA-3.ST,Stockholm,,,,,50.37,SEK,,,50.0,,,,,,,,,,,,,,,,,,,,,,,,,,,,,,,,,,,,,0.0,50,No sector data — neutral,False
,BULL-SBB-X5-NDA-S3.ST,BULL-SBB-X5-NDA-S3.ST,Stockholm,,,,,9.46,SEK,,,50.0,,,,,,,,,,,,,,,,,,,,,,,,,,,,,,,,,,,,,0.0,50,No sector data — neutral,False
,BULL-SKHY-X3-AVA-1.ST,BULL-SKHY-X3-AVA-1.ST,Stockholm,,,,,96.18,SEK,,,50.0,,,,,,,,,,,,,,,,,,,,,,,,,,,,,,,,,,,,,0.0,50,No sector data — neutral,False
,BULL-SKHY-X8-AVA-1.ST,BULL-SKHY-X8-AVA-1.ST,Stockholm,,,,,5.05,SEK,,,50.0,,,,,,,,,,,,,,,,,,,,,,,,,,,,,,,,,,,,,0.0,50,No sector data — neutral,False
,BULL-WTI-X10-AVA-4.ST,BULL-WTI-X10-AVA-4.ST,Stockholm,,,,,1.8,SEK,,,50.0,,,,,,,,,,,,,,,,,,,,,,,,,,,,,,,,,,,,,0.0,50,No sector data — neutral,False
,BULL-WTI-X10-AVA-5.ST,BULL-WTI-X10-AVA-5.ST,Stockholm,,,,,1.09,SEK,,,50.0,,,,,,,,,,,,,,,,,,,,,,,,,,,,,,,,,,,,,0.0,50,No sector data — neutral,False
,BULL-WTI-X10-AVA-6.ST,BULL-WTI-X10-AVA-6.ST,Stockholm,,,,,25.97,SEK,,,50.0,,,,,,,,,,,,,,,,,,,,,,,,,,,,,,,,,,,,,0.0,50,No sector data — neutral,False
,BULL-WTI-X12-AVA-3.ST,BULL WTI X12 AVA 3,Stockholm,,,,,93.52,SEK,,,50.0,,,,,,,,,,,,,,,,,,,,,,,,,,,,,,,,,,,,,0.0,50,No sector data — neutral,False
,BULL-WTI-X15-AVA-1.ST,BULL WTI X15 AVA 1,Stockholm,,,,,113.1,SEK,,,50.0,,,,,,,,,,,,,,,,,,,,,,,,,,,,,,,,,,,,,0.0,50,No sector data — neutral,False
,BULL-WTI-X5-AVA-4.ST,BULL-WTI-X5-AVA-4.ST,Stockholm,,,,,10.16,SEK,,,50.0,,,,,,,,,,,,,,,,,,,,,,,,,,,,,,,,,,,,,0.0,50,No sector data — neutral,False
,CLEMO-UR.ST,Clean Motion AB UR,Stockholm,,,,,0.001,SEK,,,50.0,,,,,,,,,,,,,,,,,,,,,,,,,,,,,,,,,,,,,0.0,50,No sector data — neutral,False
,CYCLE.ST,Cyclezyme AB,Stockholm,,,,,26.2,SEK,,,50.0,,,,,,,,,,,,,,,,,,,,,,,,,,,,,,,,,,,0.44974,16.30496,0.0,50,No sector data — neutral,False
,DICOT-TO7.ST,DICOT-TO7.ST,Stockholm,,,,,0.053,SEK,,,50.0,,,,,,,,,,,,,,,,,,,,,,,,,,,,,,,,,,,,,0.0,50,No sector data — neutral,False
,ELU6H-30SHBX.ST,ELU6H-30SHBX.ST,Stockholm,,,,,0.07,SEK,,,50.0,,,,,,,,,,,,,,,,,,,,,,,,,,,,,,,,,,,,,0.0,50,No sector data — neutral,False
,ELU6L-30SHBX.ST,ELU6L-30SHBX.ST,Stockholm,,,,,0.37,SEK,,,50.0,,,,,,,,,,,,,,,,,,,,,,,,,,,,,,,,,,,,,0.0,50,No sector data — neutral,False
,ETHEREUM-XBT.ST,CoinShares XBT Ether Tracker One ETN,Stockholm,,,,,138.0,SEK,,,50.0,,,,,,,,,,,,,,,,,,,,,,,,,,,,,,,,,,,-0.585,458.03663,0.0,50,No sector data — neutral,False
,EVO7F-675NDS.ST,EVO7F-675NDS.ST,Stockholm,,,,,5.7,SEK,,,50.0,,,,,,,,,,,,,,,,,,,,,,,,,,,,,,,,,,,,,0.0,50,No sector data — neutral,False
,EXPRS2-TO-13.ST,EXPRS2-TO-13.ST,Stockholm,,,,,0.1,SEK,,,50.0,,,,,,,,,,,,,,,,,,,,,,,,,,,,,,,,,,,,,0.0,50,No sector data — neutral,False
,HEX6J-80SHBX.ST,HEX6J-80SHBX.ST,Stockholm,,,,,0.81,SEK,,,50.0,,,,,,,,,,,,,,,,,,,,,,,,,,,,,,,,,,,,,0.0,50,No sector data — neutral,False
,HEX6K-90SHB.ST,HEX6K-90SHB.ST,Stockholm,,,,,0.41,SEK,,,50.0,,,,,,,,,,,,,,,,,,,,,,,,,,,,,,,,,,,,,0.0,50,No sector data — neutral,False
,ISOFOL-TO2.ST,ISOFOL-TO2.ST,Stockholm,,,,,0.19,SEK,,,50.0,,,,,,,,,,,,,,,,,,,,,,,,,,,,,,,,,,,,,0.0,50,No sector data — neutral,False
,MFLNASNNSE1.ST,MFLNASNNSE1.ST,Stockholm,,,,,616.31,SEK,,,50.0,,,,,,,,,,,,,,,,,,,,,,,,,,,,,,,,,,,,,0.0,50,No sector data — neutral,False
,MINI-L-ABB-AVA-17.ST,MINI-L-ABB-AVA-17.ST,Stockholm,,,,,324.7,SEK,,,50.0,,,,,,,,,,,,,,,,,,,,,,,,,,,,,,,,,,,,,0.0,50,No sector data — neutral,False
,MINI-L-AMD-AVA-100.ST,MINI-L-AMD-AVA-100.ST,Stockholm,,,,,3545.67,SEK,,,50.0,,,,,,,,,,,,,,,,,,,,,,,,,,,,,,,,,,,,,0.0,50,No sector data — neutral,False
,MINI-L-AMD-AVA-105.ST,MINI-L-AMD-AVA-105.ST,Stockholm,,,,,2603.65,SEK,,,50.0,,,,,,,,,,,,,,,,,,,,,,,,,,,,,,,,,,,,,0.0,50,No sector data — neutral,False
,MINI-L-AMD-AVA-108.ST,MINI-L-AMD-AVA-108.ST,Stockholm,,,,,1269.62,SEK,,,50.0,,,,,,,,,,,,,,,,,,,,,,,,,,,,,,,,,,,,,0.0,50,No sector data — neutral,False
,MINI-L-AMD-AVA-110.ST,MINI-L-AMD-AVA-110.ST,Stockholm,,,,,1003.53,SEK,,,50.0,,,,,,,,,,,,,,,,,,,,,,,,,,,,,,,,,,,,,0.0,50,No sector data — neutral,False
,MINI-L-AMD-AVA-111.ST,MINI-L-AMD-AVA-111.ST,Stockholm,,,,,405.35,SEK,,,50.0,,,,,,,,,,,,,,,,,,,,,,,,,,,,,,,,,,,,,0.0,50,No sector data — neutral,False
,MINI-L-AMD-AVA-89.ST,MINI-L-AMD-AVA-89.ST,Stockholm,,,,,4353.6,SEK,,,50.0,,,,,,,,,,,,,,,,,,,,,,,,,,,,,,,,,,,,,0.0,50,No sector data — neutral,False
,MINI-L-AMD-AVA-94.ST,MINI-L-AMD-AVA-94.ST,Stockholm,,,,,3248.24,SEK,,,50.0,,,,,,,,,,,,,,,,,,,,,,,,,,,,,,,,,,,,,0.0,50,No sector data — neutral,False
,MINI-L-ARJO-AVA-11.ST,MINI-L-ARJO-AVA-11.ST,Stockholm,,,,,6.77,SEK,,,50.0,,,,,,,,,,,,,,,,,,,,,,,,,,,,,,,,,,,,,0.0,50,No sector data — neutral,False
,MINI-L-ARJO-AVA-12.ST,MINI-L-ARJO-AVA-12.ST,Stockholm,,,,,10.62,SEK,,,50.0,,,,,,,,,,,,,,,,,,,,,,,,,,,,,,,,,,,,,0.0,50,No sector data — neutral,False
,MINI-L-ASTS-AVA-8.ST,MINI-L-ASTS-AVA-8.ST,Stockholm,,,,,33.58,SEK,,,50.0,,,,,,,,,,,,,,,,,,,,,,,,,,,,,,,,,,,,,0.0,50,No sector data — neutral,False
,MINI-L-ASTS-AVA-9.ST,MINI-L-ASTS-AVA-9.ST,Stockholm,,,,,24.98,SEK,,,50.0,,,,,,,,,,,,,,,,,,,,,,,,,,,,,,,,,,,,,0.0,50,No sector data — neutral,False
,MINI-L-EVO-AVA-101.ST,MINI-L-EVO-AVA-101.ST,Stockholm,,,,,120.04,SEK,,,50.0,,,,,,,,,,,,,,,,,,,,,,,,,,,,,,,,,,,,,0.0,50,No sector data — neutral,False
,MINI-L-IPCO-AVA-43.ST,MINI-L-IPCO-AVA-43.ST,Stockholm,,,,,29.55,SEK,,,50.0,,,,,,,,,,,,,,,,,,,,,,,,,,,,,,,,,,,,,0.0,50,No sector data — neutral,False
,MINI-L-LIME-AVA-9.ST,MINI-L-LIME-AVA-9.ST,Stockholm,,,,,107.03,SEK,,,50.0,,,,,,,,,,,,,,,,,,,,,,,,,,,,,,,,,,,,,0.0,50,No sector data — neutral,False
,MINI-L-LLY-AVA-08.ST,MINI-L-LLY-AVA-08.ST,Stockholm,,,,,42.14,SEK,,,50.0,,,,,,,,,,,,,,,,,,,,,,,,,,,,,,,,,,,,,0.0,50,No sector data — neutral,False
,MINI-L-MTRS-AVA-17.ST,MINI-L-MTRS-AVA-17.ST,Stockholm,,,,,53.23,SEK,,,50.0,,,,,,,,,,,,,,,,,,,,,,,,,,,,,,,,,,,,,0.0,50,No sector data — neutral,False
,MINI-L-NIBE-AVA-32.ST,MINI-L-NIBE-AVA-32.ST,Stockholm,,,,,17.2,SEK,,,50.0,,,,,,,,,,,,,,,,,,,,,,,,,,,,,,,,,,,,,0.0,50,No sector data — neutral,False
,MINI-L-NIKE-AVA-8.ST,MINI-L-NIKE-AVA-8.ST,Stockholm,,,,,13.87,SEK,,,50.0,,,,,,,,,,,,,,,,,,,,,,,,,,,,,,,,,,,,,0.0,50,No sector data — neutral,False
,MINI-L-NOVO-AVA-37.ST,MINI-L-NOVO-AVA-37.ST,Stockholm,,,,,197.59,SEK,,,50.0,,,,,,,,,,,,,,,,,,,,,,,,,,,,,,,,,,,,,0.0,50,No sector data — neutral,False
,MINI-L-NOVO-AVA-38.ST,MINI-L-NOVO-AVA-38.ST,Stockholm,,,,,119.53,SEK,,,50.0,,,,,,,,,,,,,,,,,,,,,,,,,,,,,,,,,,,,,0.0,50,No sector data — neutral,False
,MINI-L-OKLO-AVA-2.ST,MINI-L-OKLO-AVA-2.ST,Stockholm,,,,,9.92,SEK,,,50.0,,,,,,,,,,,,,,,,,,,,,,,,,,,,,,,,,,,,,0.0,50,No sector data — neutral,False
,MINI-L-OKLO-AVA-3.ST,MINI-L-OKLO-AVA-3.ST,Stockholm,,,,,4.19,SEK,,,50.0,,,,,,,,,,,,,,,,,,,,,,,,,,,,,,,,,,,,,0.0,50,No sector data — neutral,False
,MINI-L-ORCL-AVA-2.ST,MINI-L-ORCL-AVA-2.ST,Stockholm,,,,,10.29,SEK,,,50.0,,,,,,,,,,,,,,,,,,,,,,,,,,,,,,,,,,,,,0.0,50,No sector data — neutral,False
,MINI-L-RKLB-AVA-15.ST,MINI-L-RKLB-AVA-15.ST,Stockholm,,,,,33.28,SEK,,,50.0,,,,,,,,,,,,,,,,,,,,,,,,,,,,,,,,,,,,,0.0,50,No sector data — neutral,False
,MINI-L-RKLB-AVA-21.ST,MINI-L-RKLB-AVA-21.ST,Stockholm,,,,,24.47,SEK,,,50.0,,,,,,,,,,,,,,,,,,,,,,,,,,,,,,,,,,,,,0.0,50,No sector data — neutral,False
,MINI-L-RKLB-AVA-27.ST,MINI-L-RKLB-AVA-27.ST,Stockholm,,,,,13.6,SEK,,,50.0,,,,,,,,,,,,,,,,,,,,,,,,,,,,,,,,,,,,,0.0,50,No sector data — neutral,False
,MINI-L-SAAB-AVA-46.ST,MINI-L-SAAB-AVA-46.ST,Stockholm,,,,,128.75,SEK,,,50.0,,,,,,,,,,,,,,,,,,,,,,,,,,,,,,,,,,,,,0.0,50,No sector data — neutral,False
,MINI-L-SBB-AVA-88.ST,MINI-L-SBB-AVA-88.ST,Stockholm,,,,,0.682,SEK,,,50.0,,,,,,,,,,,,,,,,,,,,,,,,,,,,,,,,,,,,,0.0,50,No sector data — neutral,False
,MINI-L-SKF-AVA-51.ST,MINI-L-SKF-AVA-51.ST,Stockholm,,,,,73.27,SEK,,,50.0,,,,,,,,,,,,,,,,,,,,,,,,,,,,,,,,,,,,,0.0,50,No sector data — neutral,False
,MINI-L-SKHY-AVA-5.ST,MINI-L-SKHY-AVA-5.ST,Stockholm,,,,,55.81,SEK,,,50.0,,,,,,,,,,,,,,,,,,,,,,,,,,,,,,,,,,,,,0.0,50,No sector data — neutral,False
,MINI-L-SMCI-AVA-21.ST,MINI-L-SMCI-AVA-21.ST,Stockholm,,,,,11.24,SEK,,,50.0,,,,,,,,,,,,,,,,,,,,,,,,,,,,,,,,,,,,,0.0,50,No sector data — neutral,False
,MINI-L-SNAP-AVA-58.ST,MINI-L-SNAP-AVA-58.ST,Stockholm,,,,,19.2,SEK,,,50.0,,,,,,,,,,,,,,,,,,,,,,,,,,,,,,,,,,,,,0.0,50,No sector data — neutral,False
,MINI-L-SNDK-AVA-2.ST,MINI-L-SNDK-AVA-2.ST,Stockholm,,,,,896.53,SEK,,,50.0,,,,,,,,,,,,,,,,,,,,,,,,,,,,,,,,,,,,,0.0,50,No sector data — neutral,False
,MINI-L-SNDK-AVA-6.ST,MINI-L-SNDK-AVA-6.ST,Stockholm,,,,,507.8,SEK,,,50.0,,,,,,,,,,,,,,,,,,,,,,,,,,,,,,,,,,,,,0.0,50,No sector data — neutral,False
,MINI-L-SNDK-AVA-7.ST,MINI-L-SNDK-AVA-7.ST,Stockholm,,,,,216.66,SEK,,,50.0,,,,,,,,,,,,,,,,,,,,,,,,,,,,,,,,,,,,,0.0,50,No sector data — neutral,False
,MINI-L-UNH-AVA-07.ST,MINI-L-UNH-AVA-07.ST,Stockholm,,,,,31.9,SEK,,,50.0,,,,,,,,,,,,,,,,,,,,,,,,,,,,,,,,,,,,,0.0,50,No sector data — neutral,False
,MINI-L-UNH-AVA-11.ST,MINI-L-UNH-AVA-11.ST,Stockholm,,,,,21.46,SEK,,,50.0,,,,,,,,,,,,,,,,,,,,,,,,,,,,,,,,,,,,,0.0,50,No sector data — neutral,False
,MINI-L-WTI-AVA-116.ST,MINI-L-WTI-AVA-116.ST,Stockholm,,,,,203.98,SEK,,,50.0,,,,,,,,,,,,,,,,,,,,,,,,,,,,,,,,,,,,,0.0,50,No sector data — neutral,False
,MINI-S-AVGO-AVA-12.ST,MINI-S-AVGO-AVA-12.ST,Stockholm,,,,,18.44,SEK,,,50.0,,,,,,,,,,,,,,,,,,,,,,,,,,,,,,,,,,,,,0.0,50,No sector data — neutral,False
,MINI-S-DAX-AVA-912.ST,MINI-S-DAX-AVA-912.ST,Stockholm,,,,,23.0,SEK,,,50.0,,,,,,,,,,,,,,,,,,,,,,,,,,,,,,,,,,,,,0.0,50,No sector data — neutral,False
,MINI-S-DAX-AVA-914.ST,MINI-S-DAX-AVA-914.ST,Stockholm,,,,,27.26,SEK,,,50.0,,,,,,,,,,,,,,,,,,,,,,,,,,,,,,,,,,,,,0.0,50,No sector data — neutral,False
,MINI-S-DAX-AVA-916.ST,MINI-S-DAX-AVA-916.ST,Stockholm,,,,,25.83,SEK,,,50.0,,,,,,,,,,,,,,,,,,,,,,,,,,,,,,,,,,,,,0.0,50,No sector data — neutral,False
,MINI-S-DAX-AVA-950.ST,MINI-S-DAX-AVA-950.ST,Stockholm,,,,,33.05,SEK,,,50.0,,,,,,,,,,,,,,,,,,,,,,,,,,,,,,,,,,,,,0.0,50,No sector data — neutral,False
,MINI-S-DAX-AVA-992.ST,MINI-S-DAX-AVA-992.ST,Stockholm,,,,,82.73,SEK,,,50.0,,,,,,,,,,,,,,,,,,,,,,,,,,,,,,,,,,,,,0.0,50,No sector data — neutral,False
,MINI-S-HTRO-AVA-39.ST,MINI-S-HTRO-AVA-39.ST,Stockholm,,,,,15.82,SEK,,,50.0,,,,,,,,,,,,,,,,,,,,,,,,,,,,,,,,,,,,,0.0,50,No sector data — neutral,False
,MINI-S-SAAB-AVA-60.ST,MINI-S-SAAB-AVA-60.ST,Stockholm,,,,,281.17,SEK,,,50.0,,,,,,,,,,,,,,,,,,,,,,,,,,,,,,,,,,,,,0.0,50,No sector data — neutral,False
,MINI-S-SAAB-AVA-61.ST,MINI-S-SAAB-AVA-61.ST,Stockholm,,,,,437.5,SEK,,,50.0,,,,,,,,,,,,,,,,,,,,,,,,,,,,,,,,,,,,,0.0,50,No sector data — neutral,False
,MINI-S-SNDK-AVA-16.ST,MINI-S-SNDK-AVA-16.ST,Stockholm,,,,,970.98,SEK,,,50.0,,,,,,,,,,,,,,,,,,,,,,,,,,,,,,,,,,,,,0.0,50,No sector data — neutral,False
,MINI-S-WTI-AVA-130.ST,MINI-S-WTI-AVA-130.ST,Stockholm,,,,,94.47,SEK,,,50.0,,,,,,,,,,,,,,,,,,,,,,,,,,,,,,,,,,,,,0.0,50,No sector data — neutral,False
,MODTX-TO3.ST,MODTX-TO3.ST,Stockholm,,,,,0.21,SEK,,,50.0,,,,,,,,,,,,,,,,,,,,,,,,,,,,,,,,,,,,,0.0,50,No sector data — neutral,False
,NOKS7F-66NDS.ST,NOKS7F-66NDS.ST,Stockholm,,,,,4.44,SEK,,,50.0,,,,,,,,,,,,,,,,,,,,,,,,,,,,,,,,,,,,,0.0,50,No sector data — neutral,False
,PEXA-TR-B.ST,PExA AB TR B,Stockholm,,,,,0.041,SEK,,,50.0,,,,,,,,,,,,,,,,,,,,,,,,,,,,,,,,,,,,,0.0,50,No sector data — neutral,False
,PROGEN-UR.ST,Prostatype Genomics AB UR,Stockholm,,,,,0.007,SEK,,,50.0,,,,,,,,,,,,,,,,,,,,,,,,,,,,,,,,,,,,,0.0,50,No sector data — neutral,False
,PVRTO1-B.ST,PublicVC RTO1 AB B,Stockholm,,,,,13.2,SEK,,,50.0,,,,,,,,,,,,,,,,,,,,,,,,,,,,,,,,,,,,,0.0,50,No sector data — neutral,False
,REALFI-TO2.ST,REALFI-TO2.ST,Stockholm,,,,,0.85,SEK,,,50.0,,,,,,,,,,,,,,,,,,,,,,,,,,,,,,,,,,,,,0.0,50,No sector data — neutral,False
,SES-TO-5.ST,SES-TO-5.ST,Stockholm,,,,,0.0594,SEK,,,50.0,,,,,,,,,,,,,,,,,,,,,,,,,,,,,,,,,,,,,0.0,50,No sector data — neutral,False
,SKF7F-259NDS.ST,SKF7F-259NDS.ST,Stockholm,,,,,2.6,SEK,,,50.0,,,,,,,,,,,,,,,,,,,,,,,,,,,,,,,,,,,,,0.0,50,No sector data — neutral,False
,SPEONE-UR.ST,SpectrumOne AB UR,Stockholm,,,,,0.0034,SEK,,,50.0,,,,,,,,,,,,,,,,,,,,,,,,,,,,,,,,,,,,,0.0,50,No sector data — neutral,False
,SSAB7F-77NDS.ST,SSAB7F-77NDS.ST,Stockholm,,,,,2.93,SEK,,,50.0,,,,,,,,,,,,,,,,,,,,,,,,,,,,,,,,,,,,,0.0,50,No sector data — neutral,False
,SUBGEN-TO-6.ST,Subgen AI AB,Stockholm,,,,,0.0006,SEK,,,50.0,,,,,,,,,,,,,,,,,,,,,,,,,,,,,,,,,,,,,0.0,50,No sector data — neutral,True
,SWE7O-263NDSX.ST,SWE7O-263NDSX.ST,Stockholm,,,,,0.4,SEK,,,50.0,,,,,,,,,,,,,,,,,,,,,,,,,,,,,,,,,,,,,0.0,50,No sector data — neutral,False
,TURBO-L-EVO-AVA-99.ST,TURBO-L-EVO-AVA-99.ST,Stockholm,,,,,135.68,SEK,,,50.0,,,,,,,,,,,,,,,,,,,,,,,,,,,,,,,,,,,,,0.0,50,No sector data — neutral,False
,VALOUR-AAVE-SEK.ST,VALOUR AAVE (AAVE) SEK,Stockholm,,,,,0.851,SEK,,,50.0,,,,,,,,,,,,,,,,,,,,,,,,,,,,,,,,,,,,,0.0,50,No sector data — neutral,False
,VALOUR-ADA-SEK.ST,Valour Cardano (ADA) SEK,Stockholm,,,,,1.36,SEK,,,50.0,,,,,,,,,,,,,,,,,,,,,,,,,,,,,,,,,,,,,0.0,50,No sector data — neutral,False
,VALOUR-AERO-SEK.ST,VALOUR AERODROME (AERO) SEK,Stockholm,,,,,0.457,SEK,,,50.0,,,,,,,,,,,,,,,,,,,,,,,,,,,,,,,,,,,,,0.0,50,No sector data — neutral,False
,VALOUR-AKT-SEK.ST,VALOUR AKASH (AKT) SEK,Stockholm,,,,,0.502,SEK,,,50.0,,,,,,,,,,,,,,,,,,,,,,,,,,,,,,,,,,,,,0.0,50,No sector data — neutral,False
,VALOUR-APTO-SEK.ST,VALOUR APTOS (APT) SEK,Stockholm,,,,,0.558,SEK,,,50.0,,,,,,,,,,,,,,,,,,,,,,,,,,,,,,,,,,,,,0.0,50,No sector data — neutral,False
,VALOUR-AR-SEK.ST,VALOUR ARWEAVE (AR) SEK,Stockholm,,,,,0.183,SEK,,,50.0,,,,,,,,,,,,,,,,,,,,,,,,,,,,,,,,,,,,,0.0,50,No sector data — neutral,False
,VALOUR-ASI-SEK.ST,VALOUR ASI (FET) SEK,Stockholm,,,,,0.149,SEK,,,50.0,,,,,,,,,,,,,,,,,,,,,,,,,,,,,,,,,,,,,0.0,50,No sector data — neutral,False
,VALOUR-AVAX-SEK.ST,Valour Avalanche (AVAX) SEK,Stockholm,,,,,0.568,SEK,,,50.0,,,,,,,,,,,,,,,,,,,,,,,,,,,,,,,,,,,,,0.0,50,No sector data — neutral,False
,VALOUR-BNB-SEK.ST,Valour Binance (BNB) SEK,Stockholm,,,,,5.15,SEK,,,50.0,,,,,,,,,,,,,,,,,,,,,,,,,,,,,,,,,,,,,0.0,50,No sector data — neutral,False
,VALOUR-BTC-0-SEK.ST,Valour Bitcoin (BTC) Zero SEK,Stockholm,,,,,60.82,SEK,,,50.0,,,,,,,,,,,,,,,,,,,,,,,,,,,,,,,,,,,,,0.0,50,No sector data — neutral,False
,VALOUR-BTCST-SEK.ST,Valour Bitcoin Staking (BTC) SE,Stockholm,,,,,66.07,SEK,,,50.0,,,,,,,,,,,,,,,,,,,,,,,,,,,,,,,,,,,,,0.0,50,No sector data — neutral,False
,VALOUR-CORE-SEK.ST,VALOUR CORE (CORE) SEK,Stockholm,,,,,0.227,SEK,,,50.0,,,,,,,,,,,,,,,,,,,,,,,,,,,,,,,,,,,,,0.0,50,No sector data — neutral,False
,VALOUR-DAB10-EUR.ST,VALOUR DIGI ASSET BASKET10 (VDA,Stockholm,,,,,194.43,EUR,,,50.0,,,,,,,,,,,,,,,,,,,,,,,,,,,,,,,,,,,,,0.0,50,No sector data — neutral,False
,VALOUR-DAB10-SEK.ST,VALOUR DIGI ASSET BASKET10 (VDA,Stockholm,,,,,158.48,SEK,,,50.0,,,,,,,,,,,,,,,,,,,,,,,,,,,,,,,,,,,,,0.0,50,No sector data — neutral,True
,VALOUR-DOGE-SEK.ST,VALOUR DOGECOIN (DOGE) SEK,Stockholm,,,,,67.61,SEK,,,50.0,,,,,,,,,,,,,,,,,,,,,,,,,,,,,,,,,,,,,0.0,50,No sector data — neutral,False
,VALOUR-DOT-SEK.ST,Valour Polkadot (DOT) SEK,Stockholm,,,,,0.711,SEK,,,50.0,,,,,,,,,,,,,,,,,,,,,,,,,,,,,,,,,,,,,0.0,50,No sector data — neutral,False
,VALOUR-ENA-SEK.ST,VALOUR ETHENA (ENA) SEK,Stockholm,,,,,7.62,SEK,,,50.0,,,,,,,,,,,,,,,,,,,,,,,,,,,,,,,,,,,,,0.0,50,No sector data — neutral,False
,VALOUR-ETH-0-SEK.ST,Valour Ethereum (ETH) Zero SEK,Stockholm,,,,,17.61,SEK,,,50.0,,,,,,,,,,,,,,,,,,,,,,,,,,,,,,,,,,,,,0.0,50,No sector data — neutral,False
,VALOUR-GRAM-SEK.ST,Valour Gram (GRAM) SEK,Stockholm,,,,,1.4,SEK,,,50.0,,,,,,,,,,,,,,,,,,,,,,,,,,,,,,,,,,,,,0.0,50,No sector data — neutral,False
,VALOUR-HBAR-SEK.ST,VALOUR HEDERA (HBAR) SEK,Stockholm,,,,,6.06,SEK,,,50.0,,,,,,,,,,,,,,,,,,,,,,,,,,,,,,,,,,,,,0.0,50,No sector data — neutral,False
,VALOUR-ICP-SEK.ST,Valour Internet Computer (ICP) ,Stockholm,,,,,0.197,SEK,,,50.0,,,,,,,,,,,,,,,,,,,,,,,,,,,,,,,,,,,,,0.0,50,No sector data — neutral,False
,VALOUR-INJ-SEK.ST,VALOUR INJECTIVE (INJ) SEK,Stockholm,,,,,0.475,SEK,,,50.0,,,,,,,,,,,,,,,,,,,,,,,,,,,,,,,,,,,,,0.0,50,No sector data — neutral,False
,VALOUR-JUP-SEK.ST,VALOUR JUPITER (JUP) SEK,Stockholm,,,,,0.183,SEK,,,50.0,,,,,,,,,,,,,,,,,,,,,,,,,,,,,,,,,,,,,0.0,50,No sector data — neutral,False
,VALOUR-KAS-SEK.ST,VALOUR KASPA (KAS) SEK,Stockholm,,,,,0.258,SEK,,,50.0,,,,,,,,,,,,,,,,,,,,,,,,,,,,,,,,,,,,,0.0,50,No sector data — neutral,False
,VALOUR-LDO-SEK.ST,VALOUR LIDO DAO (LDO) SEK,Stockholm,,,,,0.346,SEK,,,50.0,,,,,,,,,,,,,,,,,,,,,,,,,,,,,,,,,,,,,0.0,50,No sector data — neutral,False
,VALOUR-LINK-SEK.ST,Valour Chainlink (LINK) SEK,Stockholm,,,,,0.743,SEK,,,50.0,,,,,,,,,,,,,,,,,,,,,,,,,,,,,,,,,,,,,0.0,50,No sector data — neutral,False
,VALOUR-MNT-SEK.ST,VALOUR MANTLE (MNT) SEK,Stockholm,,,,,40.2,SEK,,,50.0,,,,,,,,,,,,,,,,,,,,,,,,,,,,,,,,,,,,,0.0,50,No sector data — neutral,False
,VALOUR-NEAR-SEK.ST,VALOUR NEAR SEK,Stockholm,,,,,1.76,SEK,,,50.0,,,,,,,,,,,,,,,,,,,,,,,,,,,,,,,,,,,,,0.0,50,No sector data — neutral,False
,VALOUR-OKB-SEK.ST,VALOUR OKB (OKB) SEK,Stockholm,,,,,75.62,SEK,,,50.0,,,,,,,,,,,,,,,,,,,,,,,,,,,,,,,,,,,,,0.0,50,No sector data — neutral,False
,VALOUR-ONDO-SEK.ST,VALOUR ONDO (ONDO) SEK,Stockholm,,,,,17.74,SEK,,,50.0,,,,,,,,,,,,,,,,,,,,,,,,,,,,,,,,,,,,,0.0,50,No sector data — neutral,False
,VALOUR-PI-SEK.ST,VALOUR PI (PI) SEK,Stockholm,,,,,7.9,SEK,,,50.0,,,,,,,,,,,,,,,,,,,,,,,,,,,,,,,,,,,,,0.0,50,No sector data — neutral,False
,VALOUR-PNDL-SEK.ST,VALOUR PENDLE (PENDLE) SEK,Stockholm,,,,,1.42,SEK,,,50.0,,,,,,,,,,,,,,,,,,,,,,,,,,,,,,,,,,,,,0.0,50,No sector data — neutral,False
,VALOUR-PYTH-SEK.ST,VALOUR PYTH NETWORK (PYTH) SEK,Stockholm,,,,,0.469,SEK,,,50.0,,,,,,,,,,,,,,,,,,,,,,,,,,,,,,,,,,,,,0.0,50,No sector data — neutral,False
,VALOUR-RNDR-SEK.ST,VALOUR RENDER (RENDER) SEK,Stockholm,,,,,1.38,SEK,,,50.0,,,,,,,,,,,,,,,,,,,,,,,,,,,,,,,,,,,,,0.0,50,No sector data — neutral,False
,VALOUR-RUNE-SEK.ST,VALOUR THORCHAIN (RUNE) SEK,Stockholm,,,,,0.391,SEK,,,50.0,,,,,,,,,,,,,,,,,,,,,,,,,,,,,,,,,,,,,0.0,50,No sector data — neutral,False
,VALOUR-S-SEK.ST,Valour Sonic (S) SEK,Stockholm,,,,,0.238,SEK,,,50.0,,,,,,,,,,,,,,,,,,,,,,,,,,,,,,,,,,,,,0.0,50,No sector data — neutral,False
,VALOUR-SEI-SEK.ST,VALOUR SEI (SEI) SEK,Stockholm,,,,,0.442,SEK,,,50.0,,,,,,,,,,,,,,,,,,,,,,,,,,,,,,,,,,,,,0.0,50,No sector data — neutral,False
,VALOUR-SHBTC-SEK.ST,Valour Short Bitcoin (SBTC) SEK,Stockholm,,,,,32.5,SEK,,,50.0,,,,,,,,,,,,,,,,,,,,,,,,,,,,,,,,,,,,,0.0,50,No sector data — neutral,False
,VALOUR-SHIB-SEK.ST,VALOUR SHIBA INU (SHIB) SEK,Stockholm,,,,,3.9,SEK,,,50.0,,,,,,,,,,,,,,,,,,,,,,,,,,,,,,,,,,,,,0.0,50,No sector data — neutral,False
,VALOUR-SKY-SKY-SEK.ST,VALOUR SKY (SKY) SEK,Stockholm,,,,,28.62,SEK,,,50.0,,,,,,,,,,,,,,,,,,,,,,,,,,,,,,,,,,,,,0.0,50,No sector data — neutral,False
,VALOUR-SOL-EUR.ST,VALOUR SOLANA (SOL) EUR,Stockholm,,,,,5.84,EUR,,,50.0,,,,,,,,,,,,,,,,,,,,,,,,,,,,,,,,,,,,,0.0,50,No sector data — neutral,False
,VALOUR-SOL-SEK.ST,Valour Solana (SOL) SEK,Stockholm,,,,,6.15,SEK,,,50.0,,,,,,,,,,,,,,,,,,,,,,,,,,,,,,,,,,,,,0.0,50,No sector data — neutral,False
,VALOUR-STRK-SEK.ST,VALOUR STARKNET (STRK) SEK,Stockholm,,,,,0.262,SEK,,,50.0,,,,,,,,,,,,,,,,,,,,,,,,,,,,,,,,,,,,,0.0,50,No sector data — neutral,False
,VALOUR-SUI-SEK.ST,VALOUR SUI (SUI) SEK,Stockholm,,,,,6.81,SEK,,,50.0,,,,,,,,,,,,,,,,,,,,,,,,,,,,,,,,,,,,,0.0,50,No sector data — neutral,False
,VALOUR-TAO-SEK.ST,VALOUR BITTENSOR (TAO) SEK,Stockholm,,,,,1.8,SEK,,,50.0,,,,,,,,,,,,,,,,,,,,,,,,,,,,,,,,,,,,,0.0,50,No sector data — neutral,False
,VALOUR-TIA-SEK.ST,VALOUR CELESTIA (TIA) SEK,Stockholm,,,,,3.82,SEK,,,50.0,,,,,,,,,,,,,,,,,,,,,,,,,,,,,,,,,,,,,0.0,50,No sector data — neutral,False
,VALOUR-UNI-SEK.ST,Valour Uniswap (UNI) SEK,Stockholm,,,,,3.01,SEK,,,50.0,,,,,,,,,,,,,,,,,,,,,,,,,,,,,,,,,,,,,0.0,50,No sector data — neutral,False
,VALOUR-VET-SEK.ST,VALOUR VECHAIN (VET) SEK,Stockholm,,,,,4.63,SEK,,,50.0,,,,,,,,,,,,,,,,,,,,,,,,,,,,,,,,,,,,,0.0,50,No sector data — neutral,False
,VALOUR-W-SEK.ST,VALOUR WORMHOLE (W) SEK,Stockholm,,,,,0.09,SEK,,,50.0,,,,,,,,,,,,,,,,,,,,,,,,,,,,,,,,,,,,,0.0,50,No sector data — neutral,False
,VALOUR-WLD-SEK.ST,VALOUR WORLDCOIN (WLD) SEK,Stockholm,,,,,0.356,SEK,,,50.0,,,,,,,,,,,,,,,,,,,,,,,,,,,,,,,,,,,,,0.0,50,No sector data — neutral,False
,VALOUR-XRP-SEK.ST,Valour Ripple (XRP) SEK,Stockholm,,,,,9.88,SEK,,,50.0,,,,,,,,,,,,,,,,,,,,,,,,,,,,,,,,,,,,,0.0,50,No sector data — neutral,False
,VOL6I-320SHBX.ST,VOL6I-320SHBX.ST,Stockholm,,,,,3.02,SEK,,,50.0,,,,,,,,,,,,,,,,,,,,,,,,,,,,,,,,,,,,,0.0,50,No sector data — neutral,False
,VOL6L-325SHBX.ST,VOL6L-325SHBX.ST,Stockholm,,,,,3.87,SEK,,,50.0,,,,,,,,,,,,,,,,,,,,,,,,,,,,,,,,,,,,,0.0,50,No sector data — neutral,False
,VOL7F-347NDSX.ST,VOL7F-347NDSX.ST,Stockholm,,,,,3.45,SEK,,,50.0,,,,,,,,,,,,,,,,,,,,,,,,,,,,,,,,,,,,,0.0,50,No sector data — neutral,False
,WBGR-TO-1-B.ST,WBGR-TO-1-B.ST,Stockholm,,,,,0.248,SEK,,,50.0,,,,,,,,,,,,,,,,,,,,,,,,,,,,,,,,,,,,,0.0,50,No sector data — neutral,False
